mlbam_id,season,game_pk,game_date,woba_num,woba_denom,woba,game_num
474832,2021,634625,2021-04-01,1.6,5.0,0.32,1
474832,2021,634578,2021-04-02,0.7,1.0,0.7,2
474832,2021,634639,2021-04-03,0.0,3.0,0.0,3
474832,2021,634591,2021-04-05,0.0,1.0,0.0,4
474832,2021,634529,2021-04-06,0.0,3.0,0.0,5
474832,2021,634563,2021-04-07,0.0,2.0,0.0,6
474832,2021,634494,2021-04-09,0.9,1.0,0.9,7
474832,2021,632169,2021-04-10,0.0,2.0,0.0,8
474832,2021,632188,2021-04-11,3.4,4.0,0.85,9
474832,2021,634648,2021-04-12,0.0,1.0,0.0,10
474832,2021,634510,2021-04-13,0.0,2.0,0.0,11
474832,2021,634582,2021-04-14,0.9,4.0,0.225,12
474832,2021,634519,2021-04-16,0.7,2.0,0.35,13
474832,2021,634450,2021-04-17,3.25,5.0,0.65,14
474832,2021,634425,2021-04-18,2.85,4.0,0.7125,15
474832,2021,634457,2021-04-19,2.0,4.0,0.5,16
474832,2021,634439,2021-04-20,0.7,5.0,0.13999999999999999,17
474832,2021,634428,2021-04-21,0.0,1.0,0.0,18
474832,2021,634369,2021-04-23,3.0,4.0,0.75,19
474832,2021,634503,2021-04-24,2.15,4.0,0.5375,20
474832,2021,634342,2021-04-25,0.0,4.0,0.0,21
474832,2021,634374,2021-04-26,0.7,5.0,0.13999999999999999,22
474832,2021,634354,2021-04-27,2.9,5.0,0.58,23
474832,2021,634309,2021-04-28,1.6,5.0,0.32,24
474832,2021,634303,2021-04-30,1.4,4.0,0.35,25
474832,2021,634316,2021-05-01,0.9,4.0,0.225,26
474832,2021,634301,2021-05-02,0.0,4.0,0.0,27
474832,2021,634254,2021-05-04,2.7,4.0,0.675,28
474832,2021,634246,2021-05-04,3.8,4.0,0.95,29
474832,2021,634225,2021-05-05,0.7,4.0,0.175,30
474832,2021,634240,2021-05-07,0.0,4.0,0.0,31
474832,2021,634178,2021-05-08,4.3,4.0,1.075,32
474832,2021,634185,2021-05-09,0.7,4.0,0.175,33
474832,2021,634153,2021-05-10,2.7,4.0,0.675,34
474832,2021,634164,2021-05-11,0.9,3.0,0.3,35
474832,2021,634108,2021-05-14,1.6,4.0,0.4,36
474832,2021,634085,2021-05-15,0.0,1.0,0.0,37
474832,2021,634013,2021-05-21,1.25,4.0,0.3125,38
474832,2021,634011,2021-05-22,0.9,4.0,0.225,39
474832,2021,633979,2021-05-25,0.7,4.0,0.175,40
474832,2021,633752,2021-06-08,3.4,5.0,0.6799999999999999,41
474832,2021,633756,2021-06-09,0.7,5.0,0.13999999999999999,42
474832,2021,633746,2021-06-11,0.0,4.0,0.0,43
474832,2021,633698,2021-06-12,1.4,4.0,0.35,44
474832,2021,633745,2021-06-12,0.0,3.0,0.0,45
474832,2021,633710,2021-06-13,0.0,3.0,0.0,46
474832,2021,633734,2021-06-14,3.2,5.0,0.64,47
474832,2021,633679,2021-06-15,4.45,4.0,1.1125,48
474832,2021,633645,2021-06-16,4.3,5.0,0.86,49
474832,2021,633622,2021-06-17,1.8,5.0,0.36,50
474832,2021,633600,2021-06-18,2.0,4.0,0.5,51
474832,2021,633592,2021-06-19,2.7,4.0,0.675,52
474832,2021,633611,2021-06-20,0.9,5.0,0.18,53
474832,2021,633670,2021-06-22,0.9,4.0,0.225,54
474832,2021,633570,2021-06-23,0.9,4.0,0.225,55
474832,2021,633042,2021-08-05,1.6,4.0,0.4,56
474832,2021,633020,2021-08-06,2.0,4.0,0.5,57
474832,2021,632983,2021-08-07,4.0,5.0,0.8,58
474832,2021,632945,2021-08-08,2.0,1.0,2.0,59
474832,2021,632933,2021-08-10,1.25,5.0,0.25,60
474832,2021,632951,2021-08-11,0.0,4.0,0.0,61
474832,2021,632939,2021-08-12,0.7,4.0,0.175,62
474832,2021,632889,2021-08-14,0.0,1.0,0.0,63
474832,2021,632863,2021-08-15,0.0,4.0,0.0,64
474832,2021,632886,2021-08-16,2.0,2.0,1.0,65
474832,2021,632919,2021-08-17,0.7,3.0,0.2333333333333333,66
474832,2021,632850,2021-08-18,0.7,5.0,0.13999999999999999,67
474832,2021,632809,2021-08-20,0.7,4.0,0.175,68
474832,2021,632842,2021-08-21,3.4,5.0,0.6799999999999999,69
474832,2021,632791,2021-08-22,0.0,4.0,0.0,70
474832,2021,632802,2021-08-24,5.8,5.0,1.16,71
474832,2021,632747,2021-08-25,0.0,4.0,0.0,72
474832,2021,632701,2021-08-29,1.6,4.0,0.4,73
474832,2021,632687,2021-08-30,2.15,4.0,0.5375,74
474832,2021,632682,2021-08-31,2.0,5.0,0.4,75
474832,2021,632661,2021-09-01,0.7,4.0,0.175,76
474832,2021,632659,2021-09-02,1.6,4.0,0.4,77
474832,2021,632645,2021-09-03,0.9,5.0,0.18,78
474832,2021,632636,2021-09-04,0.0,4.0,0.0,79
474832,2021,632599,2021-09-05,2.0,4.0,0.5,80
474832,2021,632587,2021-09-07,2.15,5.0,0.43,81
474832,2021,632589,2021-09-08,2.7,5.0,0.54,82
474832,2021,632550,2021-09-10,4.65,5.0,0.93,83
474832,2021,632547,2021-09-11,4.65,6.0,0.775,84
474832,2021,632520,2021-09-13,2.0,4.0,0.5,85
474832,2021,632491,2021-09-14,2.15,5.0,0.43,86
474832,2021,632464,2021-09-15,2.9,5.0,0.58,87
474832,2021,632473,2021-09-16,1.6,5.0,0.32,88
474832,2021,632453,2021-09-17,2.7,5.0,0.54,89
474832,2021,632442,2021-09-18,0.7,4.0,0.175,90
474832,2021,632433,2021-09-19,0.0,1.0,0.0,91
474832,2021,632378,2021-09-21,2.5,5.0,0.5,92
474832,2021,632384,2021-09-22,2.3,5.0,0.45999999999999996,93
474832,2021,632370,2021-09-23,1.6,5.0,0.32,94
474832,2021,632362,2021-09-24,2.9,5.0,0.58,95
474832,2021,632349,2021-09-25,4.9,5.0,0.9800000000000001,96
474832,2021,632331,2021-09-26,2.85,4.0,0.7125,97
543939,2021,634638,2021-04-01,2.3,5.0,0.45999999999999996,1
543939,2021,634575,2021-04-03,0.0,4.0,0.0,2
543939,2021,634597,2021-04-04,1.6,4.0,0.4,3
543939,2021,634566,2021-04-05,0.7,4.0,0.175,4
543939,2021,634559,2021-04-06,1.4,4.0,0.35,5
543939,2021,634549,2021-04-07,0.0,1.0,0.0,6
543939,2021,634568,2021-04-08,0.7,4.0,0.175,7
543939,2021,634426,2021-04-23,3.8,4.0,0.95,8
543939,2021,634416,2021-04-24,2.85,5.0,0.5700000000000001,9
543939,2021,634400,2021-04-25,2.5,5.0,0.5,10
543939,2021,634461,2021-04-26,2.7,4.0,0.675,11
543939,2021,634317,2021-04-28,2.0,4.0,0.5,12
543939,2021,634346,2021-04-29,0.9,4.0,0.225,13
543939,2021,634290,2021-04-30,1.25,4.0,0.3125,14
543939,2021,634338,2021-05-01,0.9,6.0,0.15,15
543939,2021,634282,2021-05-02,0.0,1.0,0.0,16
543939,2021,634244,2021-05-03,1.6,5.0,0.32,17
543939,2021,634324,2021-05-04,2.85,5.0,0.5700000000000001,18
543939,2021,634294,2021-05-05,0.0,5.0,0.0,19
543939,2021,634283,2021-05-06,0.0,4.0,0.0,20
543939,2021,634195,2021-05-07,0.7,4.0,0.175,21
543939,2021,634215,2021-05-08,3.05,5.0,0.61,22
543939,2021,634207,2021-05-09,0.9,5.0,0.18,23
543939,2021,634159,2021-05-11,2.15,4.0,0.5375,24
543939,2021,634198,2021-05-12,0.0,4.0,0.0,25
543939,2021,634158,2021-05-13,0.0,4.0,0.0,26
543939,2021,634118,2021-05-14,1.8,5.0,0.36,27
543939,2021,634106,2021-05-15,0.7,4.0,0.175,28
543939,2021,634134,2021-05-16,2.7,5.0,0.54,29
543939,2021,634043,2021-05-18,0.7,4.0,0.175,30
543939,2021,634037,2021-05-19,3.4,5.0,0.6799999999999999,31
543939,2021,634027,2021-05-21,0.7,4.0,0.175,32
543939,2021,633989,2021-05-23,3.75,5.0,0.75,33
543939,2021,633992,2021-05-24,1.8,4.0,0.45,34
543939,2021,633962,2021-05-25,0.0,4.0,0.0,35
543939,2021,633927,2021-05-26,0.0,5.0,0.0,36
543939,2021,633937,2021-05-27,1.6,2.0,0.8,37
543939,2021,633950,2021-05-29,3.05,4.0,0.7625,38
543939,2021,633916,2021-05-29,1.25,3.0,0.4166666666666667,39
543939,2021,633933,2021-05-30,0.9,4.0,0.225,40
543939,2021,633948,2021-05-31,0.0,4.0,0.0,41
543939,2021,633878,2021-06-01,4.0,5.0,0.8,42
543939,2021,633876,2021-06-03,0.0,2.0,0.0,43
543939,2021,633616,2021-06-18,0.9,5.0,0.18,44
543939,2021,633577,2021-06-19,0.0,1.0,0.0,45
543939,2021,633567,2021-06-20,3.8,5.0,0.76,46
543939,2021,633533,2021-06-21,1.25,4.0,0.3125,47
543939,2021,633603,2021-06-22,2.9,5.0,0.58,48
543939,2021,633578,2021-06-23,0.7,5.0,0.13999999999999999,49
543939,2021,633599,2021-06-25,3.25,5.0,0.65,50
543939,2021,633518,2021-06-26,3.05,4.0,0.7625,51
543939,2021,633463,2021-07-01,0.0,2.0,0.0,52
543939,2021,633263,2021-07-16,2.7,5.0,0.54,53
543939,2021,633253,2021-07-17,2.3,6.0,0.3833333333333333,54
543939,2021,633223,2021-07-20,0.9,5.0,0.18,55
543939,2021,633227,2021-07-21,0.9,4.0,0.225,56
543939,2021,633163,2021-07-23,2.3,5.0,0.45999999999999996,57
543939,2021,633167,2021-07-24,2.0,4.0,0.5,58
543939,2021,633151,2021-07-25,0.9,5.0,0.18,59
543939,2021,633161,2021-07-27,2.5,5.0,0.5,60
543939,2021,633113,2021-07-28,0.9,5.0,0.18,61
543939,2021,633093,2021-07-29,0.7,6.0,0.11666666666666665,62
543939,2021,633131,2021-07-30,3.05,5.0,0.61,63
543939,2021,633117,2021-07-31,2.5,5.0,0.5,64
543939,2021,633072,2021-08-02,0.9,5.0,0.18,65
543939,2021,633059,2021-08-03,0.0,5.0,0.0,66
543939,2021,633068,2021-08-04,2.5,4.0,0.625,67
543939,2021,633020,2021-08-06,0.0,4.0,0.0,68
543939,2021,632983,2021-08-07,0.7,5.0,0.13999999999999999,69
543939,2021,632945,2021-08-08,0.9,4.0,0.225,70
543939,2021,632997,2021-08-10,0.0,4.0,0.0,71
543939,2021,633000,2021-08-10,0.0,1.0,0.0,72
543939,2021,632946,2021-08-11,2.5,5.0,0.5,73
543939,2021,633016,2021-08-12,3.3499999999999996,6.0,0.5583333333333332,74
543939,2021,632897,2021-08-14,0.9,4.0,0.225,75
543939,2021,632820,2021-08-14,2.7,4.0,0.675,76
543939,2021,632876,2021-08-15,0.0,5.0,0.0,77
543939,2021,632884,2021-08-17,4.1,5.0,0.82,78
543939,2021,632844,2021-08-18,0.9,5.0,0.18,79
543939,2021,632845,2021-08-19,0.9,4.0,0.225,80
543939,2021,632896,2021-08-20,0.0,1.0,0.0,81
543939,2021,632829,2021-08-21,3.2,5.0,0.64,82
543939,2021,632786,2021-08-22,4.3,5.0,0.86,83
543939,2021,632728,2021-08-24,2.9,5.0,0.58,84
543939,2021,632761,2021-08-25,0.7,4.0,0.175,85
543939,2021,632726,2021-08-26,0.7,4.0,0.175,86
543939,2021,632759,2021-08-27,1.8,4.0,0.45,87
543939,2021,632716,2021-08-28,0.0,4.0,0.0,88
543939,2021,632705,2021-08-29,2.5,5.0,0.5,89
543939,2021,632687,2021-08-30,0.9,5.0,0.18,90
543939,2021,632682,2021-08-31,0.0,5.0,0.0,91
543939,2021,632661,2021-09-01,0.9,1.0,0.9,92
543939,2021,632659,2021-09-02,0.9,4.0,0.225,93
543939,2021,632584,2021-09-06,0.9,4.0,0.225,94
543939,2021,632569,2021-09-07,2.15,5.0,0.43,95
543939,2021,632565,2021-09-08,2.15,4.0,0.5375,96
543939,2021,632557,2021-09-10,0.7,5.0,0.13999999999999999,97
543939,2021,632533,2021-09-11,0.7,5.0,0.13999999999999999,98
543939,2021,632510,2021-09-12,4.9,5.0,0.9800000000000001,99
543939,2021,632499,2021-09-14,0.7,5.0,0.13999999999999999,100
543939,2021,632479,2021-09-15,0.0,4.0,0.0,101
543939,2021,632461,2021-09-17,3.05,5.0,0.61,102
543939,2021,632425,2021-09-18,1.8,5.0,0.36,103
543939,2021,632413,2021-09-19,2.15,5.0,0.43,104
543939,2021,632415,2021-09-20,0.0,4.0,0.0,105
543939,2021,632397,2021-09-21,1.95,4.0,0.4875,106
543939,2021,632386,2021-09-22,0.0,3.0,0.0,107
543939,2021,632367,2021-09-23,0.9,5.0,0.18,108
543939,2021,632366,2021-09-24,3.4,4.0,0.85,109
543939,2021,632346,2021-09-25,1.6,4.0,0.4,110
543939,2021,632328,2021-09-26,2.65,5.0,0.53,111
543939,2021,632314,2021-09-28,0.9,5.0,0.18,112
543939,2021,632281,2021-09-30,0.0,1.0,0.0,113
543939,2021,632273,2021-10-01,3.05,5.0,0.61,114
543939,2021,632260,2021-10-02,0.0,4.0,0.0,115
543807,2021,634348,2021-04-28,0.0,4.0,0.0,1
543807,2021,634280,2021-04-30,3.0,6.0,0.5,2
543807,2021,634312,2021-05-01,4.0,5.0,0.8,3
543807,2021,634256,2021-05-02,0.0,3.0,0.0,4
543807,2021,633571,2021-06-22,0.0,4.0,0.0,5
543807,2021,633513,2021-06-23,0.7,4.0,0.175,6
543807,2021,633536,2021-06-25,2.7,4.0,0.675,7
543807,2021,633520,2021-06-26,1.8,5.0,0.36,8
543807,2021,633515,2021-06-27,1.4,4.0,0.35,9
543807,2021,633497,2021-06-29,1.6,5.0,0.32,10
543807,2021,633445,2021-06-30,2.85,5.0,0.5700000000000001,11
543807,2021,633456,2021-07-01,1.6,4.0,0.4,12
543807,2021,633464,2021-07-02,2.7,4.0,0.675,13
543807,2021,633403,2021-07-03,2.7,4.0,0.675,14
543807,2021,633408,2021-07-04,0.0,4.0,0.0,15
543807,2021,633413,2021-07-06,0.9,4.0,0.225,16
543807,2021,633332,2021-07-07,0.0,4.0,0.0,17
543807,2021,633338,2021-07-09,1.6,4.0,0.4,18
543807,2021,633293,2021-07-10,0.0,4.0,0.0,19
543807,2021,633270,2021-07-11,0.0,4.0,0.0,20
543807,2021,633266,2021-07-16,0.0,4.0,0.0,21
543807,2021,633256,2021-07-18,1.6,3.0,0.5333333333333333,22
543807,2021,633292,2021-07-18,2.9,3.0,0.9666666666666667,23
543807,2021,633218,2021-07-19,3.05,4.0,0.7625,24
543807,2021,633187,2021-07-21,2.0,4.0,0.5,25
543807,2021,633221,2021-07-23,0.0,4.0,0.0,26
543807,2021,633272,2021-07-24,2.9,6.0,0.48333333333333334,27
543807,2021,633174,2021-07-25,1.95,5.0,0.39,28
543807,2021,633219,2021-07-26,2.65,5.0,0.53,29
543807,2021,633162,2021-07-28,3.25,4.0,0.8125,30
543807,2021,633110,2021-07-28,0.0,3.0,0.0,31
543807,2021,633126,2021-07-29,2.3,6.0,0.3833333333333333,32
543807,2021,633091,2021-07-30,3.4,4.0,0.85,33
543807,2021,633085,2021-07-31,4.0,4.0,1.0,34
543807,2021,633067,2021-08-01,2.65,5.0,0.53,35
543807,2021,633041,2021-08-02,1.8,5.0,0.36,36
543807,2021,633036,2021-08-03,3.25,5.0,0.65,37
543807,2021,633011,2021-08-04,5.05,5.0,1.01,38
543807,2021,633003,2021-08-05,0.0,4.0,0.0,39
543807,2021,632974,2021-08-06,2.85,5.0,0.5700000000000001,40
543807,2021,632963,2021-08-07,0.7,3.0,0.2333333333333333,41
543807,2021,633246,2021-08-07,0.0,4.0,0.0,42
543807,2021,633007,2021-08-08,4.5,5.0,0.9,43
543807,2021,632208,2021-08-10,0.7,4.0,0.175,44
543807,2021,632940,2021-08-10,1.25,4.0,0.3125,45
543807,2021,632965,2021-08-11,4.7,5.0,0.9400000000000001,46
543807,2021,632918,2021-08-12,0.0,4.0,0.0,47
543807,2021,632954,2021-08-13,0.7,4.0,0.175,48
543807,2021,632907,2021-08-14,0.7,4.0,0.175,49
543807,2021,632668,2021-08-30,2.3,4.0,0.575,50
543807,2021,632715,2021-08-31,0.0,4.0,0.0,51
543807,2021,632640,2021-09-01,0.9,4.0,0.225,52
543807,2021,632629,2021-09-03,2.5,5.0,0.5,53
543807,2021,632616,2021-09-04,1.6,5.0,0.32,54
543807,2021,632607,2021-09-05,0.0,4.0,0.0,55
543807,2021,632593,2021-09-06,0.7,4.0,0.175,56
543807,2021,632563,2021-09-10,0.9,5.0,0.18,57
543807,2021,632539,2021-09-11,2.9,5.0,0.58,58
543807,2021,633331,2021-09-11,1.6,4.0,0.4,59
543807,2021,632489,2021-09-13,0.7,5.0,0.13999999999999999,60
543807,2021,632497,2021-09-14,1.25,4.0,0.3125,61
543807,2021,632483,2021-09-15,0.9,4.0,0.225,62
543807,2021,632430,2021-09-17,0.0,4.0,0.0,63
543807,2021,632431,2021-09-18,1.4,5.0,0.27999999999999997,64
543807,2021,632446,2021-09-19,0.7,5.0,0.13999999999999999,65
543807,2021,632406,2021-09-20,1.25,4.0,0.3125,66
543807,2021,632391,2021-09-21,1.6,4.0,0.4,67
543807,2021,632377,2021-09-22,0.0,5.0,0.0,68
543807,2021,632375,2021-09-23,0.0,5.0,0.0,69
543807,2021,632357,2021-09-24,0.0,4.0,0.0,70
543807,2021,632350,2021-09-25,3.5999999999999996,5.0,0.72,71
543807,2021,632336,2021-09-26,4.5,5.0,0.9,72
543807,2021,632288,2021-09-28,0.7,4.0,0.175,73
543807,2021,632296,2021-09-29,3.4,4.0,0.85,74
543807,2021,632280,2021-09-30,1.8,5.0,0.36,75
543807,2021,632268,2021-10-01,0.9,5.0,0.18,76
543807,2021,632247,2021-10-02,5.05,5.0,1.01,77
543807,2021,632235,2021-10-03,5.6,5.0,1.1199999999999999,78
596019,2021,634606,2021-04-05,1.6,5.0,0.32,1
596019,2021,634608,2021-04-06,0.0,5.0,0.0,2
596019,2021,634626,2021-04-07,2.3,5.0,0.45999999999999996,3
596019,2021,634584,2021-04-08,1.6,4.0,0.4,4
596019,2021,632201,2021-04-10,0.9,3.0,0.3,5
596019,2021,632192,2021-04-11,0.8999999999999999,4.0,0.22499999999999998,6
596019,2021,632189,2021-04-13,0.7,4.0,0.175,7
596019,2021,632226,2021-04-13,1.95,4.0,0.4875,8
596019,2021,634528,2021-04-14,2.5,5.0,0.5,9
596019,2021,634561,2021-04-17,0.7,3.0,0.2333333333333333,10
596019,2021,634485,2021-04-17,1.8,4.0,0.45,11
596019,2021,634468,2021-04-18,0.0,4.0,0.0,12
596019,2021,634411,2021-04-20,0.7,5.0,0.13999999999999999,13
596019,2021,634453,2021-04-21,3.8,4.0,0.95,14
596019,2021,634419,2021-04-22,0.7,5.0,0.13999999999999999,15
596019,2021,634429,2021-04-23,0.9,5.0,0.18,16
596019,2021,634443,2021-04-24,0.9,4.0,0.225,17
596019,2021,634344,2021-04-25,0.9,4.0,0.225,18
596019,2021,634410,2021-04-27,0.9,4.0,0.225,19
596019,2021,634310,2021-04-28,0.7,4.0,0.175,20
596019,2021,634336,2021-04-30,0.0,5.0,0.0,21
596019,2021,634276,2021-05-01,0.7,4.0,0.175,22
596019,2021,634257,2021-05-02,0.7,6.0,0.11666666666666665,23
596019,2021,634292,2021-05-03,0.7,5.0,0.13999999999999999,24
596019,2021,634250,2021-05-05,0.0,3.0,0.0,25
596019,2021,634223,2021-05-06,3.0,6.0,0.5,26
596019,2021,634252,2021-05-07,2.9,5.0,0.58,27
596019,2021,634190,2021-05-08,2.85,4.0,0.7125,28
596019,2021,634184,2021-05-09,1.8,4.0,0.45,29
596019,2021,634170,2021-05-11,1.8,3.0,0.6,30
596019,2021,634128,2021-05-12,0.9,4.0,0.225,31
596019,2021,634093,2021-05-14,0.0,4.0,0.0,32
596019,2021,634105,2021-05-15,2.0,4.0,0.5,33
596019,2021,634071,2021-05-16,0.0,4.0,0.0,34
596019,2021,634063,2021-05-17,1.4,5.0,0.27999999999999997,35
596019,2021,634107,2021-05-18,2.15,4.0,0.5375,36
596019,2021,634066,2021-05-19,0.0,4.0,0.0,37
596019,2021,634089,2021-05-21,2.15,5.0,0.43,38
596019,2021,633999,2021-05-22,1.6,4.0,0.4,39
596019,2021,633998,2021-05-23,0.0,4.0,0.0,40
596019,2021,634056,2021-05-24,0.0,4.0,0.0,41
596019,2021,634023,2021-05-25,0.7,3.0,0.2333333333333333,42
596019,2021,633912,2021-05-27,0.9,3.0,0.3,43
596019,2021,633922,2021-05-27,0.0,3.0,0.0,44
596019,2021,633959,2021-05-29,3.8,5.0,0.76,45
596019,2021,633926,2021-05-31,2.15,5.0,0.43,46
596019,2021,633885,2021-06-01,1.6,5.0,0.32,47
596019,2021,633834,2021-06-02,3.05,5.0,0.61,48
596019,2021,633841,2021-06-03,1.6,4.0,0.4,49
596019,2021,633816,2021-06-04,1.8,4.0,0.45,50
596019,2021,633821,2021-06-05,3.25,5.0,0.65,51
596019,2021,633806,2021-06-06,0.0,4.0,0.0,52
596019,2021,633773,2021-06-08,0.7,3.0,0.2333333333333333,53
596019,2021,633811,2021-06-09,2.3,5.0,0.45999999999999996,54
596019,2021,633771,2021-06-11,0.0,4.0,0.0,55
596019,2021,633732,2021-06-12,2.7,4.0,0.675,56
596019,2021,633722,2021-06-13,2.15,4.0,0.5375,57
596019,2021,633678,2021-06-14,0.7,4.0,0.175,58
596019,2021,633681,2021-06-15,2.3,4.0,0.575,59
596019,2021,633630,2021-06-16,0.7,4.0,0.175,60
596019,2021,633692,2021-06-17,0.0,4.0,0.0,61
596019,2021,633618,2021-06-18,0.0,4.0,0.0,62
596019,2021,633583,2021-06-19,0.9,3.0,0.3,63
596019,2021,634647,2021-06-19,4.9,4.0,1.225,64
596019,2021,633557,2021-06-20,0.9,4.0,0.225,65
596019,2021,633760,2021-06-21,0.2,2.0,0.1,66
596019,2021,633899,2021-06-21,0.0,3.0,0.0,67
596019,2021,633750,2021-06-22,0.0,4.0,0.0,68
596019,2021,633561,2021-06-23,3.6,5.0,0.72,69
596019,2021,634515,2021-06-25,0.0,4.0,0.0,70
596019,2021,633545,2021-06-25,2.85,4.0,0.7125,71
596019,2021,633539,2021-06-26,0.0,5.0,0.0,72
596019,2021,633504,2021-06-27,2.5,4.0,0.625,73
596019,2021,634620,2021-06-28,0.0,5.0,0.0,74
596019,2021,633587,2021-06-29,1.1,3.0,0.3666666666666667,75
596019,2021,633437,2021-06-30,0.0,2.0,0.0,76
596019,2021,633418,2021-07-01,1.4,4.0,0.35,77
596019,2021,633440,2021-07-03,3.2,6.0,0.5333333333333333,78
596019,2021,633522,2021-07-04,3.2,5.0,0.64,79
596019,2021,633417,2021-07-04,0.0,3.0,0.0,80
596019,2021,633412,2021-07-05,1.5999999999999999,3.0,0.5333333333333333,81
596019,2021,633395,2021-07-07,0.9,4.0,0.225,82
596019,2021,633342,2021-07-07,0.9,3.0,0.3,83
596019,2021,633308,2021-07-09,2.7,4.0,0.675,84
596019,2021,633326,2021-07-10,0.9,3.0,0.3,85
596019,2021,633295,2021-07-10,0.0,3.0,0.0,86
596019,2021,633325,2021-07-11,4.5,5.0,0.9,87
596019,2021,633346,2021-07-16,0.9,3.0,0.3,88
596019,2021,632802,2021-08-24,0.0,4.0,0.0,89
596019,2021,632747,2021-08-25,0.0,2.0,0.0,90
596019,2021,632745,2021-08-26,0.9,5.0,0.18,91
596019,2021,632800,2021-08-27,1.6,4.0,0.4,92
596019,2021,632717,2021-08-28,0.9,4.0,0.225,93
596019,2021,632711,2021-08-29,1.25,5.0,0.25,94
596019,2021,632679,2021-08-31,0.0,1.0,0.0,95
596019,2021,632650,2021-09-02,1.25,4.0,0.3125,96
596019,2021,632617,2021-09-03,0.0,5.0,0.0,97
596019,2021,634556,2021-09-04,3.8,5.0,0.76,98
596019,2021,632611,2021-09-04,0.0,1.0,0.0,99
596019,2021,632598,2021-09-05,3.4,5.0,0.6799999999999999,100
596019,2021,632604,2021-09-06,2.15,5.0,0.43,101
596019,2021,632572,2021-09-07,1.6,5.0,0.32,102
596019,2021,632574,2021-09-08,0.7,4.0,0.175,103
596019,2021,632536,2021-09-09,0.0,4.0,0.0,104
596019,2021,632552,2021-09-10,3.4,5.0,0.6799999999999999,105
596019,2021,632551,2021-09-11,0.7,5.0,0.13999999999999999,106
596019,2021,632522,2021-09-12,6.7,5.0,1.34,107
596019,2021,632478,2021-09-13,2.3,4.0,0.575,108
596019,2021,632492,2021-09-14,1.6,5.0,0.32,109
596019,2021,632521,2021-09-15,1.8,5.0,0.36,110
596019,2021,632467,2021-09-17,2.15,4.0,0.5375,111
596019,2021,632447,2021-09-18,0.0,4.0,0.0,112
596019,2021,632407,2021-09-19,0.9,4.0,0.225,113
596019,2021,632410,2021-09-21,1.95,4.0,0.4875,114
596019,2021,632389,2021-09-22,2.5,5.0,0.5,115
596019,2021,632366,2021-09-24,0.0,4.0,0.0,116
596019,2021,632346,2021-09-25,0.0,4.0,0.0,117
596019,2021,632328,2021-09-26,2.0,4.0,0.5,118
596019,2021,632311,2021-09-28,2.9,4.0,0.725,119
596019,2021,632666,2021-09-28,0.0,3.0,0.0,120
596019,2021,632303,2021-09-29,1.8,4.0,0.45,121
596019,2021,632283,2021-09-30,2.0,4.0,0.5,122
596019,2021,632277,2021-10-01,1.6,4.0,0.4,123
596019,2021,632262,2021-10-02,1.6,5.0,0.32,124
596019,2021,632254,2021-10-03,0.0,4.0,0.0,125
571970,2021,634615,2021-04-01,3.2,5.0,0.64,1
571970,2021,634653,2021-04-02,1.6,5.0,0.32,2
571970,2021,634633,2021-04-03,3.05,5.0,0.61,3
571970,2021,634557,2021-04-04,0.7,4.0,0.175,4
571970,2021,634600,2021-04-05,2.7,4.0,0.675,5
571970,2021,634628,2021-04-06,2.7,4.0,0.675,6
571970,2021,634567,2021-04-07,2.0999999999999996,4.0,0.5249999999999999,7
571970,2021,634533,2021-04-09,0.0,3.0,0.0,8
571970,2021,632191,2021-04-10,2.5,3.0,0.8333333333333334,9
571970,2021,632214,2021-04-11,0.9,3.0,0.3,10
571970,2021,632212,2021-04-13,3.95,4.0,0.9875,11
571970,2021,634614,2021-04-14,0.7,4.0,0.175,12
571970,2021,634547,2021-04-15,2.7,4.0,0.675,13
571970,2021,634531,2021-04-16,1.6,6.0,0.26666666666666666,14
571970,2021,634449,2021-04-17,0.0,4.0,0.0,15
571970,2021,634488,2021-04-18,0.0,3.0,0.0,16
571970,2021,634417,2021-04-20,0.0,4.0,0.0,17
571970,2021,634420,2021-04-22,0.7,4.0,0.175,18
571970,2021,634370,2021-04-23,1.6,4.0,0.4,19
571970,2021,634361,2021-04-24,1.4,4.0,0.35,20
571970,2021,634356,2021-04-25,2.8,5.0,0.5599999999999999,21
571970,2021,634363,2021-04-26,2.0999999999999996,5.0,0.41999999999999993,22
571970,2021,634379,2021-04-27,1.4,5.0,0.27999999999999997,23
571970,2021,634365,2021-04-28,0.0,4.0,0.0,24
571970,2021,634346,2021-04-29,1.6,4.0,0.4,25
571970,2021,634290,2021-04-30,0.7,4.0,0.175,26
571970,2021,634338,2021-05-01,0.0,4.0,0.0,27
571970,2021,634321,2021-05-04,2.0,4.0,0.5,28
571970,2021,634264,2021-05-04,0.7,3.0,0.2333333333333333,29
571970,2021,634230,2021-05-05,3.95,5.0,0.79,30
571970,2021,634213,2021-05-07,0.0,4.0,0.0,31
571970,2021,634262,2021-05-08,3.2,6.0,0.5333333333333333,32
571970,2021,634205,2021-05-09,1.4,4.0,0.35,33
571970,2021,634142,2021-05-11,2.7,4.0,0.675,34
571970,2021,634140,2021-05-12,4.3,5.0,0.86,35
571970,2021,634145,2021-05-14,2.9,4.0,0.725,36
571970,2021,634096,2021-05-15,2.7,4.0,0.675,37
571970,2021,634122,2021-05-16,0.9,4.0,0.225,38
571970,2021,634091,2021-05-17,0.7,4.0,0.175,39
571970,2021,634092,2021-05-18,1.6,5.0,0.32,40
571970,2021,634033,2021-05-19,2.8499999999999996,4.0,0.7124999999999999,41
571970,2021,634059,2021-05-20,3.05,4.0,0.7625,42
571970,2021,634011,2021-05-22,3.8,4.0,0.95,43
571970,2021,633980,2021-05-23,3.4000000000000004,5.0,0.68,44
571970,2021,633953,2021-05-25,1.4,5.0,0.27999999999999997,45
571970,2021,634021,2021-05-26,0.9,4.0,0.225,46
571970,2021,633930,2021-05-27,2.0,4.0,0.5,47
571970,2021,633921,2021-05-28,0.7,5.0,0.13999999999999999,48
571970,2021,633938,2021-05-29,3.25,4.0,0.8125,49
571970,2021,633923,2021-05-30,2.0,4.0,0.5,50
571970,2021,633851,2021-05-31,1.25,5.0,0.25,51
571970,2021,633879,2021-06-01,0.7,4.0,0.175,52
571970,2021,633988,2021-06-02,0.7,5.0,0.13999999999999999,53
571970,2021,633820,2021-06-04,0.9,2.0,0.45,54
571970,2021,633810,2021-06-06,0.0,1.0,0.0,55
571970,2021,633772,2021-06-08,1.8,5.0,0.36,56
571970,2021,633753,2021-06-09,0.0,1.0,0.0,57
571970,2021,633744,2021-06-10,0.7,5.0,0.13999999999999999,58
571970,2021,633761,2021-06-11,2.0,1.0,2.0,59
571970,2021,633540,2021-06-22,1.4,4.0,0.35,60
571970,2021,633627,2021-06-23,2.5,4.0,0.625,61
571970,2021,633505,2021-06-24,0.7,4.0,0.175,62
571970,2021,633608,2021-06-25,2.9,5.0,0.58,63
571970,2021,633562,2021-06-26,1.95,4.0,0.4875,64
571970,2021,633458,2021-06-28,2.0,4.0,0.5,65
571970,2021,633471,2021-06-29,3.4000000000000004,4.0,0.8500000000000001,66
571970,2021,633481,2021-07-01,2.0,3.0,0.6666666666666666,67
571970,2021,633404,2021-07-02,2.3,5.0,0.45999999999999996,68
571970,2021,633430,2021-07-03,0.7,5.0,0.13999999999999999,69
571970,2021,633398,2021-07-04,2.5,5.0,0.5,70
571970,2021,633361,2021-07-05,0.7,2.0,0.35,71
571970,2021,633376,2021-07-06,1.4,5.0,0.27999999999999997,72
571970,2021,633333,2021-07-07,0.9,4.0,0.225,73
571970,2021,633334,2021-07-08,1.8,5.0,0.36,74
571970,2021,633320,2021-07-09,1.25,4.0,0.3125,75
571970,2021,633311,2021-07-10,1.25,3.0,0.4166666666666667,76
571970,2021,633302,2021-07-11,4.15,5.0,0.8300000000000001,77
571970,2021,633321,2021-07-16,1.6,6.0,0.26666666666666666,78
571970,2021,633261,2021-07-17,5.8,5.0,1.16,79
571970,2021,633255,2021-07-18,0.0,5.0,0.0,80
571970,2021,633259,2021-07-19,3.4,4.0,0.85,81
571970,2021,633199,2021-07-20,1.6,4.0,0.4,82
571970,2021,633217,2021-07-21,0.7,4.0,0.175,83
571970,2021,633244,2021-07-22,0.9,4.0,0.225,84
571970,2021,633149,2021-07-27,0.9,4.0,0.225,85
571970,2021,633125,2021-07-28,3.05,6.0,0.5083333333333333,86
571970,2021,633109,2021-07-29,0.9,4.0,0.225,87
571970,2021,633102,2021-07-30,1.6,5.0,0.32,88
571970,2021,633099,2021-07-31,2.85,5.0,0.5700000000000001,89
571970,2021,633061,2021-08-03,0.0,4.0,0.0,90
571970,2021,633019,2021-08-04,0.7,4.0,0.175,91
571970,2021,633028,2021-08-06,2.15,5.0,0.43,92
571970,2021,632986,2021-08-07,1.95,4.0,0.4875,93
571970,2021,632956,2021-08-08,1.6,5.0,0.32,94
571970,2021,632984,2021-08-10,2.0,5.0,0.4,95
571970,2021,632915,2021-08-11,0.7,5.0,0.13999999999999999,96
571970,2021,632969,2021-08-12,0.0,3.0,0.0,97
571970,2021,632911,2021-08-13,2.15,5.0,0.43,98
571970,2021,632958,2021-08-14,0.9,4.0,0.225,99
571970,2021,632895,2021-08-15,4.7,5.0,0.9400000000000001,100
571970,2021,632882,2021-08-16,3.4,4.0,0.85,101
571970,2021,632909,2021-08-17,0.0,1.0,0.0,102
571970,2021,632887,2021-08-18,4.7,4.0,1.175,103
571970,2021,632835,2021-08-19,0.0,3.0,0.0,104
571970,2021,632811,2021-08-20,1.25,4.0,0.3125,105
571970,2021,632795,2021-08-21,0.0,4.0,0.0,106
571970,2021,632796,2021-08-22,0.0,4.0,0.0,107
571970,2021,632748,2021-08-24,0.7,4.0,0.175,108
571970,2021,632764,2021-08-25,0.0,7.0,0.0,109
571970,2021,632740,2021-08-27,0.0,1.0,0.0,110
571970,2021,632707,2021-08-28,2.3,4.0,0.575,111
571970,2021,632714,2021-08-29,0.7,4.0,0.175,112
571970,2021,632674,2021-08-30,2.9,4.0,0.725,113
571970,2021,632663,2021-08-31,0.0,4.0,0.0,114
571970,2021,632656,2021-09-01,3.6,4.0,0.9,115
571970,2021,632645,2021-09-03,0.7,4.0,0.175,116
571970,2021,632636,2021-09-04,0.7,5.0,0.13999999999999999,117
571970,2021,632599,2021-09-05,0.9,5.0,0.18,118
571970,2021,632628,2021-09-06,0.9,4.0,0.225,119
571970,2021,632558,2021-09-07,0.0,1.0,0.0,120
571970,2021,632643,2021-09-08,2.9,4.0,0.725,121
571970,2021,632564,2021-09-09,1.25,4.0,0.3125,122
571970,2021,632542,2021-09-10,2.0,4.0,0.5,123
571970,2021,632530,2021-09-11,0.0,4.0,0.0,124
571970,2021,632568,2021-09-12,1.25,5.0,0.25,125
571970,2021,632509,2021-09-13,0.0,5.0,0.0,126
571970,2021,632505,2021-09-14,3.95,4.0,0.9875,127
571970,2021,632484,2021-09-15,2.9,5.0,0.58,128
571970,2021,632470,2021-09-17,0.0,4.0,0.0,129
571970,2021,632455,2021-09-18,0.7,4.0,0.175,130
571970,2021,632432,2021-09-19,0.7,1.0,0.7,131
571970,2021,632399,2021-09-21,1.25,4.0,0.3125,132
571970,2021,632394,2021-09-22,0.7,4.0,0.175,133
571970,2021,632376,2021-09-23,2.0,5.0,0.4,134
571970,2021,632340,2021-09-24,1.8,4.0,0.45,135
571970,2021,632353,2021-09-25,0.0,4.0,0.0,136
571970,2021,632337,2021-09-26,0.7,5.0,0.13999999999999999,137
571970,2021,632318,2021-09-28,0.7,4.0,0.175,138
571970,2021,632297,2021-09-29,3.6,4.0,0.9,139
571970,2021,632291,2021-09-30,0.7,4.0,0.175,140
571970,2021,632273,2021-10-01,0.9,3.0,0.3,141
571970,2021,632260,2021-10-02,2.85,4.0,0.7125,142
571970,2021,632242,2021-10-03,0.0,1.0,0.0,143
570481,2021,634634,2021-04-01,0.0,1.0,0.0,1
570481,2021,634643,2021-04-03,0.9,3.0,0.3,2
570481,2021,634613,2021-04-04,0.0,1.0,0.0,3
570481,2021,634558,2021-04-05,0.0,4.0,0.0,4
570481,2021,634530,2021-04-06,0.0,3.0,0.0,5
570481,2021,634570,2021-04-07,2.0,4.0,0.5,6
570481,2021,634555,2021-04-08,0.0,1.0,0.0,7
570481,2021,632195,2021-04-10,1.95,4.0,0.4875,8
570481,2021,632198,2021-04-12,0.9,4.0,0.225,9
570481,2021,634535,2021-04-13,3.05,5.0,0.61,10
570481,2021,634523,2021-04-14,0.9,2.0,0.45,11
570481,2021,634621,2021-04-15,1.25,4.0,0.3125,12
570481,2021,634483,2021-04-16,0.0,1.0,0.0,13
570481,2021,634473,2021-04-17,0.9,4.0,0.225,14
570481,2021,634455,2021-04-18,2.15,5.0,0.43,15
570481,2021,634390,2021-04-21,0.9,3.0,0.3,16
570481,2021,634423,2021-04-21,1.25,3.0,0.4166666666666667,17
570481,2021,634492,2021-04-22,1.8,4.0,0.45,18
570481,2021,634434,2021-04-23,0.7,3.0,0.2333333333333333,19
570481,2021,634467,2021-04-24,0.9,4.0,0.225,20
570481,2021,634349,2021-04-25,0.0,4.0,0.0,21
570481,2021,634331,2021-04-27,0.0,4.0,0.0,22
570481,2021,634315,2021-04-28,2.0,5.0,0.4,23
570481,2021,634325,2021-04-30,0.0,4.0,0.0,24
570481,2021,634260,2021-05-02,0.9,4.0,0.225,25
570481,2021,634243,2021-05-03,0.0,4.0,0.0,26
570481,2021,634313,2021-05-04,0.9,4.0,0.225,27
570481,2021,634227,2021-05-05,0.9,4.0,0.225,28
570481,2021,634216,2021-05-07,0.0,4.0,0.0,29
570481,2021,634212,2021-05-08,1.8,4.0,0.45,30
570481,2021,634237,2021-05-09,0.9,5.0,0.18,31
570481,2021,634174,2021-05-11,0.0,4.0,0.0,32
570481,2021,634137,2021-05-12,0.9,4.0,0.225,33
570481,2021,634113,2021-05-13,0.0,4.0,0.0,34
570481,2021,634108,2021-05-14,0.0,1.0,0.0,35
570481,2021,634085,2021-05-15,0.7,4.0,0.175,36
570481,2021,634094,2021-05-16,0.9,3.0,0.3,37
570481,2021,634109,2021-05-18,0.9,4.0,0.225,38
570481,2021,634026,2021-05-19,0.7,2.0,0.35,39
570481,2021,634041,2021-05-20,0.9,5.0,0.18,40
570481,2021,634036,2021-05-21,2.5,4.0,0.625,41
570481,2021,634049,2021-05-22,0.7,1.0,0.7,42
570481,2021,634060,2021-05-23,0.7,4.0,0.175,43
570481,2021,633941,2021-05-25,0.0,4.0,0.0,44
570481,2021,633967,2021-05-26,0.9,2.0,0.45,45
570481,2021,633888,2021-05-27,1.25,4.0,0.3125,46
570481,2021,633936,2021-05-29,0.9,3.0,0.3,47
570481,2021,633978,2021-05-30,0.7,4.0,0.175,48
570481,2021,633900,2021-05-31,0.9,4.0,0.225,49
570481,2021,633891,2021-06-01,0.9,4.0,0.225,50
570481,2021,633835,2021-06-03,0.0,3.0,0.0,51
570481,2021,633858,2021-06-04,1.8,4.0,0.45,52
570481,2021,633787,2021-06-05,0.0,3.0,0.0,53
570481,2021,633794,2021-06-06,0.9,3.0,0.3,54
570481,2021,633744,2021-06-10,1.25,3.0,0.4166666666666667,55
570481,2021,633768,2021-06-11,0.9,1.0,0.9,56
570481,2021,633726,2021-06-12,1.6,4.0,0.4,57
570481,2021,633713,2021-06-13,0.0,1.0,0.0,58
570481,2021,633693,2021-06-14,0.9,4.0,0.225,59
570481,2021,633684,2021-06-15,1.8,4.0,0.45,60
570481,2021,633628,2021-06-16,0.9,1.0,0.9,61
570481,2021,633590,2021-06-19,0.0,1.0,0.0,62
570481,2021,633550,2021-06-20,0.0,2.0,0.0,63
570481,2021,633572,2021-06-22,0.9,1.0,0.9,64
570481,2021,633569,2021-06-23,0.0,1.0,0.0,65
570481,2021,633498,2021-06-25,0.9,4.0,0.225,66
570481,2021,633589,2021-06-26,1.8,4.0,0.45,67
570481,2021,633465,2021-06-28,0.9,4.0,0.225,68
570481,2021,633455,2021-06-29,0.0,1.0,0.0,69
570481,2021,633491,2021-06-30,0.0,1.0,0.0,70
570481,2021,633463,2021-07-01,0.9,3.0,0.3,71
572233,2021,634618,2021-04-01,1.6,5.0,0.32,1
572233,2021,634576,2021-04-02,0.0,4.0,0.0,2
572233,2021,634623,2021-04-03,0.0,2.0,0.0,3
572233,2021,634572,2021-04-04,0.9,4.0,0.225,4
572233,2021,634619,2021-04-06,2.0,7.0,0.2857142857142857,5
572233,2021,634542,2021-04-07,1.25,4.0,0.3125,6
572233,2021,634564,2021-04-08,0.0,4.0,0.0,7
572233,2021,634540,2021-04-09,2.0999999999999996,5.0,0.41999999999999993,8
572233,2021,634484,2021-04-10,1.8,5.0,0.36,9
572233,2021,632209,2021-04-11,0.9,4.0,0.225,10
572233,2021,634245,2021-05-04,0.9,5.0,0.18,11
572233,2021,634249,2021-05-05,0.9,4.0,0.225,12
572233,2021,634252,2021-05-07,2.3,5.0,0.45999999999999996,13
572233,2021,634190,2021-05-08,0.9,5.0,0.18,14
572233,2021,634184,2021-05-09,0.0,1.0,0.0,15
572233,2021,634157,2021-05-10,1.25,4.0,0.3125,16
572233,2021,634180,2021-05-11,1.6,3.0,0.5333333333333333,17
572233,2021,633913,2021-05-29,0.9,5.0,0.18,18
572233,2021,633946,2021-05-30,0.9,5.0,0.18,19
572233,2021,633885,2021-06-01,0.0,1.0,0.0,20
572233,2021,633834,2021-06-02,0.9,4.0,0.225,21
572233,2021,633876,2021-06-03,1.25,5.0,0.25,22
572233,2021,633846,2021-06-04,0.0,4.0,0.0,23
572233,2021,633827,2021-06-05,0.0,1.0,0.0,24
572233,2021,633798,2021-06-06,0.9,4.0,0.225,25
572233,2021,633765,2021-06-08,2.9,4.0,0.725,26
572233,2021,633784,2021-06-09,0.0,4.0,0.0,27
572233,2021,633731,2021-06-11,0.9,1.0,0.9,28
572233,2021,633712,2021-06-12,2.15,4.0,0.5375,29
572233,2021,633696,2021-06-13,0.0,4.0,0.0,30
572233,2021,633734,2021-06-14,1.6,4.0,0.4,31
572233,2021,633679,2021-06-15,2.15,5.0,0.43,32
572233,2021,633645,2021-06-16,0.0,1.0,0.0,33
572233,2021,633622,2021-06-17,0.9,4.0,0.225,34
572233,2021,633604,2021-06-18,0.7,4.0,0.175,35
572233,2021,633598,2021-06-19,0.7,4.0,0.175,36
572233,2021,633582,2021-06-20,0.9,1.0,0.9,37
572233,2021,633533,2021-06-21,0.9,4.0,0.225,38
572233,2021,633603,2021-06-22,0.0,4.0,0.0,39
572233,2021,633578,2021-06-23,2.0,4.0,0.5,40
572233,2021,633492,2021-06-25,2.5,5.0,0.5,41
572233,2021,633512,2021-06-26,3.95,5.0,0.79,42
572233,2021,633544,2021-06-27,0.9,4.0,0.225,43
572233,2021,633490,2021-06-28,0.9,4.0,0.225,44
572233,2021,633508,2021-06-29,1.25,2.0,0.625,45
572233,2021,633426,2021-06-30,2.7,5.0,0.54,46
572233,2021,633438,2021-07-01,0.0,4.0,0.0,47
572233,2021,633470,2021-07-02,1.4,4.0,0.35,48
572233,2021,633388,2021-07-03,0.9,5.0,0.18,49
572233,2021,633436,2021-07-04,0.9,4.0,0.225,50
572233,2021,633381,2021-07-06,1.25,4.0,0.3125,51
572233,2021,633355,2021-07-07,0.9,4.0,0.225,52
572233,2021,633320,2021-07-09,3.55,5.0,0.71,53
572233,2021,633311,2021-07-10,0.7,3.0,0.2333333333333333,54
572233,2021,633302,2021-07-11,0.0,4.0,0.0,55
572233,2021,633296,2021-07-16,2.15,4.0,0.5375,56
572233,2021,633319,2021-07-17,1.6,4.0,0.4,57
572233,2021,633251,2021-07-18,2.8499999999999996,5.0,0.57,58
572233,2021,633243,2021-07-19,0.0,4.0,0.0,59
572233,2021,633254,2021-07-20,1.95,5.0,0.39,60
572233,2021,633170,2021-07-23,0.9,4.0,0.225,61
572233,2021,633186,2021-07-24,0.0,5.0,0.0,62
572233,2021,633150,2021-07-27,2.5,4.0,0.625,63
572233,2021,633097,2021-07-28,0.7,4.0,0.175,64
572233,2021,633102,2021-07-30,1.25,5.0,0.25,65
572233,2021,633101,2021-08-01,0.9,4.0,0.225,66
572233,2021,633077,2021-08-02,1.25,5.0,0.25,67
572233,2021,633025,2021-08-03,1.8,4.0,0.45,68
572233,2021,633042,2021-08-05,1.6,5.0,0.32,69
572233,2021,633008,2021-08-06,0.9,4.0,0.225,70
572233,2021,632988,2021-08-07,2.0,3.0,0.6666666666666666,71
572233,2021,633051,2021-08-08,0.0,4.0,0.0,72
572233,2021,632933,2021-08-10,0.7,4.0,0.175,73
572233,2021,632951,2021-08-11,1.25,1.0,1.25,74
572233,2021,632914,2021-08-12,1.4,5.0,0.27999999999999997,75
572233,2021,632932,2021-08-13,0.7,4.0,0.175,76
572233,2021,632869,2021-08-17,0.7,3.0,0.2333333333333333,77
572233,2021,632848,2021-08-18,2.85,4.0,0.7125,78
572233,2021,632841,2021-08-19,2.15,4.0,0.5375,79
572233,2021,632828,2021-08-20,1.6,5.0,0.32,80
572233,2021,632790,2021-08-21,0.9,4.0,0.225,81
572233,2021,632803,2021-08-22,2.0,5.0,0.4,82
572233,2021,632798,2021-08-23,0.9,4.0,0.225,83
572233,2021,632744,2021-08-24,0.0,1.0,0.0,84
572233,2021,632778,2021-08-25,2.0999999999999996,4.0,0.5249999999999999,85
572233,2021,632746,2021-08-26,4.3,5.0,0.86,86
572233,2021,632808,2021-08-27,2.0,5.0,0.4,87
572233,2021,632712,2021-08-28,0.0,1.0,0.0,88
572233,2021,632673,2021-08-29,0.7,5.0,0.13999999999999999,89
572233,2021,632703,2021-08-30,0.7,4.0,0.175,90
572233,2021,632672,2021-08-31,1.6,4.0,0.4,91
572233,2021,632708,2021-09-03,1.95,5.0,0.39,92
572233,2021,632623,2021-09-04,0.0,4.0,0.0,93
572233,2021,632601,2021-09-05,0.0,1.0,0.0,94
572233,2021,632573,2021-09-08,0.9,4.0,0.225,95
572233,2021,632528,2021-09-10,0.0,3.0,0.0,96
572233,2021,632524,2021-09-12,1.8,4.0,0.45,97
572233,2021,632509,2021-09-13,0.0,4.0,0.0,98
572233,2021,632505,2021-09-14,0.9,2.0,0.45,99
572233,2021,632484,2021-09-15,3.6,4.0,0.9,100
572233,2021,632469,2021-09-17,0.9,5.0,0.18,101
572233,2021,632456,2021-09-18,1.25,5.0,0.25,102
572233,2021,632422,2021-09-19,0.9,4.0,0.225,103
572233,2021,632428,2021-09-21,0.7,1.0,0.7,104
572233,2021,632392,2021-09-22,2.9,4.0,0.725,105
572233,2021,632374,2021-09-23,0.0,3.0,0.0,106
572233,2021,632340,2021-09-24,0.0,1.0,0.0,107
572233,2021,632353,2021-09-25,0.7,4.0,0.175,108
572233,2021,632337,2021-09-26,1.6,4.0,0.4,109
572233,2021,632307,2021-09-28,0.0,2.0,0.0,110
572233,2021,632298,2021-09-29,0.9,3.0,0.3,111
572233,2021,632278,2021-09-30,3.95,5.0,0.79,112
572233,2021,632276,2021-10-01,2.0,4.0,0.5,113
572233,2021,632269,2021-10-02,3.75,5.0,0.75,114
572233,2021,632253,2021-10-03,0.9,4.0,0.225,115
609275,2021,633990,2021-05-25,2.5,4.0,0.625,1
609275,2021,634064,2021-05-26,1.1,3.0,0.3666666666666667,2
609275,2021,633915,2021-05-27,0.0,2.0,0.0,3
609275,2021,633932,2021-05-28,2.15,5.0,0.43,4
609275,2021,633944,2021-05-29,2.9,4.0,0.725,5
609275,2021,633881,2021-05-30,0.0,4.0,0.0,6
609275,2021,633900,2021-05-31,2.9,3.0,0.9666666666666667,7
609275,2021,633612,2021-06-16,2.0,4.0,0.5,8
609275,2021,633683,2021-06-18,2.7,4.0,0.675,9
609275,2021,633558,2021-06-20,2.5,4.0,0.625,10
609275,2021,632662,2021-09-01,2.9,5.0,0.58,11
609275,2021,632633,2021-09-03,0.9,4.0,0.225,12
609275,2021,632614,2021-09-05,0.9,4.0,0.225,13
609275,2021,632594,2021-09-07,0.0,4.0,0.0,14
609275,2021,632576,2021-09-08,0.0,4.0,0.0,15
609275,2021,632556,2021-09-09,0.0,4.0,0.0,16
609275,2021,632541,2021-09-10,0.7,5.0,0.13999999999999999,17
609275,2021,632519,2021-09-12,2.2,3.0,0.7333333333333334,18
609275,2021,632511,2021-09-14,0.9,4.0,0.225,19
609275,2021,632471,2021-09-15,1.4,5.0,0.27999999999999997,20
609275,2021,632468,2021-09-16,1.8,4.0,0.45,21
609275,2021,632449,2021-09-18,2.15,4.0,0.5375,22
609275,2021,632416,2021-09-19,0.0,3.0,0.0,23
609275,2021,632437,2021-09-20,0.9,3.0,0.3,24
609275,2021,632398,2021-09-21,0.9,4.0,0.225,25
609275,2021,632361,2021-09-24,1.6,4.0,0.4,26
609275,2021,632347,2021-09-25,0.8999999999999999,3.0,0.3,27
609275,2021,632326,2021-09-26,0.7,4.0,0.175,28
609275,2021,632409,2021-09-27,0.9,4.0,0.225,29
609275,2021,632315,2021-09-28,0.0,4.0,0.0,30
609275,2021,632284,2021-09-30,0.0,4.0,0.0,31
609275,2021,632272,2021-10-01,3.2,5.0,0.64,32
609275,2021,632264,2021-10-02,0.0,3.0,0.0,33
609275,2021,632243,2021-10-03,0.0,4.0,0.0,34
621005,2021,633726,2021-06-12,0.9,2.0,0.45,1
621005,2021,633713,2021-06-13,0.7,2.0,0.35,2
621005,2021,633680,2021-06-14,0.0,1.0,0.0,3
621005,2021,633714,2021-06-15,0.0,1.0,0.0,4
621005,2021,633665,2021-06-16,0.0,3.0,0.0,5
621005,2021,632610,2021-09-05,0.0,1.0,0.0,6
621005,2021,632413,2021-09-19,0.0,1.0,0.0,7
608577,2021,634645,2021-04-01,0.0,4.0,0.0,1
608577,2021,634573,2021-04-03,2.7,4.0,0.675,2
608577,2021,634611,2021-04-04,2.0,3.0,0.6666666666666666,3
608577,2021,634588,2021-04-05,0.0,2.0,0.0,4
608577,2021,634603,2021-04-06,0.0,1.0,0.0,5
608577,2021,634598,2021-04-07,0.9,4.0,0.225,6
608577,2021,634505,2021-04-09,0.0,4.0,0.0,7
608577,2021,632218,2021-04-10,0.9,2.0,0.45,8
608577,2021,632228,2021-04-11,0.0,4.0,0.0,9
608577,2021,632220,2021-04-12,1.6,5.0,0.32,10
608577,2021,632229,2021-04-13,3.6,5.0,0.72,11
608577,2021,634521,2021-04-14,0.0,2.0,0.0,12
608577,2021,634214,2021-05-08,2.3,5.0,0.45999999999999996,13
608577,2021,634179,2021-05-11,0.7,5.0,0.13999999999999999,14
608577,2021,634186,2021-05-12,0.9,4.0,0.225,15
608577,2021,634206,2021-05-14,1.6,3.0,0.5333333333333333,16
608577,2021,634111,2021-05-15,2.85,6.0,0.47500000000000003,17
608577,2021,634083,2021-05-16,0.0,4.0,0.0,18
608577,2021,634115,2021-05-18,0.0,4.0,0.0,19
608577,2021,634046,2021-05-19,1.8,4.0,0.45,20
608577,2021,634001,2021-05-22,0.0,3.0,0.0,21
608577,2021,633981,2021-05-24,1.6,4.0,0.4,22
608577,2021,633970,2021-05-25,0.0,4.0,0.0,23
608577,2021,633986,2021-05-26,0.7,3.0,0.2333333333333333,24
608577,2021,633961,2021-05-28,0.0,4.0,0.0,25
608577,2021,633949,2021-05-29,0.9,4.0,0.225,26
608577,2021,633854,2021-05-30,1.95,5.0,0.39,27
608577,2021,633948,2021-05-31,0.0,1.0,0.0,28
608577,2021,633878,2021-06-01,1.25,2.0,0.625,29
608577,2021,633859,2021-06-03,0.0,4.0,0.0,30
608577,2021,633774,2021-06-06,0.0,4.0,0.0,31
608577,2021,633759,2021-06-09,0.9,5.0,0.18,32
608577,2021,633789,2021-06-11,2.0,2.0,1.0,33
608577,2021,633721,2021-06-12,0.7,4.0,0.175,34
608577,2021,633655,2021-06-14,0.9,4.0,0.225,35
608577,2021,633612,2021-06-16,2.5,5.0,0.5,36
608577,2021,633654,2021-06-18,2.5,4.0,0.625,37
608577,2021,633563,2021-06-20,1.4,5.0,0.27999999999999997,38
608577,2021,633526,2021-06-22,1.8,4.0,0.45,39
608577,2021,633541,2021-06-23,0.7,4.0,0.175,40
608577,2021,633564,2021-06-24,0.9,4.0,0.225,41
608577,2021,633509,2021-06-26,2.15,3.0,0.7166666666666667,42
608577,2021,633494,2021-06-27,0.7,4.0,0.175,43
608577,2021,633432,2021-06-30,1.25,4.0,0.3125,44
608577,2021,633420,2021-07-02,0.9,1.0,0.9,45
608577,2021,633400,2021-07-05,1.8,4.0,0.45,46
608577,2021,633364,2021-07-06,0.0,2.0,0.0,47
608577,2021,633349,2021-07-07,0.9,4.0,0.225,48
608577,2021,633359,2021-07-08,0.9,3.0,0.3,49
608577,2021,633366,2021-07-09,0.0,2.0,0.0,50
573262,2021,634625,2021-04-01,0.0,5.0,0.0,1
573262,2021,634578,2021-04-02,0.7,5.0,0.13999999999999999,2
573262,2021,634639,2021-04-03,0.9,4.0,0.225,3
573262,2021,634591,2021-04-05,2.0,1.0,2.0,4
573262,2021,634529,2021-04-06,0.7,4.0,0.175,5
573262,2021,634563,2021-04-07,0.9,5.0,0.18,6
573262,2021,634494,2021-04-09,0.7,4.0,0.175,7
573262,2021,632169,2021-04-10,0.7,4.0,0.175,8
573262,2021,632188,2021-04-11,1.25,4.0,0.3125,9
573262,2021,634648,2021-04-12,0.0,1.0,0.0,10
573262,2021,634510,2021-04-13,3.6,5.0,0.72,11
573262,2021,634582,2021-04-14,0.7,3.0,0.2333333333333333,12
573262,2021,634519,2021-04-16,2.85,4.0,0.7125,13
573262,2021,634450,2021-04-17,0.0,5.0,0.0,14
573262,2021,634425,2021-04-18,1.25,5.0,0.25,15
573262,2021,634457,2021-04-19,1.25,4.0,0.3125,16
573262,2021,634439,2021-04-20,2.5,5.0,0.5,17
573262,2021,634428,2021-04-21,0.9,5.0,0.18,18
573262,2021,634432,2021-04-22,1.25,4.0,0.3125,19
573262,2021,634369,2021-04-23,2.9,3.0,0.9666666666666667,20
573262,2021,634503,2021-04-24,2.0,4.0,0.5,21
573262,2021,634342,2021-04-25,1.95,3.0,0.65,22
573262,2021,634240,2021-05-07,0.7,2.0,0.35,23
573262,2021,634178,2021-05-08,0.7,5.0,0.13999999999999999,24
573262,2021,634185,2021-05-09,2.15,4.0,0.5375,25
573262,2021,634153,2021-05-10,2.15,4.0,0.5375,26
573262,2021,634164,2021-05-11,2.65,4.0,0.6625,27
573262,2021,634113,2021-05-13,2.3,4.0,0.575,28
573262,2021,634108,2021-05-14,0.0,4.0,0.0,29
573262,2021,634094,2021-05-16,2.0,5.0,0.4,30
573262,2021,634070,2021-05-17,2.9,4.0,0.725,31
573262,2021,634058,2021-05-18,1.95,5.0,0.39,32
573262,2021,634061,2021-05-19,0.7,4.0,0.175,33
573262,2021,634020,2021-05-20,2.0999999999999996,5.0,0.41999999999999993,34
573262,2021,634013,2021-05-21,0.7,4.0,0.175,35
573262,2021,634011,2021-05-22,1.6,4.0,0.4,36
573262,2021,633980,2021-05-23,1.25,5.0,0.25,37
573262,2021,633979,2021-05-25,2.15,5.0,0.43,38
573262,2021,633939,2021-05-26,1.25,4.0,0.3125,39
573262,2021,633930,2021-05-27,0.9,4.0,0.225,40
573262,2021,633921,2021-05-28,1.4,5.0,0.27999999999999997,41
573262,2021,633938,2021-05-29,3.2,6.0,0.5333333333333333,42
573262,2021,633923,2021-05-30,0.7,2.0,0.35,43
573262,2021,633897,2021-05-31,0.0,4.0,0.0,44
573262,2021,633864,2021-06-01,0.9,1.0,0.9,45
573262,2021,633745,2021-06-12,0.0,3.0,0.0,46
573262,2021,633698,2021-06-12,1.25,1.0,1.25,47
573262,2021,633710,2021-06-13,1.25,4.0,0.3125,48
573262,2021,633734,2021-06-14,1.95,5.0,0.39,49
573262,2021,633679,2021-06-15,2.9,5.0,0.58,50
573262,2021,633645,2021-06-16,2.0999999999999996,5.0,0.41999999999999993,51
573262,2021,633622,2021-06-17,2.85,5.0,0.5700000000000001,52
573262,2021,633600,2021-06-18,0.0,4.0,0.0,53
573262,2021,633592,2021-06-19,2.9,4.0,0.725,54
573262,2021,633611,2021-06-20,2.9,5.0,0.58,55
573262,2021,633670,2021-06-22,0.9,5.0,0.18,56
573262,2021,633570,2021-06-23,2.0,7.0,0.2857142857142857,57
573262,2021,633523,2021-06-25,1.6,4.0,0.4,58
573262,2021,633500,2021-06-26,0.7,5.0,0.13999999999999999,59
573262,2021,633527,2021-06-27,0.7,4.0,0.175,60
573262,2021,633458,2021-06-28,0.0,4.0,0.0,61
573262,2021,633438,2021-07-01,2.7,4.0,0.675,62
573262,2021,633470,2021-07-02,1.8,5.0,0.36,63
573262,2021,633388,2021-07-03,2.7,5.0,0.54,64
573262,2021,633436,2021-07-04,0.0,4.0,0.0,65
573262,2021,633380,2021-07-05,0.0,1.0,0.0,66
573262,2021,633358,2021-07-06,2.7,5.0,0.54,67
573262,2021,633347,2021-07-07,1.95,5.0,0.39,68
573262,2021,633322,2021-07-09,1.4,4.0,0.35,69
573262,2021,633294,2021-07-10,0.9,5.0,0.18,70
573262,2021,633279,2021-07-11,1.8,4.0,0.45,71
573262,2021,633285,2021-07-16,4.0,4.0,1.0,72
573262,2021,633281,2021-07-17,0.7,4.0,0.175,73
573262,2021,633228,2021-07-18,1.8,4.0,0.45,74
573262,2021,633259,2021-07-19,0.0,5.0,0.0,75
573262,2021,633199,2021-07-20,2.0,4.0,0.5,76
573262,2021,633217,2021-07-21,2.0,4.0,0.5,77
573262,2021,633244,2021-07-22,1.6,4.0,0.4,78
573262,2021,633215,2021-07-23,0.0,5.0,0.0,79
573262,2021,633144,2021-07-24,0.0,4.0,0.0,80
573262,2021,633171,2021-07-25,0.0,1.0,0.0,81
573262,2021,633149,2021-07-27,0.7,4.0,0.175,82
573262,2021,633125,2021-07-28,0.9,4.0,0.225,83
573262,2021,633109,2021-07-29,0.7,5.0,0.13999999999999999,84
573262,2021,633120,2021-07-30,2.15,5.0,0.43,85
573262,2021,633088,2021-07-31,2.7,5.0,0.54,86
573262,2021,633086,2021-08-01,1.25,4.0,0.3125,87
573262,2021,633077,2021-08-02,2.7,5.0,0.54,88
573262,2021,633025,2021-08-03,0.0,1.0,0.0,89
573262,2021,633042,2021-08-05,0.0,1.0,0.0,90
573262,2021,633020,2021-08-06,0.9,4.0,0.225,91
573262,2021,632983,2021-08-07,0.0,6.0,0.0,92
573262,2021,632945,2021-08-08,0.0,1.0,0.0,93
573262,2021,632933,2021-08-10,2.15,4.0,0.5375,94
573262,2021,632951,2021-08-11,0.7,4.0,0.175,95
573262,2021,632939,2021-08-12,0.9,4.0,0.225,96
573262,2021,632906,2021-08-13,0.9,4.0,0.225,97
573262,2021,632889,2021-08-14,0.0,1.0,0.0,98
573262,2021,632863,2021-08-15,0.9,4.0,0.225,99
573262,2021,632886,2021-08-16,0.0,3.0,0.0,100
573262,2021,632919,2021-08-17,0.7,3.0,0.2333333333333333,101
573262,2021,632850,2021-08-18,0.7,5.0,0.13999999999999999,102
573262,2021,632809,2021-08-20,2.0,3.0,0.6666666666666666,103
573262,2021,632791,2021-08-22,0.9,2.0,0.45,104
573262,2021,632802,2021-08-24,2.0,5.0,0.4,105
573262,2021,632747,2021-08-25,0.0,2.0,0.0,106
573262,2021,632745,2021-08-26,1.8,4.0,0.45,107
573262,2021,632732,2021-08-27,0.9,4.0,0.225,108
573262,2021,632733,2021-08-28,3.25,4.0,0.8125,109
573262,2021,632701,2021-08-29,0.0,4.0,0.0,110
573262,2021,632687,2021-08-30,0.0,3.0,0.0,111
573262,2021,632682,2021-08-31,0.9,4.0,0.225,112
573262,2021,632661,2021-09-01,0.0,1.0,0.0,113
573262,2021,632645,2021-09-03,0.0,5.0,0.0,114
573262,2021,632636,2021-09-04,0.0,1.0,0.0,115
573262,2021,632599,2021-09-05,2.85,4.0,0.7125,116
573262,2021,632587,2021-09-07,3.5999999999999996,5.0,0.72,117
573262,2021,632589,2021-09-08,1.4,4.0,0.35,118
573262,2021,632550,2021-09-10,0.9,4.0,0.225,119
573262,2021,632547,2021-09-11,0.9,4.0,0.225,120
573262,2021,632508,2021-09-12,0.0,1.0,0.0,121
573262,2021,632520,2021-09-13,2.0,4.0,0.5,122
573262,2021,632491,2021-09-14,1.4,2.0,0.7,123
573262,2021,632464,2021-09-15,0.0,1.0,0.0,124
573262,2021,632473,2021-09-16,0.0,1.0,0.0,125
573262,2021,632453,2021-09-17,1.25,1.0,1.25,126
573262,2021,632442,2021-09-18,0.2,3.0,0.06666666666666667,127
573262,2021,632378,2021-09-21,0.9,4.0,0.225,128
573262,2021,632384,2021-09-22,0.9,4.0,0.225,129
573262,2021,632370,2021-09-23,2.0,4.0,0.5,130
573262,2021,632362,2021-09-24,2.7,4.0,0.675,131
573262,2021,632349,2021-09-25,0.9,1.0,0.9,132
573262,2021,632331,2021-09-26,0.0,4.0,0.0,133
573262,2021,632307,2021-09-28,1.95,3.0,0.65,134
573262,2021,632298,2021-09-29,0.9,4.0,0.225,135
573262,2021,632267,2021-10-01,2.3,4.0,0.575,136
573262,2021,632256,2021-10-02,0.0,4.0,0.0,137
573262,2021,632241,2021-10-03,1.95,4.0,0.4875,138
642336,2021,634602,2021-04-02,1.6,4.0,0.4,1
642336,2021,634596,2021-04-03,0.0,1.0,0.0,2
642336,2021,634590,2021-04-06,1.8,4.0,0.45,3
642336,2021,634641,2021-04-07,1.25,3.0,0.4166666666666667,4
642336,2021,632217,2021-04-10,0.9,4.0,0.225,5
642336,2021,632204,2021-04-12,0.0,3.0,0.0,6
642336,2021,634522,2021-04-15,1.8,4.0,0.45,7
642336,2021,634500,2021-04-17,3.25,4.0,0.8125,8
642336,2021,634396,2021-04-19,0.9,4.0,0.225,9
642336,2021,634446,2021-04-21,1.25,3.0,0.4166666666666667,10
642336,2021,634413,2021-04-23,0.9,4.0,0.225,11
642336,2021,634376,2021-04-25,0.9,4.0,0.225,12
642336,2021,634343,2021-04-26,0.0,2.0,0.0,13
642336,2021,634368,2021-04-27,3.4,4.0,0.85,14
642336,2021,634296,2021-04-29,1.25,4.0,0.3125,15
642336,2021,634323,2021-05-02,0.7,4.0,0.175,16
642336,2021,634334,2021-05-03,1.6,4.0,0.4,17
642336,2021,634267,2021-05-04,1.8,2.0,0.9,18
642336,2021,634281,2021-05-05,0.7,4.0,0.175,19
642336,2021,634071,2021-05-16,0.7,3.0,0.2333333333333333,20
642336,2021,634055,2021-05-19,0.7,5.0,0.13999999999999999,21
642336,2021,634120,2021-05-20,0.9,6.0,0.15,22
642336,2021,634078,2021-05-21,3.4,6.0,0.5666666666666667,23
642336,2021,634081,2021-05-22,0.0,1.0,0.0,24
642336,2021,633975,2021-05-23,2.9,3.0,0.9666666666666667,25
642336,2021,633963,2021-05-24,0.9,1.0,0.9,26
642336,2021,633990,2021-05-25,0.0,4.0,0.0,27
642336,2021,633894,2021-05-29,0.0,4.0,0.0,28
642336,2021,633882,2021-06-02,0.9,4.0,0.225,29
642336,2021,633830,2021-06-04,0.9,3.0,0.3,30
642336,2021,633802,2021-06-06,0.7,4.0,0.175,31
642336,2021,633767,2021-06-09,0.0,5.0,0.0,32
642336,2021,633737,2021-06-13,2.5,4.0,0.625,33
642336,2021,633676,2021-06-15,0.0,3.0,0.0,34
642336,2021,633634,2021-06-16,0.0,2.0,0.0,35
642336,2021,633615,2021-06-18,0.0,3.0,0.0,36
642336,2021,633519,2021-06-22,1.8,3.0,0.6,37
642336,2021,633517,2021-06-24,0.0,3.0,0.0,38
642336,2021,633535,2021-06-25,1.6,4.0,0.4,39
642336,2021,633459,2021-06-27,0.0,1.0,0.0,40
642336,2021,633427,2021-06-30,0.9,1.0,0.9,41
642336,2021,633464,2021-07-02,2.5,3.0,0.8333333333333334,42
642336,2021,633408,2021-07-04,0.7,4.0,0.175,43
642336,2021,633360,2021-07-07,1.95,3.0,0.65,44
642336,2021,633270,2021-07-11,0.0,3.0,0.0,45
642336,2021,633303,2021-07-17,0.0,4.0,0.0,46
642336,2021,633237,2021-07-18,1.25,1.0,1.25,47
642336,2021,633236,2021-07-19,0.9,3.0,0.3,48
642336,2021,633257,2021-07-20,3.6,4.0,0.9,49
642336,2021,633225,2021-07-21,1.8,4.0,0.45,50
642336,2021,633180,2021-07-22,1.6,4.0,0.4,51
642336,2021,633194,2021-07-25,0.0,3.0,0.0,52
642336,2021,633122,2021-07-28,1.6,4.0,0.4,53
642336,2021,633090,2021-07-31,2.9,4.0,0.725,54
642336,2021,633005,2021-08-03,1.4,3.0,0.4666666666666666,55
642336,2021,633006,2021-08-06,0.0,1.0,0.0,56
642336,2021,632971,2021-08-08,2.3,4.0,0.575,57
642336,2021,632996,2021-08-10,0.9,2.0,0.45,58
642336,2021,632931,2021-08-11,0.0,4.0,0.0,59
642336,2021,632913,2021-08-14,0.9,3.0,0.3,60
642336,2021,632890,2021-08-16,0.9,4.0,0.225,61
642336,2021,632864,2021-08-17,0.0,1.0,0.0,62
642336,2021,632849,2021-08-18,2.15,4.0,0.5375,63
642336,2021,632833,2021-08-19,0.9,4.0,0.225,64
642336,2021,632785,2021-08-22,2.15,4.0,0.5375,65
642336,2021,632727,2021-08-25,2.9,4.0,0.725,66
642336,2021,632721,2021-08-28,0.0,4.0,0.0,67
642336,2021,632669,2021-08-31,1.95,4.0,0.4875,68
642336,2021,632627,2021-09-03,0.9,3.0,0.3,69
642336,2021,632603,2021-09-06,0.0,3.0,0.0,70
642336,2021,632543,2021-09-10,0.0,4.0,0.0,71
642336,2021,632512,2021-09-12,0.0,2.0,0.0,72
642336,2021,632489,2021-09-13,0.0,3.0,0.0,73
642336,2021,632440,2021-09-17,0.7,4.0,0.175,74
642336,2021,632406,2021-09-20,0.0,4.0,0.0,75
642336,2021,632377,2021-09-22,2.15,4.0,0.5375,76
642336,2021,632358,2021-09-24,2.85,4.0,0.7125,77
642336,2021,632290,2021-09-26,0.0,3.0,0.0,78
642336,2021,632305,2021-09-29,1.6,4.0,0.4,79
642336,2021,632282,2021-10-01,2.5,4.0,0.625,80
642336,2021,632259,2021-10-02,2.5,5.0,0.5,81
641645,2021,634608,2021-04-06,0.7,3.0,0.2333333333333333,1
641645,2021,634626,2021-04-07,2.5,4.0,0.625,2
641645,2021,634584,2021-04-08,0.9,1.0,0.9,3
641645,2021,632189,2021-04-13,2.3,3.0,0.7666666666666666,4
641645,2021,634528,2021-04-14,0.0,4.0,0.0,5
641645,2021,634411,2021-04-20,0.9,1.0,0.9,6
641645,2021,634453,2021-04-21,0.9,1.0,0.9,7
641645,2021,634419,2021-04-22,0.7,5.0,0.13999999999999999,8
641645,2021,634443,2021-04-24,0.0,1.0,0.0,9
641645,2021,633771,2021-06-11,0.0,1.0,0.0,10
641645,2021,633732,2021-06-12,0.9,3.0,0.3,11
641645,2021,633722,2021-06-13,1.6,4.0,0.4,12
641645,2021,633678,2021-06-14,0.7,3.0,0.2333333333333333,13
641645,2021,633681,2021-06-15,1.6,4.0,0.4,14
641645,2021,633630,2021-06-16,0.7,4.0,0.175,15
641645,2021,633692,2021-06-17,0.0,1.0,0.0,16
641645,2021,633618,2021-06-18,0.9,2.0,0.45,17
641645,2021,633583,2021-06-19,0.7,1.0,0.7,18
641645,2021,634647,2021-06-19,0.9,3.0,0.3,19
641645,2021,633557,2021-06-20,0.0,3.0,0.0,20
641645,2021,633899,2021-06-21,0.0,1.0,0.0,21
641645,2021,633750,2021-06-22,0.7,3.0,0.2333333333333333,22
641645,2021,633561,2021-06-23,3.75,4.0,0.9375,23
641645,2021,633545,2021-06-25,0.9,3.0,0.3,24
641645,2021,634515,2021-06-25,1.6,3.0,0.5333333333333333,25
641645,2021,633539,2021-06-26,1.6,5.0,0.32,26
641645,2021,633504,2021-06-27,0.7,4.0,0.175,27
641645,2021,634620,2021-06-28,1.8,3.0,0.6,28
641645,2021,633587,2021-06-29,1.1,3.0,0.3666666666666667,29
641645,2021,633437,2021-06-30,0.9,3.0,0.3,30
641645,2021,633418,2021-07-01,0.0,4.0,0.0,31
641645,2021,633522,2021-07-04,1.8,3.0,0.6,32
641645,2021,633412,2021-07-05,0.9,1.0,0.9,33
641645,2021,633395,2021-07-07,0.0,3.0,0.0,34
641645,2021,633308,2021-07-09,0.0,1.0,0.0,35
641645,2021,633325,2021-07-11,1.6,2.0,0.8,36
641645,2021,633346,2021-07-16,0.0,1.0,0.0,37
641645,2021,633290,2021-07-17,2.85,4.0,0.7125,38
641645,2021,633235,2021-07-18,0.0,1.0,0.0,39
641645,2021,633271,2021-07-19,2.5,5.0,0.5,40
641645,2021,633234,2021-07-20,1.25,1.0,1.25,41
641645,2021,633196,2021-07-21,2.9,5.0,0.58,42
641645,2021,633221,2021-07-23,0.9,3.0,0.3,43
641645,2021,633272,2021-07-24,1.8,4.0,0.45,44
641645,2021,633174,2021-07-25,0.9,3.0,0.3,45
641645,2021,633145,2021-07-26,0.0,2.0,0.0,46
641645,2021,633925,2021-07-26,0.0,1.0,0.0,47
641645,2021,633147,2021-07-27,1.6,4.0,0.4,48
641645,2021,633100,2021-07-30,0.7,4.0,0.175,49
641645,2021,632617,2021-09-03,0.0,1.0,0.0,50
641645,2021,632611,2021-09-04,0.0,2.0,0.0,51
641645,2021,632598,2021-09-05,0.0,1.0,0.0,52
641645,2021,632574,2021-09-08,0.7,1.0,0.7,53
641645,2021,632551,2021-09-11,0.0,1.0,0.0,54
641645,2021,632478,2021-09-13,0.0,1.0,0.0,55
641645,2021,632467,2021-09-17,0.0,1.0,0.0,56
641645,2021,632389,2021-09-22,0.0,2.0,0.0,57
641645,2021,632328,2021-09-26,0.0,1.0,0.0,58
641645,2021,632283,2021-09-30,0.0,1.0,0.0,59
641645,2021,632262,2021-10-02,0.9,4.0,0.225,60
641645,2021,632254,2021-10-03,0.0,1.0,0.0,61
664057,2021,634624,2021-04-06,2.7,4.0,0.675,1
664057,2021,634527,2021-04-07,0.0,4.0,0.0,2
664057,2021,634595,2021-04-07,0.0,3.0,0.0,3
664057,2021,634533,2021-04-09,0.0,4.0,0.0,4
664057,2021,632191,2021-04-10,0.0,2.0,0.0,5
664057,2021,632214,2021-04-11,0.9,1.0,0.9,6
664057,2021,632230,2021-04-12,2.0,1.0,2.0,7
664057,2021,634502,2021-04-13,0.0,1.0,0.0,8
664057,2021,634541,2021-04-14,0.7,1.0,0.7,9
664057,2021,634481,2021-04-15,0.9,3.0,0.3,10
664057,2021,634507,2021-04-17,1.25,2.0,0.625,11
664057,2021,634493,2021-04-18,0.0,1.0,0.0,12
664057,2021,634431,2021-04-19,0.7,1.0,0.7,13
664057,2021,634509,2021-04-20,1.6,4.0,0.4,14
664057,2021,634405,2021-04-21,0.9,4.0,0.225,15
664057,2021,634429,2021-04-23,1.25,4.0,0.3125,16
664057,2021,634443,2021-04-24,0.9,4.0,0.225,17
664057,2021,634344,2021-04-25,0.9,1.0,0.9,18
664057,2021,634274,2021-04-30,0.0,1.0,0.0,19
664057,2021,634304,2021-05-01,0.9,4.0,0.225,20
664057,2021,634259,2021-05-02,0.0,1.0,0.0,21
664057,2021,634297,2021-05-04,0.0,1.0,0.0,22
664057,2021,634266,2021-05-05,0.7,2.0,0.35,23
664057,2021,634234,2021-05-07,0.7,1.0,0.7,24
664057,2021,634144,2021-05-11,0.0,1.0,0.0,25
664057,2021,634151,2021-05-12,0.9,4.0,0.225,26
664057,2021,634162,2021-05-14,2.9,3.0,0.9666666666666667,27
664057,2021,634097,2021-05-15,0.0,1.0,0.0,28
664057,2021,634130,2021-05-16,0.9,1.0,0.9,29
664057,2021,634076,2021-05-17,0.0,1.0,0.0,30
664057,2021,634053,2021-05-19,0.7,1.0,0.7,31
664057,2021,634112,2021-05-20,0.0,3.0,0.0,32
664057,2021,634012,2021-05-21,0.2,3.0,0.06666666666666667,33
664057,2021,634062,2021-05-22,0.9,3.0,0.3,34
664057,2021,633977,2021-05-23,2.5,4.0,0.625,35
664057,2021,633965,2021-05-25,0.7,3.0,0.2333333333333333,36
664057,2021,633890,2021-05-26,0.0,4.0,0.0,37
664057,2021,634003,2021-05-27,0.0,2.0,0.0,38
664057,2021,633950,2021-05-29,0.9,1.0,0.9,39
664057,2021,633916,2021-05-29,1.8,2.0,0.9,40
664057,2021,633933,2021-05-30,0.0,3.0,0.0,41
664057,2021,633917,2021-05-31,0.2,2.0,0.1,42
664057,2021,633883,2021-06-02,0.0,1.0,0.0,43
664057,2021,633786,2021-06-06,0.0,1.0,0.0,44
664057,2021,633746,2021-06-11,0.0,1.0,0.0,45
664057,2021,633745,2021-06-12,0.0,2.0,0.0,46
664057,2021,633698,2021-06-12,0.0,1.0,0.0,47
664057,2021,633710,2021-06-13,0.0,1.0,0.0,48
664057,2021,633693,2021-06-14,0.0,1.0,0.0,49
664057,2021,633628,2021-06-16,0.9,1.0,0.9,50
664057,2021,633300,2021-07-18,1.6,3.0,0.5333333333333333,51
664057,2021,633233,2021-07-19,0.0,5.0,0.0,52
664057,2021,633191,2021-07-21,1.95,4.0,0.4875,53
664057,2021,633176,2021-07-23,1.95,3.0,0.65,54
664057,2021,633195,2021-07-24,0.0,2.0,0.0,55
664057,2021,633168,2021-07-26,0.0,1.0,0.0,56
664057,2021,633152,2021-07-27,0.0,1.0,0.0,57
664057,2021,633134,2021-07-29,0.9,4.0,0.225,58
664057,2021,633081,2021-07-29,0.0,3.0,0.0,59
664057,2021,633094,2021-07-30,1.25,4.0,0.3125,60
664057,2021,633132,2021-07-31,0.0,3.0,0.0,61
664057,2021,633044,2021-08-01,0.0,1.0,0.0,62
664057,2021,633057,2021-08-02,2.0,1.0,2.0,63
664057,2021,633066,2021-08-03,0.0,4.0,0.0,64
664057,2021,633040,2021-08-04,0.9,1.0,0.9,65
664057,2021,632994,2021-08-07,0.0,4.0,0.0,66
664057,2021,632975,2021-08-08,0.0,1.0,0.0,67
664057,2021,632966,2021-08-10,0.0,1.0,0.0,68
664057,2021,632949,2021-08-12,0.9,1.0,0.9,69
664057,2021,632912,2021-08-12,0.9,4.0,0.225,70
664057,2021,632921,2021-08-13,0.0,1.0,0.0,71
664057,2021,632867,2021-08-15,0.0,1.0,0.0,72
664057,2021,632825,2021-08-17,0.0,1.0,0.0,73
664057,2021,632856,2021-08-18,0.9,1.0,0.9,74
664057,2021,632829,2021-08-21,0.0,1.0,0.0,75
664057,2021,632677,2021-08-31,0.9,1.0,0.9,76
664057,2021,632670,2021-09-02,0.0,1.0,0.0,77
664057,2021,634556,2021-09-04,3.6,4.0,0.9,78
664057,2021,632611,2021-09-04,0.9,3.0,0.3,79
664057,2021,632598,2021-09-05,0.7,3.0,0.2333333333333333,80
664057,2021,632604,2021-09-06,0.9,1.0,0.9,81
664057,2021,632583,2021-09-07,0.0,1.0,0.0,82
664057,2021,632554,2021-09-08,0.0,1.0,0.0,83
664057,2021,632570,2021-09-09,0.0,1.0,0.0,84
664057,2021,632501,2021-09-11,0.0,1.0,0.0,85
664057,2021,632526,2021-09-12,0.0,1.0,0.0,86
664057,2021,632518,2021-09-13,0.0,1.0,0.0,87
664057,2021,632496,2021-09-14,0.9,1.0,0.9,88
664057,2021,632477,2021-09-15,0.0,1.0,0.0,89
664057,2021,632450,2021-09-17,0.0,1.0,0.0,90
664057,2021,632417,2021-09-18,0.9,1.0,0.9,91
664057,2021,632379,2021-09-21,0.0,1.0,0.0,92
664057,2021,632385,2021-09-22,0.0,1.0,0.0,93
664057,2021,632387,2021-09-23,0.0,3.0,0.0,94
664057,2021,632364,2021-09-24,0.7,5.0,0.13999999999999999,95
664057,2021,632338,2021-09-25,1.6,4.0,0.4,96
664057,2021,632333,2021-09-26,0.7,2.0,0.35,97
664057,2021,632319,2021-09-27,0.9,1.0,0.9,98
664057,2021,632310,2021-09-29,0.0,1.0,0.0,99
664057,2021,632261,2021-10-01,1.25,4.0,0.3125,100
664057,2021,632244,2021-10-02,2.9,4.0,0.725,101
664774,2021,632188,2021-04-11,2.85,4.0,0.7125,1
664774,2021,634648,2021-04-12,0.0,1.0,0.0,2
664774,2021,634510,2021-04-13,0.0,2.0,0.0,3
664774,2021,634113,2021-05-13,0.0,4.0,0.0,4
664774,2021,634085,2021-05-15,0.9,1.0,0.9,5
664774,2021,633921,2021-05-28,3.0,5.0,0.6,6
664774,2021,633938,2021-05-29,0.9,2.0,0.45,7
664774,2021,633923,2021-05-30,0.9,2.0,0.45,8
664774,2021,633897,2021-05-31,2.0,3.0,0.6666666666666666,9
664774,2021,633864,2021-06-01,0.0,1.0,0.0,10
664774,2021,633823,2021-06-03,0.7,5.0,0.13999999999999999,11
664774,2021,633817,2021-06-04,2.0,5.0,0.4,12
664774,2021,633886,2021-06-05,0.9,4.0,0.225,13
664774,2021,633869,2021-06-06,3.4,5.0,0.6799999999999999,14
664774,2021,633752,2021-06-08,2.7,5.0,0.54,15
664774,2021,633756,2021-06-09,0.7,5.0,0.13999999999999999,16
664774,2021,633746,2021-06-11,0.0,4.0,0.0,17
664774,2021,633745,2021-06-12,1.1,2.0,0.55,18
664774,2021,633698,2021-06-12,0.9,4.0,0.225,19
664774,2021,633734,2021-06-14,1.6,3.0,0.5333333333333333,20
664774,2021,633679,2021-06-15,0.0,2.0,0.0,21
664774,2021,633645,2021-06-16,2.9,6.0,0.48333333333333334,22
664774,2021,633622,2021-06-17,0.7,5.0,0.13999999999999999,23
664774,2021,633600,2021-06-18,2.85,4.0,0.7125,24
664774,2021,633592,2021-06-19,2.15,5.0,0.43,25
664774,2021,633611,2021-06-20,0.9,4.0,0.225,26
664774,2021,633523,2021-06-25,0.0,1.0,0.0,27
664774,2021,633500,2021-06-26,3.6,5.0,0.72,28
664774,2021,633527,2021-06-27,0.0,1.0,0.0,29
664774,2021,633458,2021-06-28,3.6,5.0,0.72,30
664774,2021,633471,2021-06-29,0.0,4.0,0.0,31
664774,2021,633438,2021-07-01,0.0,4.0,0.0,32
664774,2021,633470,2021-07-02,3.95,5.0,0.79,33
664774,2021,633388,2021-07-03,0.9,4.0,0.225,34
664774,2021,633436,2021-07-04,0.0,1.0,0.0,35
664774,2021,633380,2021-07-05,0.0,2.0,0.0,36
664774,2021,633358,2021-07-06,0.7,3.0,0.2333333333333333,37
664774,2021,633347,2021-07-07,1.4,3.0,0.4666666666666666,38
664774,2021,633279,2021-07-11,0.7,4.0,0.175,39
664774,2021,633285,2021-07-16,2.0,3.0,0.6666666666666666,40
664774,2021,633281,2021-07-17,0.0,1.0,0.0,41
664774,2021,633228,2021-07-18,0.0,2.0,0.0,42
664774,2021,633259,2021-07-19,2.65,3.0,0.8833333333333333,43
664774,2021,633199,2021-07-20,2.0,3.0,0.6666666666666666,44
664774,2021,633217,2021-07-21,0.2,3.0,0.06666666666666667,45
664774,2021,633244,2021-07-22,2.15,5.0,0.43,46
664774,2021,633215,2021-07-23,1.6,5.0,0.32,47
664774,2021,633144,2021-07-24,2.7,4.0,0.675,48
664774,2021,633171,2021-07-25,5.25,5.0,1.05,49
664774,2021,633149,2021-07-27,0.0,4.0,0.0,50
664774,2021,633125,2021-07-28,0.0,1.0,0.0,51
664774,2021,633109,2021-07-29,1.25,1.0,1.25,52
664774,2021,633120,2021-07-30,0.0,2.0,0.0,53
664774,2021,633088,2021-07-31,2.0,3.0,0.6666666666666666,54
664774,2021,633086,2021-08-01,0.7,4.0,0.175,55
664774,2021,633046,2021-08-04,0.7,5.0,0.13999999999999999,56
664774,2021,633042,2021-08-05,0.9,5.0,0.18,57
664774,2021,633020,2021-08-06,1.6,4.0,0.4,58
664774,2021,632983,2021-08-07,1.8,6.0,0.3,59
664774,2021,632945,2021-08-08,1.6,4.0,0.4,60
664774,2021,632933,2021-08-10,0.9,5.0,0.18,61
664774,2021,632951,2021-08-11,2.9,5.0,0.58,62
664774,2021,632939,2021-08-12,2.0,4.0,0.5,63
664774,2021,632906,2021-08-13,0.0,1.0,0.0,64
664774,2021,632889,2021-08-14,0.0,1.0,0.0,65
664774,2021,632863,2021-08-15,0.9,3.0,0.3,66
664774,2021,632886,2021-08-16,0.0,2.0,0.0,67
664774,2021,632919,2021-08-17,0.9,4.0,0.225,68
664774,2021,632850,2021-08-18,2.15,5.0,0.43,69
664774,2021,632809,2021-08-20,0.0,4.0,0.0,70
664774,2021,632842,2021-08-21,2.0,1.0,2.0,71
664774,2021,632791,2021-08-22,0.0,3.0,0.0,72
664774,2021,632802,2021-08-24,2.9,5.0,0.58,73
664774,2021,632747,2021-08-25,0.0,4.0,0.0,74
664774,2021,632745,2021-08-26,0.9,3.0,0.3,75
664774,2021,632732,2021-08-27,0.0,3.0,0.0,76
664774,2021,632733,2021-08-28,1.6,5.0,0.32,77
664774,2021,632701,2021-08-29,2.15,4.0,0.5375,78
664774,2021,632687,2021-08-30,0.7,4.0,0.175,79
664774,2021,632682,2021-08-31,2.85,5.0,0.5700000000000001,80
664774,2021,632661,2021-09-01,1.25,1.0,1.25,81
664774,2021,632659,2021-09-02,0.0,1.0,0.0,82
664774,2021,632645,2021-09-03,0.0,1.0,0.0,83
664774,2021,632636,2021-09-04,1.95,2.0,0.975,84
664774,2021,632599,2021-09-05,1.25,4.0,0.3125,85
664774,2021,632608,2021-09-06,0.0,1.0,0.0,86
664774,2021,632587,2021-09-07,2.65,5.0,0.53,87
664774,2021,632589,2021-09-08,2.5,5.0,0.5,88
664774,2021,632550,2021-09-10,1.8,4.0,0.45,89
664774,2021,632547,2021-09-11,1.6,6.0,0.26666666666666666,90
664774,2021,632520,2021-09-13,2.3,4.0,0.575,91
664774,2021,632491,2021-09-14,0.9,5.0,0.18,92
664774,2021,632464,2021-09-15,1.6,5.0,0.32,93
664774,2021,632473,2021-09-16,2.15,5.0,0.43,94
664774,2021,632453,2021-09-17,2.7,3.0,0.9,95
664774,2021,632442,2021-09-18,0.7,3.0,0.2333333333333333,96
664774,2021,632378,2021-09-21,1.8,5.0,0.36,97
664774,2021,632384,2021-09-22,2.0,4.0,0.5,98
664774,2021,632370,2021-09-23,1.25,2.0,0.625,99
664774,2021,632362,2021-09-24,0.0,5.0,0.0,100
664774,2021,632349,2021-09-25,0.0,5.0,0.0,101
664774,2021,632331,2021-09-26,0.7,3.0,0.2333333333333333,102
664774,2021,632307,2021-09-28,0.0,2.0,0.0,103
664774,2021,632298,2021-09-29,0.2,3.0,0.06666666666666667,104
664774,2021,632278,2021-09-30,0.9,2.0,0.45,105
664774,2021,632267,2021-10-01,0.9,4.0,0.225,106
664774,2021,632256,2021-10-02,0.0,2.0,0.0,107
664774,2021,632241,2021-10-03,0.7,5.0,0.13999999999999999,108
605119,2021,634652,2021-04-01,0.0,3.0,0.0,1
605119,2021,634602,2021-04-02,0.9,4.0,0.225,2
605119,2021,634562,2021-04-05,1.25,4.0,0.3125,3
605119,2021,634594,2021-04-06,1.6,4.0,0.4,4
605119,2021,634585,2021-04-07,0.7,4.0,0.175,5
605119,2021,634584,2021-04-08,0.9,4.0,0.225,6
605119,2021,632201,2021-04-10,0.0,4.0,0.0,7
605119,2021,632192,2021-04-11,3.4,5.0,0.6799999999999999,8
605119,2021,632219,2021-04-12,1.25,5.0,0.25,9
605119,2021,632211,2021-04-13,3.8,5.0,0.76,10
605119,2021,634581,2021-04-14,0.7,5.0,0.13999999999999999,11
605119,2021,634579,2021-04-15,0.7,5.0,0.13999999999999999,12
605119,2021,634519,2021-04-16,0.0,4.0,0.0,13
605119,2021,634450,2021-04-17,2.85,6.0,0.47500000000000003,14
605119,2021,634425,2021-04-18,0.9,3.0,0.3,15
605119,2021,634427,2021-04-20,0.9,5.0,0.18,16
605119,2021,634245,2021-05-04,2.0,3.0,0.6666666666666666,17
605119,2021,634249,2021-05-05,0.9,4.0,0.225,18
605119,2021,634291,2021-05-06,0.9,3.0,0.3,19
605119,2021,634215,2021-05-08,0.9,4.0,0.225,20
605119,2021,634207,2021-05-09,0.9,4.0,0.225,21
605119,2021,634157,2021-05-10,0.9,4.0,0.225,22
605119,2021,634180,2021-05-11,0.0,4.0,0.0,23
605119,2021,634183,2021-05-12,0.0,3.0,0.0,24
605119,2021,634136,2021-05-13,0.9,4.0,0.225,25
605119,2021,634145,2021-05-14,0.9,4.0,0.225,26
605119,2021,634096,2021-05-15,0.0,3.0,0.0,27
605119,2021,634122,2021-05-16,1.95,4.0,0.4875,28
605119,2021,634051,2021-05-18,2.15,4.0,0.5375,29
605119,2021,634044,2021-05-19,2.0,4.0,0.5,30
605119,2021,634039,2021-05-20,2.3,4.0,0.575,31
605119,2021,634089,2021-05-21,2.65,5.0,0.53,32
605119,2021,633999,2021-05-22,2.7,4.0,0.675,33
605119,2021,633998,2021-05-23,1.8,4.0,0.45,34
605119,2021,633976,2021-05-24,0.7,1.0,0.7,35
605119,2021,633210,2021-07-24,0.9,4.0,0.225,36
605119,2021,633135,2021-07-25,2.7,5.0,0.54,37
605119,2021,633153,2021-07-27,4.5,5.0,0.9,38
605119,2021,633098,2021-07-28,1.6,5.0,0.32,39
605119,2021,633073,2021-07-30,1.6,4.0,0.4,40
605119,2021,633092,2021-07-31,0.9,4.0,0.225,41
605119,2021,633069,2021-08-01,0.0,4.0,0.0,42
605119,2021,633049,2021-08-03,0.0,4.0,0.0,43
605119,2021,633021,2021-08-04,1.25,4.0,0.3125,44
605119,2021,633033,2021-08-05,1.6,4.0,0.4,45
605119,2021,633001,2021-08-07,1.8,5.0,0.36,46
605119,2021,632977,2021-08-08,0.7,5.0,0.13999999999999999,47
605119,2021,632942,2021-08-09,0.7,4.0,0.175,48
605119,2021,632976,2021-08-10,0.9,4.0,0.225,49
605119,2021,632959,2021-08-11,2.5,5.0,0.5,50
605119,2021,632930,2021-08-13,1.6,4.0,0.4,51
605119,2021,632941,2021-08-14,2.9,4.0,0.725,52
605119,2021,632874,2021-08-15,0.9,4.0,0.225,53
605119,2021,632858,2021-08-16,0.0,4.0,0.0,54
605119,2021,632872,2021-08-17,0.9,3.0,0.3,55
605119,2021,632865,2021-08-18,0.0,1.0,0.0,56
605119,2021,632816,2021-08-19,0.7,4.0,0.175,57
605119,2021,632832,2021-08-20,0.0,4.0,0.0,58
605119,2021,632797,2021-08-21,1.95,4.0,0.4875,59
605119,2021,632801,2021-08-22,0.0,1.0,0.0,60
605119,2021,632789,2021-08-24,1.25,4.0,0.3125,61
605119,2021,632760,2021-08-25,3.4,4.0,0.85,62
605119,2021,632754,2021-08-26,2.5,4.0,0.625,63
605119,2021,632742,2021-08-27,0.9,4.0,0.225,64
605119,2021,632757,2021-08-28,2.3,4.0,0.575,65
605119,2021,632684,2021-08-29,0.7,3.0,0.2333333333333333,66
656716,2021,634615,2021-04-01,1.25,1.0,1.25,1
656716,2021,634633,2021-04-03,2.0,2.0,1.0,2
656716,2021,634557,2021-04-04,1.25,4.0,0.3125,3
656716,2021,634600,2021-04-05,3.05,5.0,0.61,4
656716,2021,634628,2021-04-06,0.0,4.0,0.0,5
656716,2021,634567,2021-04-07,0.0,5.0,0.0,6
656716,2021,634533,2021-04-09,0.7,3.0,0.2333333333333333,7
656716,2021,632191,2021-04-10,1.6,4.0,0.4,8
656716,2021,632214,2021-04-11,3.25,3.0,1.0833333333333333,9
656716,2021,632212,2021-04-13,0.0,1.0,0.0,10
656716,2021,634614,2021-04-14,2.9,4.0,0.725,11
656716,2021,634547,2021-04-15,0.0,4.0,0.0,12
656716,2021,634531,2021-04-16,3.75,6.0,0.625,13
656716,2021,634449,2021-04-17,0.7,4.0,0.175,14
656716,2021,634488,2021-04-18,0.9,1.0,0.9,15
656716,2021,634421,2021-04-19,0.9,4.0,0.225,16
656716,2021,634417,2021-04-20,0.0,3.0,0.0,17
656716,2021,633938,2021-05-29,0.9,3.0,0.3,18
656716,2021,633923,2021-05-30,0.0,3.0,0.0,19
656716,2021,633851,2021-05-31,0.0,3.0,0.0,20
656716,2021,633879,2021-06-01,0.0,1.0,0.0,21
656716,2021,633988,2021-06-02,1.6,5.0,0.32,22
656716,2021,633828,2021-06-05,0.0,2.0,0.0,23
656716,2021,633744,2021-06-10,0.9,4.0,0.225,24
656716,2021,633761,2021-06-11,0.0,1.0,0.0,25
656716,2021,633723,2021-06-12,0.0,3.0,0.0,26
656716,2021,633719,2021-06-13,3.75,4.0,0.9375,27
656716,2021,633652,2021-06-14,0.0,3.0,0.0,28
656716,2021,633675,2021-06-15,2.15,4.0,0.5375,29
656716,2021,633677,2021-06-16,0.9,3.0,0.3,30
656716,2021,633598,2021-06-19,2.3,5.0,0.45999999999999996,31
656716,2021,633582,2021-06-20,0.7,2.0,0.35,32
656716,2021,633651,2021-06-21,0.0,4.0,0.0,33
656716,2021,633627,2021-06-23,0.0,3.0,0.0,34
656716,2021,633608,2021-06-25,2.7,4.0,0.675,35
656716,2021,633562,2021-06-26,0.9,3.0,0.3,36
656716,2021,633472,2021-06-27,2.9,4.0,0.725,37
656716,2021,633404,2021-07-02,0.7,1.0,0.7,38
656716,2021,633398,2021-07-04,0.9,4.0,0.225,39
656716,2021,633361,2021-07-05,0.0,3.0,0.0,40
656716,2021,633376,2021-07-06,0.0,1.0,0.0,41
656716,2021,633333,2021-07-07,2.0,1.0,2.0,42
656716,2021,633334,2021-07-08,0.9,4.0,0.225,43
656716,2021,633320,2021-07-09,0.0,1.0,0.0,44
656716,2021,633311,2021-07-10,2.0,3.0,0.6666666666666666,45
656716,2021,633302,2021-07-11,0.8999999999999999,1.0,0.8999999999999999,46
656716,2021,633255,2021-07-18,0.0,4.0,0.0,47
656716,2021,633259,2021-07-19,1.25,4.0,0.3125,48
656716,2021,633199,2021-07-20,1.25,4.0,0.3125,49
656716,2021,633217,2021-07-21,0.0,3.0,0.0,50
656716,2021,633173,2021-07-23,0.0,5.0,0.0,51
656716,2021,633172,2021-07-25,0.0,4.0,0.0,52
656716,2021,633149,2021-07-27,0.0,1.0,0.0,53
656716,2021,633109,2021-07-29,0.0,1.0,0.0,54
656716,2021,633102,2021-07-30,0.0,1.0,0.0,55
656716,2021,633099,2021-07-31,0.0,1.0,0.0,56
656716,2021,632645,2021-09-03,0.0,1.0,0.0,57
670712,2021,634596,2021-04-03,0.9,4.0,0.225,1
670712,2021,634601,2021-04-05,0.0,3.0,0.0,2
670712,2021,634590,2021-04-06,1.25,3.0,0.4166666666666667,3
670712,2021,634641,2021-04-07,0.9,2.0,0.45,4
670712,2021,632232,2021-04-11,1.6,3.0,0.5333333333333333,5
670712,2021,634489,2021-04-13,0.0,1.0,0.0,6
670712,2021,634522,2021-04-15,3.25,5.0,0.65,7
670712,2021,634464,2021-04-16,1.25,5.0,0.25,8
670712,2021,634500,2021-04-17,1.6,4.0,0.4,9
670712,2021,634458,2021-04-18,0.0,4.0,0.0,10
670712,2021,634396,2021-04-19,0.7,4.0,0.175,11
670712,2021,634413,2021-04-23,0.0,4.0,0.0,12
670712,2021,634358,2021-04-24,2.7,4.0,0.675,13
670712,2021,634376,2021-04-25,1.6,4.0,0.4,14
670712,2021,634343,2021-04-26,0.0,3.0,0.0,15
670712,2021,634308,2021-04-28,0.0,3.0,0.0,16
670712,2021,634296,2021-04-29,0.7,4.0,0.175,17
670712,2021,634307,2021-05-01,0.0,1.0,0.0,18
670712,2021,634334,2021-05-03,0.9,5.0,0.18,19
670712,2021,634247,2021-05-06,0.9,5.0,0.18,20
670712,2021,634263,2021-05-07,1.25,3.0,0.4166666666666667,21
670712,2021,634236,2021-05-08,0.0,1.0,0.0,22
670712,2021,634211,2021-05-09,2.9,4.0,0.725,23
670712,2021,634169,2021-05-11,0.0,2.0,0.0,24
670712,2021,634210,2021-05-12,0.0,1.0,0.0,25
670712,2021,634126,2021-05-13,0.0,4.0,0.0,26
670712,2021,634093,2021-05-14,0.0,3.0,0.0,27
670712,2021,634105,2021-05-15,0.0,1.0,0.0,28
670712,2021,634055,2021-05-19,2.0,2.0,1.0,29
670712,2021,634120,2021-05-20,0.0,1.0,0.0,30
670712,2021,634078,2021-05-21,0.9,2.0,0.45,31
670712,2021,634081,2021-05-22,0.0,4.0,0.0,32
670712,2021,633975,2021-05-23,2.3,5.0,0.45999999999999996,33
670712,2021,633963,2021-05-24,1.25,4.0,0.3125,34
670712,2021,634064,2021-05-26,2.0999999999999996,4.0,0.5249999999999999,35
670712,2021,633894,2021-05-29,0.7,1.0,0.7,36
670712,2021,633882,2021-06-02,2.15,3.0,0.7166666666666667,37
670712,2021,633819,2021-06-03,0.0,1.0,0.0,38
670712,2021,633830,2021-06-04,0.0,2.0,0.0,39
670712,2021,633839,2021-06-05,0.0,4.0,0.0,40
670712,2021,633802,2021-06-06,1.6,2.0,0.8,41
670712,2021,633766,2021-06-08,1.25,4.0,0.3125,42
670712,2021,633767,2021-06-09,0.0,3.0,0.0,43
670712,2021,633781,2021-06-11,1.8,4.0,0.45,44
670712,2021,633737,2021-06-13,0.0,3.0,0.0,45
670712,2021,633676,2021-06-15,0.9,3.0,0.3,46
670712,2021,633634,2021-06-16,0.9,2.0,0.45,47
670712,2021,633615,2021-06-18,1.4,4.0,0.35,48
670712,2021,633443,2021-06-29,0.0,1.0,0.0,49
670712,2021,633427,2021-06-30,1.6,4.0,0.4,50
670712,2021,633403,2021-07-03,0.0,2.0,0.0,51
670712,2021,633408,2021-07-04,0.9,4.0,0.225,52
670712,2021,633360,2021-07-07,1.95,3.0,0.65,53
670712,2021,632866,2021-08-15,2.15,3.0,0.7166666666666667,54
670712,2021,632890,2021-08-16,2.0,4.0,0.5,55
543063,2021,634625,2021-04-01,0.9,4.0,0.225,1
543063,2021,634578,2021-04-02,0.7,4.0,0.175,2
543063,2021,634639,2021-04-03,0.9,4.0,0.225,3
543063,2021,634591,2021-04-05,0.0,4.0,0.0,4
543063,2021,634529,2021-04-06,2.0,3.0,0.6666666666666666,5
543063,2021,634494,2021-04-09,1.25,4.0,0.3125,6
543063,2021,632169,2021-04-10,2.7,4.0,0.675,7
543063,2021,632188,2021-04-11,1.25,4.0,0.3125,8
543063,2021,634648,2021-04-12,0.0,3.0,0.0,9
543063,2021,634510,2021-04-13,2.7,4.0,0.675,10
543063,2021,634582,2021-04-14,0.0,3.0,0.0,11
543063,2021,634519,2021-04-16,0.0,3.0,0.0,12
543063,2021,634450,2021-04-17,2.7,4.0,0.675,13
543063,2021,634425,2021-04-18,0.9,3.0,0.3,14
543063,2021,634457,2021-04-19,0.0,4.0,0.0,15
543063,2021,634439,2021-04-20,1.8,4.0,0.45,16
543063,2021,634428,2021-04-21,0.9,4.0,0.225,17
543063,2021,634432,2021-04-22,0.0,1.0,0.0,18
543063,2021,634369,2021-04-23,0.0,4.0,0.0,19
543063,2021,634354,2021-04-27,3.8,4.0,0.95,20
543063,2021,634309,2021-04-28,0.7,4.0,0.175,21
543063,2021,634303,2021-04-30,0.7,2.0,0.35,22
543063,2021,634246,2021-05-04,4.3,4.0,1.075,23
543063,2021,634254,2021-05-04,1.6,2.0,0.8,24
543063,2021,634225,2021-05-05,3.4000000000000004,4.0,0.8500000000000001,25
543063,2021,634240,2021-05-07,0.0,2.0,0.0,26
543063,2021,634178,2021-05-08,2.7,4.0,0.675,27
543063,2021,634185,2021-05-09,0.0,4.0,0.0,28
543063,2021,634153,2021-05-10,0.9,4.0,0.225,29
543063,2021,634164,2021-05-11,0.9,4.0,0.225,30
543063,2021,634108,2021-05-14,2.0,4.0,0.5,31
543063,2021,634085,2021-05-15,3.5999999999999996,5.0,0.72,32
543063,2021,634094,2021-05-16,1.95,4.0,0.4875,33
543063,2021,634070,2021-05-17,0.9,4.0,0.225,34
543063,2021,634058,2021-05-18,2.9,4.0,0.725,35
543063,2021,634020,2021-05-20,3.8,6.0,0.6333333333333333,36
543063,2021,634013,2021-05-21,0.7,4.0,0.175,37
543063,2021,634011,2021-05-22,1.25,4.0,0.3125,38
543063,2021,633980,2021-05-23,1.6,4.0,0.4,39
543063,2021,633979,2021-05-25,2.15,5.0,0.43,40
543063,2021,633939,2021-05-26,0.7,4.0,0.175,41
543063,2021,633930,2021-05-27,0.0,3.0,0.0,42
543063,2021,633921,2021-05-28,1.25,4.0,0.3125,43
543063,2021,633938,2021-05-29,2.15,4.0,0.5375,44
543063,2021,633897,2021-05-31,1.4,4.0,0.35,45
543063,2021,633864,2021-06-01,0.0,4.0,0.0,46
543063,2021,633823,2021-06-03,3.6,4.0,0.9,47
543063,2021,633817,2021-06-04,1.95,4.0,0.4875,48
543063,2021,633886,2021-06-05,2.15,4.0,0.5375,49
543063,2021,633752,2021-06-08,5.4,5.0,1.08,50
543063,2021,633756,2021-06-09,0.0,5.0,0.0,51
543063,2021,633746,2021-06-11,0.9,4.0,0.225,52
543063,2021,633745,2021-06-12,0.0,3.0,0.0,53
543063,2021,633698,2021-06-12,0.0,1.0,0.0,54
543063,2021,633710,2021-06-13,0.0,3.0,0.0,55
543063,2021,633734,2021-06-14,2.9,5.0,0.58,56
543063,2021,633679,2021-06-15,0.7,4.0,0.175,57
543063,2021,633645,2021-06-16,0.7,4.0,0.175,58
543063,2021,633600,2021-06-18,2.15,4.0,0.5375,59
543063,2021,633592,2021-06-19,0.0,4.0,0.0,60
543063,2021,633611,2021-06-20,3.95,5.0,0.79,61
543063,2021,633670,2021-06-22,3.75,4.0,0.9375,62
543063,2021,633570,2021-06-23,0.7,6.0,0.11666666666666665,63
543063,2021,633523,2021-06-25,0.9,3.0,0.3,64
543063,2021,633500,2021-06-26,0.9,5.0,0.18,65
543063,2021,633527,2021-06-27,0.0,1.0,0.0,66
543063,2021,633458,2021-06-28,2.0,4.0,0.5,67
543063,2021,633471,2021-06-29,0.0,4.0,0.0,68
543063,2021,633438,2021-07-01,0.9,4.0,0.225,69
543063,2021,633470,2021-07-02,3.75,5.0,0.75,70
543063,2021,633388,2021-07-03,4.1,5.0,0.82,71
543063,2021,633380,2021-07-05,0.9,4.0,0.225,72
543063,2021,633358,2021-07-06,3.95,5.0,0.79,73
543063,2021,633347,2021-07-07,1.6,5.0,0.32,74
543063,2021,633322,2021-07-09,0.9,4.0,0.225,75
543063,2021,633294,2021-07-10,4.15,4.0,1.0375,76
543063,2021,633279,2021-07-11,2.7,4.0,0.675,77
543063,2021,633285,2021-07-16,0.9,4.0,0.225,78
543063,2021,633281,2021-07-17,0.7,1.0,0.7,79
543063,2021,633228,2021-07-18,0.0,3.0,0.0,80
543063,2021,633109,2021-07-29,1.25,3.0,0.4166666666666667,81
543063,2021,633120,2021-07-30,2.15,5.0,0.43,82
543063,2021,633088,2021-07-31,1.6,5.0,0.32,83
543063,2021,633086,2021-08-01,1.8,4.0,0.45,84
543063,2021,633077,2021-08-02,0.9,5.0,0.18,85
543063,2021,633046,2021-08-04,0.9,5.0,0.18,86
543063,2021,633042,2021-08-05,2.15,5.0,0.43,87
543063,2021,633020,2021-08-06,0.0,4.0,0.0,88
543063,2021,632983,2021-08-07,1.8,6.0,0.3,89
543063,2021,632945,2021-08-08,2.15,4.0,0.5375,90
543063,2021,632933,2021-08-10,1.25,5.0,0.25,91
543063,2021,632951,2021-08-11,4.15,4.0,1.0375,92
543063,2021,632939,2021-08-12,1.6,4.0,0.4,93
543063,2021,632889,2021-08-14,1.8,4.0,0.45,94
543063,2021,632863,2021-08-15,0.9,4.0,0.225,95
543063,2021,632886,2021-08-16,4.3,4.0,1.075,96
543063,2021,632919,2021-08-17,0.0,3.0,0.0,97
543063,2021,632850,2021-08-18,0.0,4.0,0.0,98
543063,2021,632809,2021-08-20,1.6,4.0,0.4,99
543063,2021,632842,2021-08-21,2.15,4.0,0.5375,100
543063,2021,632791,2021-08-22,0.7,4.0,0.175,101
543063,2021,632802,2021-08-24,0.9,3.0,0.3,102
543063,2021,632747,2021-08-25,1.25,4.0,0.3125,103
543063,2021,632745,2021-08-26,0.0,4.0,0.0,104
543063,2021,632733,2021-08-28,0.7,4.0,0.175,105
543063,2021,632701,2021-08-29,0.7,4.0,0.175,106
543063,2021,632687,2021-08-30,0.9,4.0,0.225,107
543063,2021,632682,2021-08-31,0.7,4.0,0.175,108
543063,2021,632661,2021-09-01,1.6,4.0,0.4,109
543063,2021,632659,2021-09-02,0.0,4.0,0.0,110
543063,2021,632645,2021-09-03,3.05,5.0,0.61,111
543063,2021,632599,2021-09-05,2.85,4.0,0.7125,112
543063,2021,632608,2021-09-06,0.7,5.0,0.13999999999999999,113
543063,2021,632587,2021-09-07,3.05,5.0,0.61,114
543063,2021,632589,2021-09-08,2.7,5.0,0.54,115
543063,2021,632550,2021-09-10,1.8,4.0,0.45,116
543063,2021,632547,2021-09-11,2.3,3.0,0.7666666666666666,117
543063,2021,632520,2021-09-13,1.95,4.0,0.4875,118
543063,2021,632491,2021-09-14,1.6,5.0,0.32,119
543063,2021,632464,2021-09-15,2.3,4.0,0.575,120
543063,2021,632473,2021-09-16,1.6,4.0,0.4,121
543063,2021,632453,2021-09-17,3.25,5.0,0.65,122
543063,2021,632442,2021-09-18,2.5,4.0,0.625,123
543063,2021,632433,2021-09-19,0.0,3.0,0.0,124
543063,2021,632378,2021-09-21,1.25,4.0,0.3125,125
543063,2021,632384,2021-09-22,1.8,4.0,0.45,126
543063,2021,632370,2021-09-23,0.7,4.0,0.175,127
543063,2021,632362,2021-09-24,4.5,4.0,1.125,128
543063,2021,632349,2021-09-25,1.6,5.0,0.32,129
543063,2021,632331,2021-09-26,2.0,5.0,0.4,130
543063,2021,632307,2021-09-28,2.3,5.0,0.45999999999999996,131
543063,2021,632298,2021-09-29,0.9,4.0,0.225,132
543063,2021,632278,2021-09-30,2.0,4.0,0.5,133
543063,2021,632267,2021-10-01,0.9,4.0,0.225,134
543063,2021,632256,2021-10-02,1.95,4.0,0.4875,135
543063,2021,632241,2021-10-03,0.9,4.0,0.225,136
546318,2022,661621,2022-04-22,0.0,2.0,0.0,1
546318,2022,661620,2022-04-23,2.5,3.0,0.8333333333333334,2
546318,2022,661640,2022-04-24,0.0,1.0,0.0,3
546318,2022,661567,2022-04-26,3.25,4.0,0.8125,4
546318,2022,661638,2022-04-27,2.0,5.0,0.4,5
546318,2022,662592,2022-04-29,0.0,2.0,0.0,6
546318,2022,662591,2022-04-30,3.2,3.0,1.0666666666666667,7
546318,2022,662579,2022-05-01,0.0,4.0,0.0,8
546318,2022,661635,2022-05-03,0.0,1.0,0.0,9
546318,2022,661634,2022-05-04,0.0,1.0,0.0,10
546318,2022,661619,2022-05-05,1.8,4.0,0.45,11
546318,2022,661626,2022-05-08,0.9,4.0,0.225,12
546318,2022,662158,2022-05-09,2.15,5.0,0.43,13
546318,2022,662157,2022-05-10,0.0,1.0,0.0,14
546318,2022,662176,2022-05-11,0.0,4.0,0.0,15
546318,2022,662706,2022-05-12,0.9,1.0,0.9,16
546318,2022,662705,2022-05-13,2.85,5.0,0.5700000000000001,17
546318,2022,662696,2022-05-15,0.0,4.0,0.0,18
546318,2022,661625,2022-05-17,0.0,3.0,0.0,19
546318,2022,661624,2022-05-18,1.25,3.0,0.4166666666666667,20
546318,2022,661623,2022-05-19,0.9,4.0,0.225,21
546318,2022,661632,2022-05-20,0.0,4.0,0.0,22
546318,2022,661631,2022-05-21,1.6,4.0,0.4,23
546318,2022,661611,2022-05-22,0.0,2.0,0.0,24
546318,2022,661542,2022-05-25,2.9,4.0,0.725,25
546318,2022,661574,2022-05-26,2.15,4.0,0.5375,26
546318,2022,662543,2022-05-27,2.85,4.0,0.7125,27
546318,2022,662556,2022-05-28,0.0,4.0,0.0,28
546318,2022,662555,2022-05-29,1.25,4.0,0.3125,29
546318,2022,661618,2022-05-31,0.0,3.0,0.0,30
546318,2022,661612,2022-06-01,2.5,4.0,0.625,31
546318,2022,661642,2022-06-03,0.0,1.0,0.0,32
546318,2022,661633,2022-06-05,1.6,4.0,0.4,33
546318,2022,661188,2022-06-08,2.7,4.0,0.675,34
546318,2022,661194,2022-06-09,2.0,1.0,2.0,35
546318,2022,661617,2022-06-10,0.9,4.0,0.225,36
546318,2022,661614,2022-06-11,0.9,4.0,0.225,37
546318,2022,661622,2022-06-12,0.9,1.0,0.9,38
546318,2022,661629,2022-06-13,0.9,3.0,0.3,39
546318,2022,661583,2022-06-15,0.9,3.0,0.3,40
546318,2022,662580,2022-06-17,0.0,5.0,0.0,41
546318,2022,662502,2022-06-17,0.0,3.0,0.0,42
546318,2022,662500,2022-06-18,1.4,5.0,0.27999999999999997,43
546318,2022,662553,2022-06-19,0.9,4.0,0.225,44
546318,2022,661851,2022-06-22,0.0,4.0,0.0,45
546318,2022,662227,2022-06-23,0.9,4.0,0.225,46
546318,2022,662254,2022-06-26,0.9,4.0,0.225,47
546318,2022,661580,2022-06-28,0.0,4.0,0.0,48
546318,2022,661579,2022-06-30,0.7,1.0,0.7,49
546318,2022,661581,2022-07-02,2.7,5.0,0.54,50
546318,2022,661630,2022-07-03,0.9,4.0,0.225,51
546318,2022,661578,2022-07-05,0.7,1.0,0.7,52
546318,2022,661564,2022-07-06,0.0,2.0,0.0,53
546318,2022,661136,2022-07-08,0.9,3.0,0.3,54
546318,2022,661722,2022-07-12,0.9,4.0,0.225,55
546318,2022,661359,2022-07-16,0.9,1.0,0.9,56
546318,2022,661560,2022-07-22,0.0,1.0,0.0,57
546318,2022,661559,2022-07-23,0.0,2.0,0.0,58
546318,2022,661554,2022-07-27,0.9,3.0,0.3,59
546318,2022,662435,2022-07-29,0.7,4.0,0.175,60
546318,2022,662414,2022-07-31,0.9,4.0,0.225,61
592206,2022,661131,2022-04-08,1.25,4.0,0.3125,1
592206,2022,661130,2022-04-09,2.0,4.0,0.5,2
592206,2022,661129,2022-04-10,0.0,4.0,0.0,3
592206,2022,661637,2022-04-11,1.6,4.0,0.4,4
592206,2022,661636,2022-04-12,2.15,4.0,0.5375,5
592206,2022,661643,2022-04-13,3.2,5.0,0.64,6
592206,2022,661418,2022-04-14,0.9,4.0,0.225,7
592206,2022,661417,2022-04-15,2.7,4.0,0.675,8
592206,2022,661416,2022-04-16,3.4,5.0,0.6799999999999999,9
592206,2022,661415,2022-04-17,1.6,4.0,0.4,10
592206,2022,662929,2022-04-18,0.0,4.0,0.0,11
592206,2022,662925,2022-04-19,0.0,4.0,0.0,12
592206,2022,662924,2022-04-20,4.5,5.0,0.9,13
592206,2022,661621,2022-04-22,1.8,4.0,0.45,14
592206,2022,661620,2022-04-23,1.25,4.0,0.3125,15
592206,2022,661640,2022-04-24,0.9,4.0,0.225,16
592206,2022,661639,2022-04-25,1.6,4.0,0.4,17
592206,2022,661567,2022-04-26,0.9,4.0,0.225,18
592206,2022,661638,2022-04-27,2.5,4.0,0.625,19
592206,2022,661641,2022-04-28,1.4,4.0,0.35,20
592206,2022,662592,2022-04-29,0.0,4.0,0.0,21
592206,2022,662591,2022-04-30,0.9,4.0,0.225,22
592206,2022,662579,2022-05-01,0.0,4.0,0.0,23
592206,2022,661634,2022-05-04,3.05,4.0,0.7625,24
592206,2022,661619,2022-05-05,2.7,4.0,0.675,25
592206,2022,661626,2022-05-08,0.0,4.0,0.0,26
592206,2022,661627,2022-05-08,0.9,4.0,0.225,27
592206,2022,662158,2022-05-09,3.4,4.0,0.85,28
592206,2022,662157,2022-05-10,2.7,4.0,0.675,29
592206,2022,662176,2022-05-11,0.0,4.0,0.0,30
592206,2022,662706,2022-05-12,0.0,4.0,0.0,31
592206,2022,662705,2022-05-13,2.15,6.0,0.35833333333333334,32
592206,2022,662704,2022-05-14,1.8,4.0,0.45,33
592206,2022,662696,2022-05-15,0.7,5.0,0.13999999999999999,34
592206,2022,661625,2022-05-17,1.8,4.0,0.45,35
592206,2022,661624,2022-05-18,0.7,4.0,0.175,36
592206,2022,661623,2022-05-19,0.0,4.0,0.0,37
592206,2022,661632,2022-05-20,0.0,4.0,0.0,38
592206,2022,661631,2022-05-21,0.7,4.0,0.175,39
592206,2022,661611,2022-05-22,2.15,4.0,0.5375,40
592206,2022,661544,2022-05-23,0.0,5.0,0.0,41
592206,2022,661543,2022-05-24,0.9,5.0,0.18,42
592206,2022,661542,2022-05-25,0.7,5.0,0.13999999999999999,43
592206,2022,661574,2022-05-26,1.25,4.0,0.3125,44
592206,2022,662543,2022-05-27,2.15,5.0,0.43,45
592206,2022,662556,2022-05-28,1.8,4.0,0.45,46
592206,2022,662555,2022-05-29,2.0,4.0,0.5,47
592206,2022,661613,2022-05-30,2.9,4.0,0.725,48
592206,2022,661618,2022-05-31,1.25,5.0,0.25,49
592206,2022,661612,2022-06-01,0.0,4.0,0.0,50
592206,2022,661642,2022-06-03,0.0,4.0,0.0,51
592206,2022,661615,2022-06-04,0.7,4.0,0.175,52
592206,2022,661633,2022-06-05,0.7,5.0,0.13999999999999999,53
592206,2022,661205,2022-06-07,1.8,3.0,0.6,54
592206,2022,661188,2022-06-08,0.9,5.0,0.18,55
592206,2022,661194,2022-06-09,2.3,4.0,0.575,56
592206,2022,661617,2022-06-10,0.9,4.0,0.225,57
592206,2022,661614,2022-06-11,2.15,4.0,0.5375,58
592206,2022,661622,2022-06-12,0.0,3.0,0.0,59
592206,2022,661629,2022-06-13,0.9,1.0,0.9,60
592206,2022,661616,2022-06-14,1.8,5.0,0.36,61
592206,2022,661583,2022-06-15,0.0,4.0,0.0,62
592206,2022,662501,2022-06-16,2.85,4.0,0.7125,63
592206,2022,662502,2022-06-17,0.9,5.0,0.18,64
592206,2022,662580,2022-06-17,3.2,5.0,0.64,65
592206,2022,662500,2022-06-18,0.0,5.0,0.0,66
592206,2022,662553,2022-06-19,0.7,4.0,0.175,67
592206,2022,661846,2022-06-21,0.0,4.0,0.0,68
592206,2022,661851,2022-06-22,0.7,4.0,0.175,69
592206,2022,662227,2022-06-23,0.9,4.0,0.225,70
592206,2022,662255,2022-06-24,0.0,4.0,0.0,71
592206,2022,662247,2022-06-25,0.9,4.0,0.225,72
592206,2022,662254,2022-06-26,3.6,5.0,0.72,73
592206,2022,661580,2022-06-28,0.0,4.0,0.0,74
592206,2022,661584,2022-06-29,0.0,4.0,0.0,75
592206,2022,661579,2022-06-30,2.9,4.0,0.725,76
592206,2022,661582,2022-07-01,0.9,4.0,0.225,77
592206,2022,661581,2022-07-02,1.8,5.0,0.36,78
592206,2022,661630,2022-07-03,0.9,4.0,0.225,79
592206,2022,661578,2022-07-05,2.15,4.0,0.5375,80
592206,2022,661564,2022-07-06,0.9,4.0,0.225,81
592206,2022,661566,2022-07-07,0.9,4.0,0.225,82
592206,2022,661136,2022-07-08,0.9,4.0,0.225,83
592206,2022,661137,2022-07-09,0.0,4.0,0.0,84
592206,2022,661135,2022-07-10,1.8,4.0,0.45,85
592206,2022,661120,2022-07-11,0.9,4.0,0.225,86
592206,2022,661722,2022-07-12,0.9,4.0,0.225,87
592206,2022,661721,2022-07-13,1.25,4.0,0.3125,88
592206,2022,661374,2022-07-15,0.9,4.0,0.225,89
592206,2022,661359,2022-07-16,1.95,4.0,0.4875,90
592206,2022,661373,2022-07-17,0.9,4.0,0.225,91
592206,2022,661560,2022-07-22,0.0,5.0,0.0,92
592206,2022,661559,2022-07-23,0.0,4.0,0.0,93
592206,2022,661556,2022-07-24,0.9,4.0,0.225,94
592206,2022,661555,2022-07-25,1.8,4.0,0.45,95
592206,2022,661563,2022-07-26,0.7,4.0,0.175,96
592206,2022,661554,2022-07-27,1.25,4.0,0.3125,97
592206,2022,662326,2022-07-28,2.7,5.0,0.54,98
592206,2022,662435,2022-07-29,2.15,5.0,0.43,99
592206,2022,662415,2022-07-30,0.0,4.0,0.0,100
592206,2022,662414,2022-07-31,3.6,5.0,0.72,101
592206,2022,661496,2022-08-02,0.9,3.0,0.3,102
592206,2022,661500,2022-08-03,2.7,4.0,0.675,103
592206,2022,661565,2022-08-04,0.0,2.0,0.0,104
592206,2022,661562,2022-08-05,2.0,4.0,0.5,105
592206,2022,661561,2022-08-06,1.8,4.0,0.45,106
592206,2022,661558,2022-08-07,2.0999999999999996,5.0,0.41999999999999993,107
592206,2022,661553,2022-08-09,0.7,3.0,0.2333333333333333,108
592206,2022,661557,2022-08-10,0.0,4.0,0.0,109
592206,2022,661608,2022-08-11,0.9,4.0,0.225,110
592206,2022,662434,2022-08-12,1.8,4.0,0.45,111
592206,2022,662428,2022-08-13,0.9,4.0,0.225,112
592206,2022,662427,2022-08-14,2.15,4.0,0.5375,113
592206,2022,663020,2022-08-15,0.9,5.0,0.18,114
592206,2022,663019,2022-08-16,4.5,5.0,0.9,115
592206,2022,663017,2022-08-17,0.9,4.0,0.225,116
592206,2022,661607,2022-08-19,0.9,4.0,0.225,117
592206,2022,661606,2022-08-20,0.9,4.0,0.225,118
592206,2022,661628,2022-08-20,1.8,4.0,0.45,119
592206,2022,661602,2022-08-21,1.8,5.0,0.36,120
592206,2022,661601,2022-08-22,3.25,4.0,0.8125,121
592206,2022,661600,2022-08-23,0.9,4.0,0.225,122
592206,2022,661605,2022-08-24,1.8,5.0,0.36,123
592206,2022,661604,2022-08-25,0.0,4.0,0.0,124
592206,2022,661603,2022-08-26,2.15,4.0,0.5375,125
592206,2022,661599,2022-08-27,2.0,4.0,0.5,126
592206,2022,661598,2022-08-28,0.0,4.0,0.0,127
592206,2022,662032,2022-09-02,0.0,2.0,0.0,128
592206,2022,663128,2022-09-27,0.9,3.0,0.3,129
592206,2022,663098,2022-09-28,2.7,4.0,0.675,130
592206,2022,663110,2022-09-29,0.9,1.0,0.9,131
592206,2022,661097,2022-09-30,0.9,4.0,0.225,132
592206,2022,662572,2022-10-01,0.9,4.0,0.225,133
592206,2022,661096,2022-10-02,0.7,4.0,0.175,134
592206,2022,662777,2022-10-03,0.7,4.0,0.175,135
592206,2022,662789,2022-10-05,0.0,3.0,0.0,136
606192,2022,661782,2022-04-08,3.4,4.0,0.85,1
606192,2022,661803,2022-04-09,1.4,4.0,0.35,2
606192,2022,661802,2022-04-10,0.9,4.0,0.225,3
606192,2022,661315,2022-04-11,3.05,4.0,0.7625,4
606192,2022,661314,2022-04-12,0.9,4.0,0.225,5
606192,2022,661313,2022-04-13,0.0,3.0,0.0,6
606192,2022,663057,2022-05-07,0.0,3.0,0.0,7
606192,2022,663086,2022-05-08,0.9,4.0,0.225,8
606192,2022,661301,2022-05-10,0.0,4.0,0.0,9
606192,2022,661300,2022-05-11,0.9,4.0,0.225,10
606192,2022,661904,2022-05-13,0.0,4.0,0.0,11
606192,2022,661903,2022-05-14,2.9,5.0,0.58,12
606192,2022,661902,2022-05-15,0.0,4.0,0.0,13
606192,2022,661794,2022-05-16,0.0,4.0,0.0,14
606192,2022,661765,2022-05-17,0.0,4.0,0.0,15
606192,2022,661767,2022-05-18,1.25,4.0,0.3125,16
606192,2022,661766,2022-05-20,0.9,4.0,0.225,17
606192,2022,661793,2022-05-21,1.6,4.0,0.4,18
606192,2022,661763,2022-05-22,1.6,4.0,0.4,19
606192,2022,661999,2022-05-23,0.0,5.0,0.0,20
606192,2022,661998,2022-05-24,0.9,5.0,0.18,21
606192,2022,663444,2022-05-27,0.9,4.0,0.225,22
606192,2022,663400,2022-05-28,1.6,5.0,0.32,23
606192,2022,663414,2022-05-29,1.6,2.0,0.8,24
606192,2022,661797,2022-05-31,2.5,4.0,0.625,25
606192,2022,661764,2022-06-01,3.55,5.0,0.71,26
606192,2022,661762,2022-06-02,3.25,5.0,0.65,27
606192,2022,661761,2022-06-03,0.9,4.0,0.225,28
606192,2022,661749,2022-06-04,3.4000000000000004,5.0,0.68,29
606192,2022,661747,2022-06-05,0.0,4.0,0.0,30
606192,2022,662613,2022-06-06,1.6,4.0,0.4,31
606192,2022,662678,2022-06-07,1.25,5.0,0.25,32
606192,2022,662831,2022-06-10,0.9,5.0,0.18,33
606192,2022,662830,2022-06-11,1.8,4.0,0.45,34
606192,2022,662829,2022-06-12,2.85,4.0,0.7125,35
606192,2022,661746,2022-06-13,3.05,5.0,0.61,36
606192,2022,661745,2022-06-14,0.9,5.0,0.18,37
606192,2022,661744,2022-06-15,2.9,4.0,0.725,38
606192,2022,661743,2022-06-16,2.0,4.0,0.5,39
606192,2022,661742,2022-06-17,0.7,4.0,0.175,40
606192,2022,661748,2022-06-18,0.9,4.0,0.225,41
606192,2022,661741,2022-06-19,2.0,4.0,0.5,42
606192,2022,661482,2022-06-20,3.4,4.0,0.85,43
606192,2022,661481,2022-06-21,0.0,4.0,0.0,44
606192,2022,661457,2022-06-22,3.25,4.0,0.8125,45
606192,2022,661190,2022-06-24,0.9,4.0,0.225,46
606192,2022,661264,2022-06-25,0.0,4.0,0.0,47
606192,2022,661206,2022-06-26,0.0,4.0,0.0,48
606192,2022,661740,2022-06-27,1.8,4.0,0.45,49
606192,2022,661728,2022-06-28,2.15,4.0,0.5375,50
606192,2022,661727,2022-06-29,0.0,1.0,0.0,51
606192,2022,661726,2022-06-30,4.15,4.0,1.0375,52
606192,2022,661725,2022-07-01,0.9,4.0,0.225,53
606192,2022,661836,2022-07-02,1.8,4.0,0.45,54
606192,2022,661724,2022-07-02,0.7,4.0,0.175,55
606192,2022,661723,2022-07-03,1.4,5.0,0.27999999999999997,56
606192,2022,662355,2022-07-04,0.0,4.0,0.0,57
606192,2022,662354,2022-07-05,2.9,4.0,0.725,58
606192,2022,662353,2022-07-06,1.6,4.0,0.4,59
606192,2022,662156,2022-07-07,0.0,4.0,0.0,60
606192,2022,662155,2022-07-08,2.5,5.0,0.5,61
606192,2022,662147,2022-07-09,1.6,4.0,0.4,62
606192,2022,662183,2022-07-10,1.25,4.0,0.3125,63
606192,2022,661722,2022-07-12,2.15,4.0,0.5375,64
606192,2022,661721,2022-07-13,4.0,4.0,1.0,65
606192,2022,661720,2022-07-14,0.9,4.0,0.225,66
606192,2022,661719,2022-07-15,3.25,4.0,0.8125,67
606192,2022,661718,2022-07-16,0.9,5.0,0.18,68
606192,2022,661717,2022-07-17,0.0,4.0,0.0,69
606192,2022,663222,2022-07-22,4.5,5.0,0.9,70
606192,2022,663221,2022-07-23,1.25,4.0,0.3125,71
606192,2022,663220,2022-07-24,2.15,4.0,0.5375,72
606192,2022,661716,2022-07-26,2.5,4.0,0.625,73
606192,2022,661715,2022-07-27,0.0,3.0,0.0,74
606192,2022,661714,2022-07-28,0.0,4.0,0.0,75
606192,2022,661713,2022-07-29,0.0,4.0,0.0,76
606192,2022,661712,2022-07-30,2.0,3.0,0.6666666666666666,77
606192,2022,661711,2022-07-31,1.8,4.0,0.45,78
606192,2022,661868,2022-08-02,1.6,4.0,0.4,79
606192,2022,661867,2022-08-03,3.25,4.0,0.8125,80
606192,2022,661660,2022-08-04,2.0,5.0,0.4,81
606192,2022,661659,2022-08-05,0.9,5.0,0.18,82
606192,2022,661662,2022-08-06,2.65,4.0,0.6625,83
606192,2022,661653,2022-08-07,2.15,4.0,0.5375,84
606192,2022,661047,2022-08-08,0.9,5.0,0.18,85
606192,2022,661046,2022-08-09,0.0,1.0,0.0,86
606192,2022,661710,2022-08-12,0.0,3.0,0.0,87
606192,2022,661709,2022-08-13,2.7,3.0,0.9,88
606192,2022,661708,2022-08-14,1.25,4.0,0.3125,89
606192,2022,661707,2022-08-15,0.0,4.0,0.0,90
606192,2022,661706,2022-08-16,0.0,4.0,0.0,91
606192,2022,661705,2022-08-17,0.9,4.0,0.225,92
606192,2022,661265,2022-08-18,2.15,5.0,0.43,93
606192,2022,661319,2022-08-19,2.0,4.0,0.5,94
606192,2022,661240,2022-08-20,0.7,4.0,0.175,95
606192,2022,661239,2022-08-21,0.9,4.0,0.225,96
606192,2022,663174,2022-08-23,0.9,5.0,0.18,97
606192,2022,663173,2022-08-24,0.0,4.0,0.0,98
606192,2022,663172,2022-08-25,1.6,5.0,0.32,99
606192,2022,661704,2022-08-26,0.0,1.0,0.0,100
606192,2022,661773,2022-08-28,1.6,4.0,0.4,101
606192,2022,661800,2022-08-30,2.0,4.0,0.5,102
606192,2022,661779,2022-08-31,2.5,4.0,0.625,103
606192,2022,662356,2022-09-02,0.9,5.0,0.18,104
606192,2022,662286,2022-09-03,2.5,5.0,0.5,105
606192,2022,662299,2022-09-04,1.8,5.0,0.36,106
606192,2022,663353,2022-09-05,2.0,4.0,0.5,107
606192,2022,661045,2022-09-05,2.5,4.0,0.625,108
606192,2022,663458,2022-09-06,0.0,5.0,0.0,109
606192,2022,661839,2022-09-11,2.85,4.0,0.7125,110
606192,2022,661799,2022-09-12,0.0,3.0,0.0,111
606192,2022,661798,2022-09-13,1.25,4.0,0.3125,112
606192,2022,661840,2022-09-13,0.9,4.0,0.225,113
606192,2022,661822,2022-09-15,0.0,4.0,0.0,114
606192,2022,661776,2022-09-16,0.0,4.0,0.0,115
606192,2022,661769,2022-09-17,1.6,4.0,0.4,116
606192,2022,661780,2022-09-18,0.0,4.0,0.0,117
606192,2022,661591,2022-09-20,4.3,5.0,0.86,118
606192,2022,661588,2022-09-21,0.7,5.0,0.13999999999999999,119
606192,2022,662041,2022-09-22,2.0,4.0,0.5,120
606192,2022,662040,2022-09-23,1.95,4.0,0.4875,121
606192,2022,662039,2022-09-24,1.25,4.0,0.3125,122
606192,2022,662063,2022-09-25,2.9,4.0,0.725,123
606192,2022,661768,2022-09-26,1.25,4.0,0.3125,124
606192,2022,661778,2022-09-27,0.0,3.0,0.0,125
606192,2022,661737,2022-09-28,0.0,4.0,0.0,126
606192,2022,661751,2022-09-30,0.9,4.0,0.225,127
606192,2022,661736,2022-10-01,5.4,5.0,1.08,128
606192,2022,661735,2022-10-02,4.9,4.0,1.225,129
606192,2022,663273,2022-10-03,1.8,4.0,0.45,130
606192,2022,663272,2022-10-05,0.7,5.0,0.13999999999999999,131
608348,2022,663418,2022-04-07,0.7,4.0,0.175,1
608348,2022,663417,2022-04-08,0.0,4.0,0.0,2
608348,2022,663395,2022-04-10,0.0,4.0,0.0,3
608348,2022,663411,2022-04-12,0.0,1.0,0.0,4
608348,2022,663341,2022-04-13,0.0,3.0,0.0,5
608348,2022,662626,2022-04-16,0.0,4.0,0.0,6
608348,2022,662625,2022-04-17,1.95,4.0,0.4875,7
608348,2022,662583,2022-04-19,0.0,3.0,0.0,8
608348,2022,662560,2022-04-20,0.9,4.0,0.225,9
608348,2022,662558,2022-04-21,0.0,3.0,0.0,10
608348,2022,663384,2022-04-23,1.8,4.0,0.45,11
608348,2022,663382,2022-04-25,0.0,3.0,0.0,12
608348,2022,663383,2022-04-26,0.0,1.0,0.0,13
608348,2022,663393,2022-04-27,0.7,3.0,0.2333333333333333,14
608348,2022,662047,2022-04-28,0.9,4.0,0.225,15
608348,2022,662036,2022-04-30,0.0,3.0,0.0,16
608348,2022,661362,2022-05-02,0.9,4.0,0.225,17
608348,2022,661364,2022-05-03,0.0,4.0,0.0,18
608348,2022,661614,2022-06-11,0.0,1.0,0.0,19
608348,2022,661622,2022-06-12,1.4,5.0,0.27999999999999997,20
608348,2022,663345,2022-06-13,0.9,3.0,0.3,21
608348,2022,663342,2022-06-14,0.0,3.0,0.0,22
608348,2022,663335,2022-06-17,1.8,5.0,0.36,23
608348,2022,663351,2022-06-18,0.0,3.0,0.0,24
608348,2022,662221,2022-06-20,0.0,4.0,0.0,25
608348,2022,662248,2022-06-21,1.25,5.0,0.25,26
608348,2022,663333,2022-06-24,0.0,4.0,0.0,27
608348,2022,663331,2022-06-26,2.7,5.0,0.54,28
608348,2022,663344,2022-06-28,1.95,4.0,0.4875,29
608348,2022,662997,2022-07-01,2.0,4.0,0.5,30
608348,2022,662910,2022-07-02,0.0,3.0,0.0,31
608348,2022,663343,2022-07-04,0.9,4.0,0.225,32
608348,2022,663320,2022-07-05,1.25,2.0,0.625,33
608348,2022,663317,2022-07-07,2.9,4.0,0.725,34
608348,2022,663319,2022-07-08,0.9,2.0,0.45,35
608348,2022,663310,2022-07-09,2.15,5.0,0.43,36
608348,2022,662100,2022-07-11,0.9,3.0,0.3,37
608348,2022,662108,2022-07-12,1.6,4.0,0.4,38
608348,2022,662197,2022-07-15,0.9,4.0,0.225,39
608348,2022,662271,2022-07-16,3.25,5.0,0.65,40
608348,2022,662269,2022-07-17,0.9,2.0,0.45,41
608348,2022,663306,2022-07-22,3.75,5.0,0.75,42
608348,2022,663305,2022-07-23,2.7,4.0,0.675,43
608348,2022,663315,2022-07-25,2.5,4.0,0.625,44
608348,2022,663314,2022-07-26,1.4,4.0,0.35,45
608348,2022,661501,2022-07-29,1.8,4.0,0.45,46
608348,2022,661498,2022-07-31,0.7,4.0,0.175,47
608348,2022,662947,2022-08-01,0.9,4.0,0.225,48
608348,2022,662941,2022-08-02,4.15,4.0,1.0375,49
608348,2022,663313,2022-08-05,0.0,4.0,0.0,50
608348,2022,663288,2022-08-06,1.8,3.0,0.6,51
608348,2022,663304,2022-08-08,0.7,3.0,0.2333333333333333,52
608348,2022,663303,2022-08-09,0.0,4.0,0.0,53
608348,2022,663302,2022-08-10,0.0,4.0,0.0,54
608348,2022,663293,2022-08-11,1.6,4.0,0.4,55
608348,2022,662882,2022-08-13,2.5,4.0,0.625,56
608348,2022,662034,2022-08-15,0.0,4.0,0.0,57
608348,2022,662004,2022-08-16,0.0,3.0,0.0,58
608348,2022,662003,2022-08-17,1.25,5.0,0.25,59
608348,2022,662002,2022-08-18,2.5,4.0,0.625,60
608348,2022,663292,2022-08-19,0.0,3.0,0.0,61
608348,2022,663291,2022-08-20,2.5,4.0,0.625,62
608348,2022,663301,2022-08-21,0.7,4.0,0.175,63
608348,2022,662668,2022-08-23,0.7,5.0,0.13999999999999999,64
608348,2022,662640,2022-08-24,0.0,3.0,0.0,65
608348,2022,661445,2022-08-26,0.7,4.0,0.175,66
608348,2022,661444,2022-08-27,3.0,5.0,0.6,67
608348,2022,663332,2022-08-29,2.85,5.0,0.5700000000000001,68
608348,2022,663286,2022-08-30,1.8,5.0,0.36,69
608348,2022,663312,2022-08-31,0.0,1.0,0.0,70
608348,2022,663290,2022-09-01,1.6,4.0,0.4,71
608348,2022,663285,2022-09-02,0.7,4.0,0.175,72
608348,2022,663321,2022-09-03,0.0,1.0,0.0,73
608348,2022,663311,2022-09-04,2.5,4.0,0.625,74
608348,2022,662211,2022-09-05,0.7,4.0,0.175,75
608348,2022,662205,2022-09-06,0.7,4.0,0.175,76
608348,2022,662216,2022-09-07,0.0,1.0,0.0,77
608348,2022,662870,2022-09-09,1.4,4.0,0.35,78
608348,2022,662868,2022-09-11,1.6,5.0,0.32,79
608348,2022,663324,2022-09-12,0.0,3.0,0.0,80
608348,2022,663323,2022-09-13,0.0,4.0,0.0,81
608348,2022,663284,2022-09-15,2.0,3.0,0.6666666666666666,82
608348,2022,663283,2022-09-16,0.9,4.0,0.225,83
608348,2022,663289,2022-09-17,0.0,3.0,0.0,84
608348,2022,663287,2022-09-18,0.0,1.0,0.0,85
608348,2022,662622,2022-09-19,2.15,3.0,0.7166666666666667,86
608348,2022,662607,2022-09-20,0.9,4.0,0.225,87
608348,2022,662606,2022-09-21,1.25,4.0,0.3125,88
608348,2022,662586,2022-09-22,0.0,4.0,0.0,89
608348,2022,663282,2022-09-23,0.0,4.0,0.0,90
608348,2022,663281,2022-09-24,0.0,3.0,0.0,91
608348,2022,662821,2022-09-27,0.0,3.0,0.0,92
608348,2022,662820,2022-09-28,2.15,4.0,0.5375,93
608348,2022,662049,2022-09-30,1.8,4.0,0.45,94
608348,2022,662022,2022-10-02,1.95,5.0,0.39,95
608348,2022,661223,2022-10-04,0.0,4.0,0.0,96
608348,2022,661227,2022-10-05,0.0,4.0,0.0,97
656669,2022,663382,2022-04-25,0.0,1.0,0.0,1
656669,2022,663393,2022-04-27,0.0,4.0,0.0,2
656669,2022,662037,2022-04-29,0.9,2.0,0.45,3
656669,2022,662036,2022-04-30,0.9,4.0,0.225,4
656669,2022,661988,2022-05-01,4.9,4.0,1.225,5
656669,2022,661362,2022-05-02,1.8,4.0,0.45,6
656669,2022,661364,2022-05-03,1.4,4.0,0.35,7
656669,2022,661363,2022-05-04,0.0,1.0,0.0,8
656669,2022,663360,2022-05-06,0.0,1.0,0.0,9
656669,2022,663359,2022-05-07,0.7,4.0,0.175,10
656669,2022,663366,2022-05-09,0.0,1.0,0.0,11
656669,2022,663350,2022-05-10,2.0,5.0,0.4,12
656669,2022,663358,2022-05-11,2.0,1.0,2.0,13
656669,2022,663349,2022-05-13,0.0,4.0,0.0,14
656669,2022,663348,2022-05-14,0.0,1.0,0.0,15
656669,2022,663367,2022-05-15,0.7,4.0,0.175,16
656669,2022,662695,2022-05-16,0.0,1.0,0.0,17
656669,2022,662697,2022-05-17,2.0,4.0,0.5,18
656669,2022,662628,2022-05-17,0.0,2.0,0.0,19
656669,2022,662744,2022-05-18,1.95,5.0,0.39,20
656669,2022,663193,2022-05-19,0.0,4.0,0.0,21
656669,2022,663194,2022-05-21,0.0,3.0,0.0,22
656669,2022,663150,2022-05-22,0.0,3.0,0.0,23
656669,2022,663339,2022-05-24,2.0,1.0,2.0,24
656669,2022,663347,2022-05-27,0.7,1.0,0.7,25
656669,2022,663329,2022-05-31,0.0,2.0,0.0,26
656669,2022,662451,2022-06-04,1.95,4.0,0.4875,27
656669,2022,662450,2022-06-05,0.0,1.0,0.0,28
656669,2022,663064,2022-06-07,1.6,4.0,0.4,29
656669,2022,663050,2022-06-08,2.0,5.0,0.4,30
656669,2022,663049,2022-06-09,0.0,4.0,0.0,31
656669,2022,661617,2022-06-10,0.7,2.0,0.35,32
656669,2022,661614,2022-06-11,0.0,1.0,0.0,33
656669,2022,661622,2022-06-12,2.8,6.0,0.4666666666666666,34
656669,2022,663345,2022-06-13,0.9,4.0,0.225,35
656669,2022,663342,2022-06-14,0.0,1.0,0.0,36
656669,2022,663335,2022-06-17,4.0,4.0,1.0,37
656669,2022,663351,2022-06-18,0.0,1.0,0.0,38
656669,2022,663334,2022-06-19,0.0,4.0,0.0,39
656669,2022,662221,2022-06-20,0.7,4.0,0.175,40
656669,2022,662248,2022-06-21,2.7,5.0,0.54,41
656669,2022,662245,2022-06-22,1.6,5.0,0.32,42
656669,2022,663333,2022-06-24,0.0,1.0,0.0,43
656669,2022,663346,2022-06-25,0.0,1.0,0.0,44
656669,2022,663344,2022-06-28,0.0,3.0,0.0,45
656669,2022,662910,2022-07-02,2.15,4.0,0.5375,46
656669,2022,663343,2022-07-04,1.25,5.0,0.25,47
656669,2022,663320,2022-07-05,0.9,3.0,0.3,48
656669,2022,663318,2022-07-06,0.0,1.0,0.0,49
656669,2022,663317,2022-07-07,0.9,3.0,0.3,50
656669,2022,663319,2022-07-08,0.0,1.0,0.0,51
656669,2022,663310,2022-07-09,2.9,4.0,0.725,52
656669,2022,662108,2022-07-12,0.0,1.0,0.0,53
656669,2022,662107,2022-07-13,0.7,4.0,0.175,54
656669,2022,662197,2022-07-15,0.0,1.0,0.0,55
656669,2022,662271,2022-07-16,1.25,3.0,0.4166666666666667,56
656669,2022,662269,2022-07-17,0.7,2.0,0.35,57
656669,2022,663306,2022-07-22,1.6,5.0,0.32,58
656669,2022,663316,2022-07-24,0.0,1.0,0.0,59
656669,2022,663314,2022-07-26,0.0,3.0,0.0,60
656669,2022,661501,2022-07-29,0.0,2.0,0.0,61
656669,2022,661498,2022-07-31,0.0,2.0,0.0,62
656669,2022,663300,2022-08-07,1.6,4.0,0.4,63
656669,2022,663302,2022-08-10,0.0,1.0,0.0,64
656669,2022,663293,2022-08-11,0.7,2.0,0.35,65
656669,2022,662978,2022-08-12,0.0,1.0,0.0,66
656669,2022,662882,2022-08-13,0.0,3.0,0.0,67
656669,2022,662881,2022-08-14,0.0,2.0,0.0,68
656669,2022,662034,2022-08-15,0.0,1.0,0.0,69
656669,2022,662003,2022-08-17,0.7,3.0,0.2333333333333333,70
656669,2022,663301,2022-08-21,0.9,4.0,0.225,71
656669,2022,661445,2022-08-26,0.7,4.0,0.175,72
656669,2022,663324,2022-09-12,0.0,3.0,0.0,73
656669,2022,663323,2022-09-13,0.7,3.0,0.2333333333333333,74
656669,2022,663284,2022-09-15,0.0,2.0,0.0,75
656669,2022,662622,2022-09-19,0.9,3.0,0.3,76
656669,2022,662607,2022-09-20,0.7,4.0,0.175,77
656669,2022,662586,2022-09-22,0.0,3.0,0.0,78
656669,2022,663282,2022-09-23,3.2,4.0,0.8,79
656669,2022,662023,2022-10-01,3.6,4.0,0.9,80
656669,2022,661213,2022-10-03,0.9,2.0,0.45,81
656669,2022,661223,2022-10-04,0.0,3.0,0.0,82
643376,2022,661782,2022-04-08,3.6,4.0,0.9,1
643376,2022,661802,2022-04-10,3.25,3.0,1.0833333333333333,2
643376,2022,661903,2022-05-14,3.4,4.0,0.85,3
643376,2022,661902,2022-05-15,0.0,1.0,0.0,4
643376,2022,661794,2022-05-16,0.9,4.0,0.225,5
643376,2022,661767,2022-05-18,0.0,3.0,0.0,6
643376,2022,661766,2022-05-20,0.0,3.0,0.0,7
643376,2022,661763,2022-05-22,0.9,4.0,0.225,8
643376,2022,661998,2022-05-24,4.0,5.0,0.8,9
643376,2022,663445,2022-05-26,2.0,4.0,0.5,10
643376,2022,663444,2022-05-27,0.9,1.0,0.9,11
643376,2022,663400,2022-05-28,0.7,5.0,0.13999999999999999,12
643376,2022,661797,2022-05-31,0.9,4.0,0.225,13
643376,2022,661764,2022-06-01,2.0,4.0,0.5,14
643376,2022,661761,2022-06-03,0.0,4.0,0.0,15
643376,2022,661747,2022-06-05,0.0,4.0,0.0,16
643376,2022,662613,2022-06-06,1.6,4.0,0.4,17
643376,2022,661722,2022-07-12,0.9,3.0,0.3,18
643376,2022,661720,2022-07-14,1.8,3.0,0.6,19
643376,2022,661718,2022-07-16,1.4,4.0,0.35,20
643376,2022,661717,2022-07-17,0.0,3.0,0.0,21
643376,2022,663222,2022-07-22,5.6000000000000005,7.0,0.8,22
643376,2022,663220,2022-07-24,0.9,5.0,0.18,23
643376,2022,661715,2022-07-27,0.0,3.0,0.0,24
643376,2022,661714,2022-07-28,0.9,4.0,0.225,25
643376,2022,661712,2022-07-30,0.0,3.0,0.0,26
643376,2022,661711,2022-07-31,0.0,3.0,0.0,27
643376,2022,661868,2022-08-02,0.9,4.0,0.225,28
643376,2022,661867,2022-08-03,0.0,3.0,0.0,29
643376,2022,661659,2022-08-05,1.6,4.0,0.4,30
643376,2022,661662,2022-08-06,0.0,4.0,0.0,31
643376,2022,661653,2022-08-07,0.9,1.0,0.9,32
643376,2022,661047,2022-08-08,0.7,4.0,0.175,33
643376,2022,661709,2022-08-13,0.0,3.0,0.0,34
643376,2022,661707,2022-08-15,0.7,4.0,0.175,35
643376,2022,661705,2022-08-17,1.6,4.0,0.4,36
643376,2022,661319,2022-08-19,0.0,4.0,0.0,37
643376,2022,661240,2022-08-20,0.7,4.0,0.175,38
643376,2022,663172,2022-08-25,3.8,5.0,0.76,39
643376,2022,661773,2022-08-28,2.65,4.0,0.6625,40
643376,2022,661801,2022-08-29,2.9,5.0,0.58,41
643376,2022,661800,2022-08-30,0.7,4.0,0.175,42
643376,2022,662286,2022-09-03,0.0,4.0,0.0,43
643376,2022,662299,2022-09-04,1.6,4.0,0.4,44
643376,2022,661045,2022-09-05,1.6,4.0,0.4,45
643376,2022,661830,2022-09-09,1.8,4.0,0.45,46
643376,2022,661841,2022-09-10,4.7,5.0,0.9400000000000001,47
643376,2022,661799,2022-09-12,0.0,3.0,0.0,48
643376,2022,661840,2022-09-13,0.9,4.0,0.225,49
643376,2022,661798,2022-09-13,0.7,1.0,0.7,50
643376,2022,661770,2022-09-14,2.5,3.0,0.8333333333333334,51
643376,2022,661776,2022-09-16,2.15,3.0,0.7166666666666667,52
643376,2022,661769,2022-09-17,0.0,4.0,0.0,53
643376,2022,661780,2022-09-18,3.4000000000000004,4.0,0.8500000000000001,54
643376,2022,661591,2022-09-20,3.4,6.0,0.5666666666666667,55
643376,2022,661588,2022-09-21,0.0,1.0,0.0,56
643376,2022,662041,2022-09-22,0.0,3.0,0.0,57
643376,2022,662040,2022-09-23,1.6,4.0,0.4,58
643376,2022,662039,2022-09-24,0.7,1.0,0.7,59
643376,2022,662063,2022-09-25,0.7,4.0,0.175,60
643376,2022,661768,2022-09-26,1.6,4.0,0.4,61
643376,2022,661737,2022-09-28,2.7,4.0,0.675,62
643376,2022,661751,2022-09-30,1.6,4.0,0.4,63
643376,2022,661736,2022-10-01,4.15,5.0,0.8300000000000001,64
643376,2022,661735,2022-10-02,1.25,4.0,0.3125,65
643376,2022,663272,2022-10-05,0.0,2.0,0.0,66
643376,2022,663451,2022-10-05,1.25,5.0,0.25,67
657656,2022,661700,2022-05-08,0.0,4.0,0.0,1
657656,2022,662837,2022-05-09,0.0,4.0,0.0,2
657656,2022,662855,2022-05-10,1.8,4.0,0.45,3
657656,2022,662412,2022-05-10,0.7,4.0,0.175,4
657656,2022,662873,2022-05-11,2.65,5.0,0.53,5
657656,2022,662872,2022-05-12,0.9,4.0,0.225,6
657656,2022,662381,2022-05-13,0.7,3.0,0.2333333333333333,7
657656,2022,662399,2022-05-14,0.0,3.0,0.0,8
657656,2022,662379,2022-05-14,3.2,4.0,0.8,9
657656,2022,662380,2022-05-15,0.9,4.0,0.225,10
657656,2022,662378,2022-05-16,0.7,4.0,0.175,11
657656,2022,662370,2022-05-17,0.7,5.0,0.13999999999999999,12
657656,2022,662377,2022-05-18,2.15,5.0,0.43,13
657656,2022,663449,2022-05-20,1.4,4.0,0.35,14
657656,2022,663448,2022-05-21,0.7,1.0,0.7,15
657656,2022,662376,2022-05-26,0.9,4.0,0.225,16
657656,2022,662369,2022-05-27,1.6,4.0,0.4,17
657656,2022,662375,2022-05-28,2.9,5.0,0.58,18
657656,2022,662374,2022-05-29,2.5,6.0,0.4166666666666667,19
657656,2022,662373,2022-05-30,0.9,4.0,0.225,20
657656,2022,662367,2022-05-31,1.8,5.0,0.36,21
657656,2022,662366,2022-06-01,0.9,4.0,0.225,22
657656,2022,662365,2022-06-03,1.6,4.0,0.4,23
657656,2022,662364,2022-06-04,2.15,4.0,0.5375,24
657656,2022,662363,2022-06-05,1.25,4.0,0.3125,25
657656,2022,661516,2022-06-07,0.9,4.0,0.225,26
657656,2022,661515,2022-06-08,3.05,4.0,0.7625,27
657656,2022,663015,2022-06-09,0.0,5.0,0.0,28
657656,2022,663014,2022-06-10,1.6,4.0,0.4,29
657656,2022,663084,2022-06-11,0.0,4.0,0.0,30
657656,2022,663083,2022-06-12,2.0,4.0,0.5,31
657656,2022,663279,2022-06-14,0.7,4.0,0.175,32
657656,2022,663235,2022-06-15,1.25,4.0,0.3125,33
657656,2022,663267,2022-06-16,2.15,4.0,0.5375,34
657656,2022,662362,2022-06-17,1.95,4.0,0.4875,35
657656,2022,662368,2022-06-18,0.0,4.0,0.0,36
657656,2022,662361,2022-06-19,0.7,4.0,0.175,37
657656,2022,662360,2022-06-21,0.0,4.0,0.0,38
657656,2022,662359,2022-06-22,1.8,3.0,0.6,39
657656,2022,662358,2022-06-23,1.95,4.0,0.4875,40
657656,2022,662664,2022-06-24,0.0,4.0,0.0,41
657656,2022,662672,2022-06-25,3.2,5.0,0.64,42
657656,2022,661275,2022-06-27,1.25,4.0,0.3125,43
657656,2022,661272,2022-06-28,0.7,4.0,0.175,44
657656,2022,661263,2022-06-29,1.8,5.0,0.36,45
657656,2022,662150,2022-06-30,4.0,5.0,0.8,46
657656,2022,662149,2022-07-01,0.7,5.0,0.13999999999999999,47
657656,2022,662163,2022-07-02,0.9,4.0,0.225,48
657656,2022,662162,2022-07-03,0.9,4.0,0.225,49
657656,2022,662355,2022-07-04,3.6,4.0,0.9,50
657656,2022,662354,2022-07-05,2.0999999999999996,4.0,0.5249999999999999,51
657656,2022,662353,2022-07-06,2.7,4.0,0.675,52
657656,2022,662352,2022-07-08,0.9,4.0,0.225,53
657656,2022,662351,2022-07-09,0.7,4.0,0.175,54
657656,2022,662215,2022-07-10,0.0,4.0,0.0,55
657656,2022,661814,2022-07-11,3.8,5.0,0.76,56
657656,2022,661813,2022-07-12,0.9,6.0,0.15,57
657656,2022,661812,2022-07-13,2.0,4.0,0.5,58
657656,2022,662923,2022-07-15,0.0,4.0,0.0,59
657656,2022,662909,2022-07-16,1.25,4.0,0.3125,60
657656,2022,662908,2022-07-17,2.0,4.0,0.5,61
657656,2022,662411,2022-07-21,0.0,4.0,0.0,62
657656,2022,662408,2022-07-21,1.8,4.0,0.45,63
657656,2022,662344,2022-07-22,2.0,5.0,0.4,64
657656,2022,662348,2022-07-23,0.7,4.0,0.175,65
657656,2022,662343,2022-07-24,0.0,3.0,0.0,66
657656,2022,662347,2022-07-25,1.25,4.0,0.3125,67
657656,2022,662346,2022-07-26,0.7,4.0,0.175,68
657656,2022,662345,2022-07-27,0.0,4.0,0.0,69
657656,2022,661406,2022-07-29,0.9,4.0,0.225,70
657656,2022,661451,2022-07-30,1.6,4.0,0.4,71
657656,2022,661388,2022-07-31,3.95,4.0,0.9875,72
657656,2022,663376,2022-08-02,0.7,4.0,0.175,73
657656,2022,663375,2022-08-03,1.8,4.0,0.45,74
657656,2022,663374,2022-08-04,3.25,5.0,0.65,75
657656,2022,662308,2022-08-06,0.0,4.0,0.0,76
657656,2022,662332,2022-08-07,0.0,5.0,0.0,77
657656,2022,662331,2022-08-08,0.0,4.0,0.0,78
657656,2022,662330,2022-08-09,0.9,4.0,0.225,79
657656,2022,662316,2022-08-10,3.75,5.0,0.75,80
657656,2022,662817,2022-08-12,0.9,5.0,0.18,81
657656,2022,662824,2022-08-13,0.9,4.0,0.225,82
657656,2022,662801,2022-08-14,0.0,2.0,0.0,83
657656,2022,662313,2022-09-06,1.6,5.0,0.32,84
657656,2022,662312,2022-09-07,0.0,4.0,0.0,85
657656,2022,662334,2022-09-08,0.0,3.0,0.0,86
657656,2022,662333,2022-09-09,0.0,4.0,0.0,87
657656,2022,662322,2022-09-10,0.7,4.0,0.175,88
657656,2022,662323,2022-09-11,2.0,4.0,0.5,89
657656,2022,661838,2022-09-13,0.0,5.0,0.0,90
657656,2022,661829,2022-09-14,2.15,5.0,0.43,91
657656,2022,662709,2022-09-15,0.0,4.0,0.0,92
657656,2022,662740,2022-09-16,0.7,2.0,0.35,93
660162,2022,661525,2022-05-09,2.3,6.0,0.3833333333333333,1
660162,2022,661524,2022-05-10,0.0,4.0,0.0,2
660162,2022,661519,2022-05-12,2.9,5.0,0.58,3
660162,2022,661491,2022-05-13,0.9,4.0,0.225,4
660162,2022,661490,2022-05-14,3.6,5.0,0.72,5
660162,2022,662728,2022-05-16,0.0,5.0,0.0,6
660162,2022,662727,2022-05-17,0.9,4.0,0.225,7
660162,2022,662726,2022-05-18,0.0,5.0,0.0,8
660162,2022,662715,2022-05-19,0.9,5.0,0.18,9
660162,2022,661289,2022-05-21,0.0,1.0,0.0,10
660162,2022,661290,2022-05-22,0.0,5.0,0.0,11
660162,2022,661288,2022-05-22,1.25,5.0,0.25,12
660162,2022,661488,2022-05-24,0.0,4.0,0.0,13
660162,2022,661487,2022-05-25,0.0,4.0,0.0,14
660162,2022,661461,2022-05-29,0.0,1.0,0.0,15
660162,2022,661764,2022-06-01,0.0,1.0,0.0,16
660162,2022,661762,2022-06-02,0.9,4.0,0.225,17
660162,2022,661897,2022-06-03,0.9,5.0,0.18,18
660162,2022,661896,2022-06-04,0.0,4.0,0.0,19
660162,2022,661460,2022-06-07,0.9,3.0,0.3,20
660162,2022,661459,2022-06-08,0.0,4.0,0.0,21
660162,2022,661458,2022-06-09,0.7,1.0,0.7,22
660162,2022,661485,2022-06-10,0.9,4.0,0.225,23
660162,2022,661484,2022-06-11,0.0,5.0,0.0,24
660162,2022,661483,2022-06-12,0.0,1.0,0.0,25
660162,2022,662828,2022-06-13,1.6,5.0,0.32,26
660162,2022,662884,2022-06-14,1.95,5.0,0.39,27
660162,2022,662883,2022-06-15,5.05,5.0,1.01,28
660162,2022,662757,2022-06-17,0.0,1.0,0.0,29
660162,2022,663392,2022-06-28,2.15,5.0,0.43,30
660162,2022,663396,2022-06-29,0.0,4.0,0.0,31
660162,2022,662079,2022-07-01,0.0,4.0,0.0,32
660162,2022,662101,2022-07-02,2.5,4.0,0.625,33
660162,2022,662099,2022-07-03,0.0,5.0,0.0,34
660162,2022,661452,2022-07-04,0.9,4.0,0.225,35
660162,2022,661426,2022-07-05,1.25,4.0,0.3125,36
660162,2022,661413,2022-07-06,0.9,3.0,0.3,37
660162,2022,661425,2022-07-07,0.0,3.0,0.0,38
660162,2022,661411,2022-07-09,1.6,4.0,0.4,39
660162,2022,661410,2022-07-10,0.9,4.0,0.225,40
660162,2022,662956,2022-07-11,2.0,4.0,0.5,41
660162,2022,663087,2022-07-12,0.0,4.0,0.0,42
660162,2022,662949,2022-07-13,2.3,4.0,0.575,43
660162,2022,661675,2022-07-14,1.8,6.0,0.3,44
660162,2022,661674,2022-07-15,1.6,5.0,0.32,45
660162,2022,661673,2022-07-16,3.05,4.0,0.7625,46
660162,2022,661672,2022-07-17,3.25,6.0,0.5416666666666666,47
660162,2022,661409,2022-07-22,0.7,4.0,0.175,48
660162,2022,661408,2022-07-23,1.95,4.0,0.4875,49
660162,2022,661523,2022-07-23,1.25,4.0,0.3125,50
660162,2022,661407,2022-07-24,0.0,4.0,0.0,51
660162,2022,661079,2022-07-26,2.85,5.0,0.5700000000000001,52
660162,2022,661078,2022-07-27,2.3,4.0,0.575,53
660162,2022,661406,2022-07-29,0.0,4.0,0.0,54
660162,2022,661451,2022-07-30,0.0,4.0,0.0,55
660162,2022,661387,2022-08-01,1.6,4.0,0.4,56
660162,2022,661386,2022-08-02,1.6,4.0,0.4,57
660162,2022,661385,2022-08-03,0.9,4.0,0.225,58
660162,2022,661817,2022-08-04,1.6,4.0,0.4,59
660162,2022,661816,2022-08-05,0.0,4.0,0.0,60
660162,2022,661815,2022-08-06,0.9,3.0,0.3,61
660162,2022,661835,2022-08-07,0.7,5.0,0.13999999999999999,62
660162,2022,662779,2022-08-09,2.0,4.0,0.5,63
660162,2022,662647,2022-08-09,0.0,4.0,0.0,64
660162,2022,662639,2022-08-10,0.7,4.0,0.175,65
660162,2022,662645,2022-08-11,1.6,4.0,0.4,66
660162,2022,661384,2022-08-12,0.9,4.0,0.225,67
660162,2022,661383,2022-08-13,2.5,5.0,0.5,68
660162,2022,661450,2022-08-14,0.7,5.0,0.13999999999999999,69
660162,2022,661449,2022-08-15,0.9,4.0,0.225,70
660162,2022,661448,2022-08-16,0.9,4.0,0.225,71
660162,2022,661447,2022-08-17,1.25,4.0,0.3125,72
660162,2022,661446,2022-08-18,3.4,5.0,0.6799999999999999,73
660162,2022,662936,2022-08-19,0.9,4.0,0.225,74
660162,2022,662953,2022-08-20,0.0,4.0,0.0,75
660162,2022,662767,2022-08-22,1.4,5.0,0.27999999999999997,76
660162,2022,663461,2022-08-23,0.7,5.0,0.13999999999999999,77
660162,2022,663460,2022-08-24,0.0,5.0,0.0,78
660162,2022,663459,2022-08-25,1.8,2.0,0.9,79
660162,2022,662138,2022-09-06,1.8,4.0,0.45,80
660162,2022,662137,2022-09-07,0.0,4.0,0.0,81
660162,2022,662334,2022-09-08,7.05,6.0,1.175,82
660162,2022,662333,2022-09-09,0.0,5.0,0.0,83
660162,2022,662322,2022-09-10,1.6,6.0,0.26666666666666666,84
660162,2022,661436,2022-09-13,0.2,3.0,0.06666666666666667,85
660162,2022,661435,2022-09-14,0.9,4.0,0.225,86
660162,2022,662974,2022-09-15,5.05,5.0,1.01,87
660162,2022,662781,2022-09-16,0.0,5.0,0.0,88
660162,2022,662784,2022-09-17,2.15,5.0,0.43,89
660162,2022,662783,2022-09-18,1.8,5.0,0.36,90
660162,2022,661434,2022-09-20,0.7,5.0,0.13999999999999999,91
660162,2022,661433,2022-09-21,2.0,4.0,0.5,92
660162,2022,661432,2022-09-22,1.25,4.0,0.3125,93
660162,2022,661431,2022-09-23,0.0,5.0,0.0,94
660162,2022,661430,2022-09-24,0.7,4.0,0.175,95
660162,2022,661429,2022-09-25,2.0,4.0,0.5,96
660162,2022,661666,2022-09-27,1.95,4.0,0.4875,97
660162,2022,662208,2022-09-30,3.05,4.0,0.7625,98
660162,2022,662207,2022-10-01,0.0,4.0,0.0,99
660162,2022,662190,2022-10-02,0.0,4.0,0.0,100
660162,2022,661464,2022-10-03,0.0,4.0,0.0,101
660162,2022,661463,2022-10-04,1.25,4.0,0.3125,102
660162,2022,661427,2022-10-05,0.9,5.0,0.18,103
621453,2022,662124,2022-04-08,0.0,4.0,0.0,1
621453,2022,662123,2022-04-09,1.25,3.0,0.4166666666666667,2
621453,2022,662116,2022-04-11,0.7,4.0,0.175,3
621453,2022,662104,2022-04-12,0.9,4.0,0.225,4
621453,2022,663136,2022-04-15,1.25,4.0,0.3125,5
621453,2022,663076,2022-04-16,1.95,4.0,0.4875,6
621453,2022,663132,2022-04-17,0.9,4.0,0.225,7
621453,2022,662616,2022-04-19,0.0,3.0,0.0,8
621453,2022,662350,2022-04-19,0.9,4.0,0.225,9
621453,2022,662349,2022-04-20,0.9,4.0,0.225,10
621453,2022,661847,2022-06-26,0.0,1.0,0.0,11
621453,2022,662615,2022-06-28,1.8,4.0,0.45,12
621453,2022,662509,2022-07-03,0.0,2.0,0.0,13
621453,2022,661073,2022-07-04,2.3,5.0,0.45999999999999996,14
621453,2022,661244,2022-07-05,0.0,1.0,0.0,15
621453,2022,661814,2022-07-11,0.0,1.0,0.0,16
621453,2022,661813,2022-07-12,0.0,5.0,0.0,17
621453,2022,662330,2022-08-09,2.3,4.0,0.575,18
621453,2022,662316,2022-08-10,0.0,2.0,0.0,19
621453,2022,663373,2022-08-12,0.7,3.0,0.2333333333333333,20
621453,2022,663371,2022-08-14,0.0,1.0,0.0,21
621453,2022,663370,2022-08-15,0.0,4.0,0.0,22
621453,2022,663369,2022-08-16,0.0,4.0,0.0,23
621453,2022,663408,2022-08-17,0.7,4.0,0.175,24
621450,2022,662150,2022-06-30,0.0,4.0,0.0,1
621450,2022,662163,2022-07-02,0.0,3.0,0.0,2
621450,2022,662162,2022-07-03,0.9,3.0,0.3,3
621450,2022,662355,2022-07-04,0.9,3.0,0.3,4
621450,2022,662354,2022-07-05,0.0,3.0,0.0,5
621450,2022,662353,2022-07-06,0.0,3.0,0.0,6
621450,2022,662351,2022-07-09,0.0,3.0,0.0,7
621450,2022,662215,2022-07-10,1.6,3.0,0.5333333333333333,8
621450,2022,661813,2022-07-12,0.9,5.0,0.18,9
621450,2022,661812,2022-07-13,2.0,3.0,0.6666666666666666,10
621450,2022,662923,2022-07-15,3.8,4.0,0.95,11
621450,2022,662909,2022-07-16,1.6,4.0,0.4,12
621450,2022,662908,2022-07-17,0.7,1.0,0.7,13
621450,2022,662411,2022-07-21,0.0,4.0,0.0,14
621450,2022,662344,2022-07-22,0.7,4.0,0.175,15
621450,2022,662343,2022-07-24,0.9,2.0,0.45,16
621450,2022,662347,2022-07-25,2.9,3.0,0.9666666666666667,17
621450,2022,662346,2022-07-26,0.0,4.0,0.0,18
621450,2022,662345,2022-07-27,0.9,3.0,0.3,19
621450,2022,661406,2022-07-29,0.9,4.0,0.225,20
621450,2022,661451,2022-07-30,0.9,4.0,0.225,21
621450,2022,663376,2022-08-02,0.0,1.0,0.0,22
621450,2022,663375,2022-08-03,0.0,4.0,0.0,23
621450,2022,663374,2022-08-04,0.0,1.0,0.0,24
621450,2022,662308,2022-08-06,2.0,2.0,1.0,25
621450,2022,662332,2022-08-07,1.6,4.0,0.4,26
621450,2022,662331,2022-08-08,0.0,3.0,0.0,27
621450,2022,662330,2022-08-09,0.7,4.0,0.175,28
621450,2022,662316,2022-08-10,0.0,2.0,0.0,29
621450,2022,662817,2022-08-12,1.25,2.0,0.625,30
621450,2022,661834,2022-08-15,0.7,4.0,0.175,31
621450,2022,661788,2022-08-17,1.6,4.0,0.4,32
621450,2022,661787,2022-08-18,0.0,1.0,0.0,33
621450,2022,662341,2022-08-19,1.25,3.0,0.4166666666666667,34
621450,2022,662314,2022-08-22,0.9,3.0,0.3,35
621450,2022,662338,2022-08-24,0.0,4.0,0.0,36
621450,2022,662337,2022-08-25,0.7,3.0,0.2333333333333333,37
602104,2022,661918,2022-04-08,1.25,4.0,0.3125,1
602104,2022,661917,2022-04-09,2.15,4.0,0.5375,2
602104,2022,661916,2022-04-10,0.0,3.0,0.0,3
602104,2022,663403,2022-04-11,0.9,4.0,0.225,4
602104,2022,663295,2022-04-12,1.6,5.0,0.32,5
602104,2022,663433,2022-04-13,0.0,4.0,0.0,6
602104,2022,663357,2022-04-15,0.7,6.0,0.11666666666666665,7
602104,2022,663266,2022-04-16,0.0,4.0,0.0,8
602104,2022,662407,2022-04-18,1.8,4.0,0.45,9
602104,2022,662406,2022-04-19,0.7,4.0,0.175,10
602104,2022,662391,2022-04-21,0.9,4.0,0.225,11
602104,2022,661037,2022-04-22,0.9,4.0,0.225,12
602104,2022,661035,2022-04-23,0.0,4.0,0.0,13
602104,2022,661309,2022-04-26,0.9,4.0,0.225,14
602104,2022,661306,2022-04-27,1.8,4.0,0.45,15
602104,2022,661305,2022-04-28,0.7,1.0,0.7,16
602104,2022,663337,2022-04-29,0.9,4.0,0.225,17
602104,2022,663364,2022-04-30,0.0,4.0,0.0,18
602104,2022,663363,2022-05-01,1.95,4.0,0.4875,19
602104,2022,663362,2022-05-02,0.0,3.0,0.0,20
602104,2022,663463,2022-05-03,0.9,2.0,0.45,21
602104,2022,663462,2022-05-04,2.0,4.0,0.5,22
602104,2022,661341,2022-05-05,0.9,4.0,0.225,23
602104,2022,661345,2022-05-08,1.25,4.0,0.3125,24
602104,2022,661307,2022-05-08,0.9,4.0,0.225,25
602104,2022,662851,2022-05-13,0.0,1.0,0.0,26
602104,2022,662844,2022-05-14,1.25,4.0,0.3125,27
602104,2022,662843,2022-05-15,1.6,4.0,0.4,28
602104,2022,661308,2022-05-16,0.7,4.0,0.175,29
602104,2022,661342,2022-05-17,2.9,4.0,0.725,30
602104,2022,661344,2022-05-18,0.0,4.0,0.0,31
602104,2022,661347,2022-05-19,0.7,5.0,0.13999999999999999,32
602104,2022,661348,2022-05-20,1.1,4.0,0.275,33
602104,2022,661279,2022-05-22,2.5,5.0,0.5,34
602104,2022,661287,2022-05-23,4.15,4.0,1.0375,35
602104,2022,661285,2022-05-24,1.95,4.0,0.4875,36
602104,2022,661286,2022-05-25,0.0,4.0,0.0,37
602104,2022,663276,2022-05-27,3.4,5.0,0.6799999999999999,38
602104,2022,663309,2022-05-28,1.8,4.0,0.45,39
602104,2022,663257,2022-05-28,1.25,3.0,0.4166666666666667,40
602104,2022,663299,2022-05-29,0.0,4.0,0.0,41
602104,2022,663298,2022-05-30,2.0,5.0,0.4,42
602104,2022,661075,2022-05-31,1.25,3.0,0.4166666666666667,43
602104,2022,661343,2022-06-01,2.0,4.0,0.5,44
602104,2022,661247,2022-06-02,1.25,4.0,0.3125,45
602104,2022,661346,2022-06-04,0.0,3.0,0.0,46
602104,2022,661151,2022-06-05,0.0,4.0,0.0,47
602104,2022,661170,2022-06-07,2.7,4.0,0.675,48
602104,2022,661073,2022-07-04,0.0,1.0,0.0,49
602104,2022,661244,2022-07-05,1.8,5.0,0.36,50
602104,2022,661245,2022-07-06,1.6,3.0,0.5333333333333333,51
602104,2022,661091,2022-07-07,0.9,1.0,0.9,52
602104,2022,661108,2022-07-08,0.9,4.0,0.225,53
602104,2022,661071,2022-07-09,0.0,3.0,0.0,54
602104,2022,661092,2022-07-10,1.8,4.0,0.45,55
602104,2022,663187,2022-07-12,3.8,4.0,0.95,56
602104,2022,663230,2022-07-13,0.7,4.0,0.175,57
602104,2022,661874,2022-07-15,4.0,4.0,1.0,58
602104,2022,661873,2022-07-16,2.5,4.0,0.625,59
602104,2022,661872,2022-07-17,0.9,4.0,0.225,60
602104,2022,661072,2022-07-22,0.9,4.0,0.225,61
602104,2022,661057,2022-07-23,4.15,4.0,1.0375,62
602104,2022,661056,2022-07-24,0.9,4.0,0.225,63
602104,2022,661055,2022-07-25,1.8,4.0,0.45,64
602104,2022,661054,2022-07-26,2.0,3.0,0.6666666666666666,65
602104,2022,661053,2022-07-27,0.0,4.0,0.0,66
602104,2022,661052,2022-07-28,0.0,3.0,0.0,67
602104,2022,663026,2022-07-29,1.4,4.0,0.35,68
602104,2022,663025,2022-07-30,0.9,3.0,0.3,69
602104,2022,663024,2022-07-31,0.7,4.0,0.175,70
602104,2022,661820,2022-08-01,0.0,5.0,0.0,71
602104,2022,661819,2022-08-02,0.7,4.0,0.175,72
602104,2022,661818,2022-08-03,0.9,5.0,0.18,73
602104,2022,661048,2022-08-05,1.1,3.0,0.3666666666666667,74
602104,2022,661050,2022-08-06,1.25,5.0,0.25,75
602104,2022,661049,2022-08-07,0.0,1.0,0.0,76
602104,2022,661047,2022-08-08,2.0,4.0,0.5,77
602104,2022,661046,2022-08-09,1.8,4.0,0.45,78
602104,2022,663274,2022-08-11,0.9,4.0,0.225,79
602104,2022,661866,2022-08-12,0.9,5.0,0.18,80
602104,2022,661865,2022-08-13,1.25,4.0,0.3125,81
602104,2022,661864,2022-08-14,0.0,3.0,0.0,82
602104,2022,661707,2022-08-15,0.9,4.0,0.225,83
602104,2022,661706,2022-08-16,1.8,4.0,0.45,84
602104,2022,661705,2022-08-17,0.0,3.0,0.0,85
602104,2022,661109,2022-08-18,0.9,4.0,0.225,86
602104,2022,661044,2022-08-19,3.6,5.0,0.72,87
602104,2022,661043,2022-08-20,1.8,4.0,0.45,88
602104,2022,661051,2022-08-21,1.6,4.0,0.4,89
602104,2022,663460,2022-08-24,0.7,4.0,0.175,90
602104,2022,663459,2022-08-25,0.0,4.0,0.0,91
602104,2022,662710,2022-08-26,2.9,4.0,0.725,92
602104,2022,661090,2022-08-27,0.7,4.0,0.175,93
602104,2022,661089,2022-08-28,0.0,3.0,0.0,94
602104,2022,662973,2022-08-30,0.9,4.0,0.225,95
602104,2022,662972,2022-08-31,2.7,4.0,0.675,96
602104,2022,662971,2022-09-01,1.6,4.0,0.4,97
602104,2022,663356,2022-09-02,1.45,3.0,0.48333333333333334,98
602104,2022,663354,2022-09-04,2.5,4.0,0.625,99
602104,2022,663353,2022-09-05,0.0,3.0,0.0,100
602104,2022,661045,2022-09-05,1.8,4.0,0.45,101
602104,2022,663458,2022-09-06,2.5,5.0,0.5,102
602104,2022,663457,2022-09-07,0.0,3.0,0.0,103
602104,2022,663456,2022-09-09,1.4,4.0,0.35,104
602104,2022,663455,2022-09-10,1.25,3.0,0.4166666666666667,105
602104,2022,663264,2022-09-11,0.0,4.0,0.0,106
602104,2022,662464,2022-09-13,2.3,5.0,0.45999999999999996,107
602104,2022,662463,2022-09-14,0.9,4.0,0.225,108
602104,2022,661776,2022-09-16,0.0,4.0,0.0,109
602104,2022,661769,2022-09-17,0.7,4.0,0.175,110
602104,2022,661780,2022-09-18,0.9,1.0,0.9,111
602104,2022,663263,2022-09-19,0.0,3.0,0.0,112
602104,2022,663262,2022-09-20,0.0,4.0,0.0,113
602104,2022,663261,2022-09-21,2.0999999999999996,4.0,0.5249999999999999,114
602104,2022,663258,2022-09-24,1.8,4.0,0.45,115
602104,2022,663206,2022-09-27,4.5,3.0,1.5,116
668942,2022,663360,2022-05-06,1.6,4.0,0.4,1
668942,2022,663359,2022-05-07,0.9,4.0,0.225,2
668942,2022,663366,2022-05-09,0.9,3.0,0.3,3
668942,2022,663350,2022-05-10,0.9,4.0,0.225,4
668942,2022,663358,2022-05-11,0.7,4.0,0.175,5
668942,2022,663349,2022-05-13,1.6,4.0,0.4,6
668942,2022,663348,2022-05-14,0.9,4.0,0.225,7
668942,2022,663367,2022-05-15,0.7,3.0,0.2333333333333333,8
668942,2022,662695,2022-05-16,0.9,4.0,0.225,9
668942,2022,662697,2022-05-17,0.9,4.0,0.225,10
668942,2022,662628,2022-05-17,1.4,3.0,0.4666666666666666,11
668942,2022,662744,2022-05-18,1.6,4.0,0.4,12
668942,2022,663193,2022-05-19,1.6,4.0,0.4,13
668942,2022,663143,2022-05-20,6.0,5.0,1.2,14
668942,2022,663194,2022-05-21,0.0,1.0,0.0,15
668942,2022,663338,2022-05-26,1.6,3.0,0.5333333333333333,16
668942,2022,663347,2022-05-27,3.05,5.0,0.61,17
668942,2022,663330,2022-05-28,0.0,4.0,0.0,18
668942,2022,663328,2022-05-29,0.9,4.0,0.225,19
668942,2022,663327,2022-05-30,0.7,4.0,0.175,20
668942,2022,663329,2022-05-31,2.15,4.0,0.5375,21
668942,2022,663326,2022-06-01,1.6,4.0,0.4,22
668942,2022,662452,2022-06-03,2.15,5.0,0.43,23
668942,2022,662451,2022-06-04,0.0,4.0,0.0,24
668942,2022,662450,2022-06-05,0.9,4.0,0.225,25
668942,2022,663065,2022-06-06,0.0,3.0,0.0,26
668942,2022,663050,2022-06-08,4.3,5.0,0.86,27
668942,2022,663049,2022-06-09,1.6,5.0,0.32,28
668942,2022,661617,2022-06-10,1.25,5.0,0.25,29
668942,2022,661614,2022-06-11,0.9,4.0,0.225,30
668942,2022,661622,2022-06-12,2.5,6.0,0.4166666666666667,31
668942,2022,663345,2022-06-13,0.0,5.0,0.0,32
668942,2022,663342,2022-06-14,0.7,5.0,0.13999999999999999,33
668942,2022,663336,2022-06-15,1.1,3.0,0.3666666666666667,34
668942,2022,663335,2022-06-17,0.0,5.0,0.0,35
668942,2022,663351,2022-06-18,0.9,4.0,0.225,36
668942,2022,663334,2022-06-19,0.9,4.0,0.225,37
668942,2022,662221,2022-06-20,0.9,4.0,0.225,38
668942,2022,662248,2022-06-21,0.7,3.0,0.2333333333333333,39
668942,2022,662245,2022-06-22,0.9,5.0,0.18,40
668942,2022,663333,2022-06-24,0.9,3.0,0.3,41
668942,2022,663346,2022-06-25,0.0,4.0,0.0,42
668942,2022,663331,2022-06-26,2.15,5.0,0.43,43
668942,2022,663344,2022-06-28,1.8,5.0,0.36,44
668942,2022,663325,2022-06-29,0.0,4.0,0.0,45
668942,2022,662997,2022-07-01,4.1,5.0,0.82,46
668942,2022,662910,2022-07-02,0.0,1.0,0.0,47
668942,2022,662913,2022-07-03,2.15,5.0,0.43,48
668942,2022,663343,2022-07-04,2.15,4.0,0.5375,49
668942,2022,663320,2022-07-05,0.9,1.0,0.9,50
668942,2022,663318,2022-07-06,1.1,4.0,0.275,51
668942,2022,663317,2022-07-07,1.4,4.0,0.35,52
668942,2022,663319,2022-07-08,4.15,4.0,1.0375,53
668942,2022,663310,2022-07-09,3.4,5.0,0.6799999999999999,54
668942,2022,663307,2022-07-10,1.8,4.0,0.45,55
668942,2022,662100,2022-07-11,1.6,5.0,0.32,56
668942,2022,662108,2022-07-12,0.9,4.0,0.225,57
668942,2022,662107,2022-07-13,0.7,5.0,0.13999999999999999,58
668942,2022,662197,2022-07-15,0.0,4.0,0.0,59
668942,2022,662271,2022-07-16,1.95,5.0,0.39,60
668942,2022,662269,2022-07-17,2.3,5.0,0.45999999999999996,61
668942,2022,663305,2022-07-23,0.7,4.0,0.175,62
668942,2022,663316,2022-07-24,2.7,5.0,0.54,63
668942,2022,663315,2022-07-25,2.5,5.0,0.5,64
668942,2022,663314,2022-07-26,0.7,1.0,0.7,65
668942,2022,663294,2022-07-27,2.9,4.0,0.725,66
668942,2022,661501,2022-07-29,1.6,5.0,0.32,67
668942,2022,661499,2022-07-30,0.0,4.0,0.0,68
668942,2022,661498,2022-07-31,0.0,4.0,0.0,69
668942,2022,662947,2022-08-01,0.9,5.0,0.18,70
668942,2022,662941,2022-08-02,0.7,4.0,0.175,71
668942,2022,662946,2022-08-03,0.9,4.0,0.225,72
668942,2022,663313,2022-08-05,1.95,5.0,0.39,73
668942,2022,663288,2022-08-06,0.9,4.0,0.225,74
668942,2022,663300,2022-08-07,2.15,4.0,0.5375,75
668942,2022,663304,2022-08-08,0.9,4.0,0.225,76
668942,2022,663303,2022-08-09,2.15,5.0,0.43,77
668942,2022,663293,2022-08-11,0.7,3.0,0.2333333333333333,78
668942,2022,662978,2022-08-12,0.9,4.0,0.225,79
668942,2022,662882,2022-08-13,3.8,5.0,0.76,80
668942,2022,662881,2022-08-14,1.8,5.0,0.36,81
668942,2022,662034,2022-08-15,1.6,4.0,0.4,82
668942,2022,662004,2022-08-16,0.9,4.0,0.225,83
668942,2022,662003,2022-08-17,0.7,4.0,0.175,84
668942,2022,662002,2022-08-18,3.75,5.0,0.75,85
668942,2022,663292,2022-08-19,2.15,4.0,0.5375,86
668942,2022,663291,2022-08-20,2.85,5.0,0.5700000000000001,87
668942,2022,663301,2022-08-21,0.7,4.0,0.175,88
668942,2022,662668,2022-08-23,2.3,6.0,0.3833333333333333,89
668942,2022,662640,2022-08-24,0.9,4.0,0.225,90
668942,2022,661445,2022-08-26,1.25,5.0,0.25,91
668942,2022,661444,2022-08-27,1.6,6.0,0.26666666666666666,92
668942,2022,661443,2022-08-28,0.7,4.0,0.175,93
668942,2022,663332,2022-08-29,0.2,4.0,0.05,94
668942,2022,663286,2022-08-30,2.3,5.0,0.45999999999999996,95
668942,2022,663290,2022-09-01,2.15,5.0,0.43,96
668942,2022,663285,2022-09-02,0.0,4.0,0.0,97
668942,2022,663321,2022-09-03,2.5,5.0,0.5,98
668942,2022,663311,2022-09-04,1.4,4.0,0.35,99
668942,2022,662211,2022-09-05,1.6,4.0,0.4,100
668942,2022,662205,2022-09-06,2.0,5.0,0.4,101
668942,2022,662216,2022-09-07,1.4,4.0,0.35,102
668942,2022,662870,2022-09-09,0.9,5.0,0.18,103
668942,2022,662869,2022-09-10,0.0,2.0,0.0,104
668942,2022,662868,2022-09-11,1.8,6.0,0.3,105
668942,2022,663322,2022-09-14,0.7,4.0,0.175,106
668942,2022,663284,2022-09-15,0.0,3.0,0.0,107
668942,2022,663289,2022-09-17,0.0,4.0,0.0,108
668942,2022,663287,2022-09-18,0.0,4.0,0.0,109
668942,2022,662622,2022-09-19,0.7,1.0,0.7,110
668942,2022,662621,2022-09-20,0.9,4.0,0.225,111
668942,2022,662586,2022-09-22,0.7,1.0,0.7,112
668942,2022,663282,2022-09-23,0.9,1.0,0.9,113
668942,2022,663281,2022-09-24,1.4,4.0,0.35,114
668942,2022,663280,2022-09-25,0.9,4.0,0.225,115
668942,2022,662821,2022-09-27,0.9,4.0,0.225,116
668942,2022,662820,2022-09-28,0.0,3.0,0.0,117
668942,2022,662049,2022-09-30,2.15,4.0,0.5375,118
668942,2022,662023,2022-10-01,1.6,5.0,0.32,119
668942,2022,662022,2022-10-02,3.4,5.0,0.6799999999999999,120
668942,2022,661213,2022-10-03,0.2,3.0,0.06666666666666667,121
668942,2022,661223,2022-10-04,1.6,4.0,0.4,122
668942,2022,661227,2022-10-05,3.25,4.0,0.8125,123
669289,2022,661782,2022-04-08,1.25,3.0,0.4166666666666667,1
669289,2022,661803,2022-04-09,1.25,2.0,0.625,2
669289,2022,661802,2022-04-10,0.0,3.0,0.0,3
669289,2022,661315,2022-04-11,3.4,4.0,0.85,4
669289,2022,661314,2022-04-12,0.0,3.0,0.0,5
669289,2022,661313,2022-04-13,0.0,4.0,0.0,6
669289,2022,661312,2022-04-14,0.7,4.0,0.175,7
669289,2022,661792,2022-04-15,1.25,3.0,0.4166666666666667,8
669289,2022,661759,2022-04-16,0.9,4.0,0.225,9
669289,2022,661804,2022-04-17,1.6,4.0,0.4,10
669289,2022,663249,2022-04-19,0.0,4.0,0.0,11
669289,2022,663247,2022-04-20,0.7,4.0,0.175,12
669289,2022,663225,2022-04-21,0.0,2.0,0.0,13
669289,2022,662922,2022-04-22,2.0,3.0,0.6666666666666666,14
669289,2022,662875,2022-04-23,2.0,4.0,0.5,15
669289,2022,662921,2022-04-24,1.25,4.0,0.3125,16
669289,2022,661760,2022-04-25,0.9,3.0,0.3,17
669289,2022,661758,2022-04-26,3.75,4.0,0.9375,18
669289,2022,661757,2022-04-27,0.7,2.0,0.35,19
669289,2022,661827,2022-04-28,0.9,4.0,0.225,20
669289,2022,661826,2022-04-29,2.15,5.0,0.43,21
669289,2022,661825,2022-04-30,0.0,3.0,0.0,22
669289,2022,661824,2022-05-01,0.9,3.0,0.3,23
669289,2022,661823,2022-05-02,0.0,4.0,0.0,24
669289,2022,661796,2022-05-03,1.25,3.0,0.4166666666666667,25
669289,2022,661795,2022-05-04,0.7,3.0,0.2333333333333333,26
669289,2022,663066,2022-05-05,2.15,4.0,0.5375,27
669289,2022,663057,2022-05-07,1.25,3.0,0.4166666666666667,28
669289,2022,663056,2022-05-07,3.0,5.0,0.6,29
669289,2022,663086,2022-05-08,1.95,4.0,0.4875,30
669289,2022,661301,2022-05-10,1.25,4.0,0.3125,31
669289,2022,661300,2022-05-11,1.25,4.0,0.3125,32
669289,2022,661904,2022-05-13,0.9,3.0,0.3,33
669289,2022,661903,2022-05-14,1.8,4.0,0.45,34
669289,2022,661902,2022-05-15,0.9,3.0,0.3,35
669289,2022,661794,2022-05-16,0.9,4.0,0.225,36
669289,2022,661765,2022-05-17,0.9,3.0,0.3,37
669289,2022,661767,2022-05-18,1.8,4.0,0.45,38
669289,2022,661766,2022-05-20,1.8,4.0,0.45,39
669289,2022,661793,2022-05-21,0.9,4.0,0.225,40
669289,2022,661763,2022-05-22,1.25,4.0,0.3125,41
669289,2022,661999,2022-05-23,1.6,5.0,0.32,42
669289,2022,661998,2022-05-24,0.7,6.0,0.11666666666666665,43
669289,2022,663445,2022-05-26,0.9,4.0,0.225,44
669289,2022,663444,2022-05-27,0.7,4.0,0.175,45
669289,2022,663400,2022-05-28,0.9,5.0,0.18,46
669289,2022,663414,2022-05-29,0.0,6.0,0.0,47
669289,2022,661797,2022-05-31,0.0,1.0,0.0,48
669289,2022,661764,2022-06-01,2.7,5.0,0.54,49
669289,2022,661762,2022-06-02,3.05,5.0,0.61,50
669289,2022,661761,2022-06-03,0.7,3.0,0.2333333333333333,51
669289,2022,661749,2022-06-04,2.8499999999999996,5.0,0.57,52
669289,2022,661747,2022-06-05,2.9,4.0,0.725,53
669289,2022,662613,2022-06-06,2.9,5.0,0.58,54
669289,2022,662678,2022-06-07,3.05,4.0,0.7625,55
669289,2022,662679,2022-06-08,0.9,5.0,0.18,56
669289,2022,662831,2022-06-10,1.8,5.0,0.36,57
669289,2022,662830,2022-06-11,0.0,4.0,0.0,58
669289,2022,662829,2022-06-12,1.95,4.0,0.4875,59
669289,2022,661746,2022-06-13,1.8,5.0,0.36,60
669289,2022,661745,2022-06-14,1.25,1.0,1.25,61
669289,2022,661744,2022-06-15,1.8,4.0,0.45,62
669289,2022,661743,2022-06-16,0.0,4.0,0.0,63
669289,2022,661742,2022-06-17,0.0,4.0,0.0,64
669289,2022,661748,2022-06-18,0.0,3.0,0.0,65
669289,2022,661741,2022-06-19,0.0,4.0,0.0,66
669289,2022,661482,2022-06-20,0.0,4.0,0.0,67
669289,2022,661481,2022-06-21,0.7,6.0,0.11666666666666665,68
669289,2022,661457,2022-06-22,1.6,5.0,0.32,69
669289,2022,661190,2022-06-24,0.0,5.0,0.0,70
669289,2022,661264,2022-06-25,0.0,1.0,0.0,71
669289,2022,661206,2022-06-26,1.8,4.0,0.45,72
669289,2022,661740,2022-06-27,0.0,4.0,0.0,73
669289,2022,661728,2022-06-28,1.8,4.0,0.45,74
669289,2022,661727,2022-06-29,2.5,5.0,0.5,75
669289,2022,661726,2022-06-30,2.9,4.0,0.725,76
669289,2022,661725,2022-07-01,0.7,4.0,0.175,77
669289,2022,661724,2022-07-02,0.9,4.0,0.225,78
669289,2022,661836,2022-07-02,2.5,4.0,0.625,79
669289,2022,662355,2022-07-04,0.9,3.0,0.3,80
669289,2022,662354,2022-07-05,0.0,4.0,0.0,81
669289,2022,662353,2022-07-06,1.6,4.0,0.4,82
669289,2022,662156,2022-07-07,3.05,5.0,0.61,83
669289,2022,662155,2022-07-08,1.6,5.0,0.32,84
669289,2022,662147,2022-07-09,0.0,3.0,0.0,85
669289,2022,662183,2022-07-10,0.9,4.0,0.225,86
669289,2022,661722,2022-07-12,0.9,4.0,0.225,87
669289,2022,661721,2022-07-13,1.8,4.0,0.45,88
669289,2022,661720,2022-07-14,0.0,3.0,0.0,89
669289,2022,661718,2022-07-16,0.9,4.0,0.225,90
669289,2022,661717,2022-07-17,0.9,4.0,0.225,91
669289,2022,663222,2022-07-22,3.4,7.0,0.4857142857142857,92
669289,2022,663221,2022-07-23,0.9,4.0,0.225,93
669289,2022,661716,2022-07-26,1.6,4.0,0.4,94
669289,2022,661714,2022-07-28,0.2,3.0,0.06666666666666667,95
669289,2022,661713,2022-07-29,0.0,3.0,0.0,96
669289,2022,661712,2022-07-30,0.9,3.0,0.3,97
669289,2022,661868,2022-08-02,0.0,4.0,0.0,98
669289,2022,661867,2022-08-03,0.7,3.0,0.2333333333333333,99
669289,2022,661659,2022-08-05,2.0,2.0,1.0,100
669289,2022,661662,2022-08-06,0.0,2.0,0.0,101
669289,2022,661653,2022-08-07,0.0,4.0,0.0,102
669289,2022,661046,2022-08-09,1.8,4.0,0.45,103
669289,2022,661709,2022-08-13,1.8,3.0,0.6,104
669289,2022,661708,2022-08-14,0.9,4.0,0.225,105
669289,2022,661707,2022-08-15,0.0,1.0,0.0,106
669289,2022,661706,2022-08-16,2.7,3.0,0.9,107
669289,2022,661705,2022-08-17,2.15,4.0,0.5375,108
669289,2022,661265,2022-08-18,0.7,4.0,0.175,109
669289,2022,661319,2022-08-19,0.7,2.0,0.35,110
669289,2022,661240,2022-08-20,1.25,4.0,0.3125,111
669289,2022,661239,2022-08-21,0.7,2.0,0.35,112
669289,2022,663172,2022-08-25,0.9,3.0,0.3,113
669289,2022,661704,2022-08-26,0.9,4.0,0.225,114
669289,2022,661703,2022-08-27,0.0,3.0,0.0,115
669289,2022,661801,2022-08-29,0.0,2.0,0.0,116
669289,2022,661800,2022-08-30,0.7,4.0,0.175,117
669289,2022,662356,2022-09-02,2.85,4.0,0.7125,118
669289,2022,662286,2022-09-03,0.7,4.0,0.175,119
669289,2022,663353,2022-09-05,0.7,4.0,0.175,120
669289,2022,663458,2022-09-06,0.0,2.0,0.0,121
669289,2022,663457,2022-09-07,2.5,4.0,0.625,122
669289,2022,661830,2022-09-09,0.0,4.0,0.0,123
669289,2022,661841,2022-09-10,3.75,5.0,0.75,124
669289,2022,661839,2022-09-11,0.0,4.0,0.0,125
669289,2022,661799,2022-09-12,0.0,1.0,0.0,126
669289,2022,661840,2022-09-13,0.0,2.0,0.0,127
669289,2022,661798,2022-09-13,0.7,2.0,0.35,128
669289,2022,661770,2022-09-14,2.7,3.0,0.9,129
669289,2022,661822,2022-09-15,0.9,2.0,0.45,130
669289,2022,661769,2022-09-17,0.9,3.0,0.3,131
669289,2022,661780,2022-09-18,0.0,4.0,0.0,132
669289,2022,661591,2022-09-20,0.9,1.0,0.9,133
669289,2022,661588,2022-09-21,0.0,2.0,0.0,134
656248,2022,662998,2022-06-19,0.7,4.0,0.175,1
656248,2022,661393,2022-06-22,0.7,1.0,0.7,2
656248,2022,661392,2022-06-23,0.0,4.0,0.0,3
656248,2022,661479,2022-08-30,0.9,4.0,0.225,4
656248,2022,661478,2022-08-31,1.6,4.0,0.4,5
656248,2022,661477,2022-09-01,0.0,3.0,0.0,6
656248,2022,663133,2022-09-02,3.4000000000000004,3.0,1.1333333333333335,7
656248,2022,663107,2022-09-04,1.4,4.0,0.35,8
656248,2022,662860,2022-09-05,0.9,4.0,0.225,9
656248,2022,662869,2022-09-10,1.8,4.0,0.45,10
656248,2022,662868,2022-09-11,0.7,4.0,0.175,11
656248,2022,663129,2022-09-17,0.0,3.0,0.0,12
656248,2022,662899,2022-09-21,1.6,3.0,0.5333333333333333,13
656248,2022,662898,2022-09-22,1.6,3.0,0.5333333333333333,14
656248,2022,662897,2022-09-23,2.0999999999999996,4.0,0.5249999999999999,15
656248,2022,662866,2022-09-24,2.85,4.0,0.7125,16
656248,2022,662865,2022-09-25,2.5,4.0,0.625,17
656248,2022,662046,2022-09-27,2.5,4.0,0.625,18
656248,2022,662045,2022-09-28,2.3,4.0,0.575,19
656248,2022,662050,2022-09-29,2.7,4.0,0.675,20
656248,2022,662596,2022-09-30,1.25,4.0,0.3125,21
656248,2022,662595,2022-10-01,0.7,4.0,0.175,22
656248,2022,662581,2022-10-02,2.5,4.0,0.625,23
656248,2022,662629,2022-10-03,3.4,4.0,0.85,24
656248,2022,662624,2022-10-04,2.0,5.0,0.4,25
656248,2022,662623,2022-10-05,1.4,4.0,0.35,26
500871,2022,662571,2022-04-07,1.95,5.0,0.39,1
500871,2022,662559,2022-04-08,2.65,5.0,0.53,2
500871,2022,662570,2022-04-10,1.25,4.0,0.3125,3
500871,2022,661637,2022-04-11,1.6,4.0,0.4,4
500871,2022,661636,2022-04-12,0.7,4.0,0.175,5
500871,2022,661643,2022-04-13,3.7,5.0,0.74,6
500871,2022,662485,2022-04-15,1.25,5.0,0.25,7
500871,2022,662626,2022-04-16,0.0,4.0,0.0,8
500871,2022,662625,2022-04-17,2.85,4.0,0.7125,9
500871,2022,662350,2022-04-19,1.6,4.0,0.4,10
500871,2022,662616,2022-04-19,2.15,4.0,0.5375,11
500871,2022,662349,2022-04-20,2.85,4.0,0.7125,12
500871,2022,662593,2022-04-21,2.7,4.0,0.675,13
500871,2022,663394,2022-04-22,0.0,4.0,0.0,14
500871,2022,663384,2022-04-23,0.7,4.0,0.175,15
500871,2022,663361,2022-04-24,0.0,5.0,0.0,16
500871,2022,662008,2022-04-25,1.8,4.0,0.45,17
500871,2022,662007,2022-04-26,0.7,4.0,0.175,18
500871,2022,662048,2022-04-27,2.15,4.0,0.5375,19
500871,2022,662592,2022-04-29,0.9,4.0,0.225,20
500871,2022,662591,2022-04-30,0.7,5.0,0.13999999999999999,21
500871,2022,662579,2022-05-01,1.8,5.0,0.36,22
500871,2022,662578,2022-05-02,0.0,4.0,0.0,23
500871,2022,662569,2022-05-03,0.9,4.0,0.225,24
500871,2022,662577,2022-05-04,1.95,4.0,0.4875,25
500871,2022,661619,2022-05-05,0.0,4.0,0.0,26
500871,2022,661626,2022-05-08,0.7,4.0,0.175,27
500871,2022,661627,2022-05-08,0.0,5.0,0.0,28
500871,2022,662537,2022-05-10,0.7,5.0,0.13999999999999999,29
500871,2022,662526,2022-05-11,0.9,4.0,0.225,30
500871,2022,662523,2022-05-13,0.0,4.0,0.0,31
500871,2022,662568,2022-05-14,0.0,4.0,0.0,32
500871,2022,662567,2022-05-15,2.3,4.0,0.575,33
500871,2022,662507,2022-05-17,2.5,4.0,0.625,34
500871,2022,662566,2022-05-17,2.7,4.0,0.675,35
500871,2022,662554,2022-05-18,0.0,5.0,0.0,36
500871,2022,662520,2022-05-19,0.0,4.0,0.0,37
500871,2022,663002,2022-05-21,1.6,5.0,0.32,38
500871,2022,663001,2022-05-21,0.7,3.0,0.2333333333333333,39
500871,2022,662075,2022-05-23,2.15,5.0,0.43,40
500871,2022,662074,2022-05-24,3.95,5.0,0.79,41
500871,2022,662093,2022-05-25,1.25,4.0,0.3125,42
500871,2022,662543,2022-05-27,0.0,4.0,0.0,43
500871,2022,662556,2022-05-28,0.9,4.0,0.225,44
500871,2022,662555,2022-05-29,1.25,5.0,0.25,45
500871,2022,662545,2022-05-30,0.9,5.0,0.18,46
500871,2022,662544,2022-05-31,2.9,5.0,0.58,47
500871,2022,662457,2022-06-01,0.0,4.0,0.0,48
500871,2022,662693,2022-06-02,0.0,3.0,0.0,49
500871,2022,662720,2022-06-03,1.8,4.0,0.45,50
500871,2022,662687,2022-06-04,2.9,4.0,0.725,51
500871,2022,662612,2022-06-05,0.0,5.0,0.0,52
500871,2022,662278,2022-06-06,5.75,5.0,1.15,53
500871,2022,662277,2022-06-07,1.25,3.0,0.4166666666666667,54
500871,2022,662223,2022-06-08,0.9,4.0,0.225,55
500871,2022,663390,2022-06-10,1.8,4.0,0.45,56
500871,2022,663412,2022-06-11,1.25,4.0,0.3125,57
500871,2022,663397,2022-06-12,0.0,5.0,0.0,58
500871,2022,662441,2022-06-14,0.0,4.0,0.0,59
500871,2022,662480,2022-06-15,0.7,4.0,0.175,60
500871,2022,662533,2022-06-18,0.0,3.0,0.0,61
500871,2022,662532,2022-06-19,0.0,4.0,0.0,62
500871,2022,662522,2022-06-20,0.9,4.0,0.225,63
500871,2022,662750,2022-06-21,2.0,4.0,0.5,64
500871,2022,662749,2022-06-22,0.9,4.0,0.225,65
500871,2022,661382,2022-06-24,0.0,3.0,0.0,66
500871,2022,661381,2022-06-25,0.9,4.0,0.225,67
500871,2022,661380,2022-06-26,0.0,4.0,0.0,68
500871,2022,662521,2022-06-28,0.7,4.0,0.175,69
500871,2022,662439,2022-07-01,2.0,3.0,0.6666666666666666,70
500871,2022,662456,2022-07-02,2.9,4.0,0.725,71
500871,2022,662509,2022-07-03,2.0,4.0,0.5,72
500871,2022,663036,2022-07-04,0.9,5.0,0.18,73
500871,2022,663035,2022-07-05,0.7,4.0,0.175,74
500871,2022,663051,2022-07-06,0.9,5.0,0.18,75
500871,2022,662508,2022-07-07,0.9,4.0,0.225,76
500871,2022,662498,2022-07-08,0.0,4.0,0.0,77
500871,2022,662497,2022-07-09,0.0,4.0,0.0,78
500871,2022,662496,2022-07-10,0.9,4.0,0.225,79
500871,2022,661507,2022-07-11,0.9,5.0,0.18,80
500871,2022,661506,2022-07-12,1.95,4.0,0.4875,81
500871,2022,661505,2022-07-13,2.0,4.0,0.5,82
500871,2022,661101,2022-07-14,1.8,5.0,0.36,83
500871,2022,661114,2022-07-16,0.0,4.0,0.0,84
500871,2022,661115,2022-07-16,4.15,5.0,0.8300000000000001,85
500871,2022,661082,2022-07-17,1.6,4.0,0.4,86
500871,2022,662481,2022-07-22,0.0,4.0,0.0,87
500871,2022,662495,2022-07-23,0.0,4.0,0.0,88
500871,2022,662438,2022-07-26,2.0,4.0,0.5,89
500871,2022,662420,2022-07-27,1.25,4.0,0.3125,90
500871,2022,661372,2022-07-29,0.9,2.0,0.45,91
500871,2022,661371,2022-07-30,1.25,4.0,0.3125,92
500871,2022,662474,2022-08-01,0.0,4.0,0.0,93
500871,2022,662552,2022-08-03,0.0,1.0,0.0,94
500871,2022,662418,2022-08-05,0.9,2.0,0.45,95
500871,2022,662417,2022-08-06,1.25,4.0,0.3125,96
500871,2022,662445,2022-08-08,0.0,3.0,0.0,97
500871,2022,662444,2022-08-09,1.6,4.0,0.4,98
500871,2022,662427,2022-08-14,0.0,2.0,0.0,99
500871,2022,661497,2022-08-15,0.0,4.0,0.0,100
500871,2022,662442,2022-08-27,0.0,3.0,0.0,101
500871,2022,662446,2022-08-28,0.0,1.0,0.0,102
500871,2022,662426,2022-08-30,1.8,4.0,0.45,103
500871,2022,662447,2022-08-31,1.25,3.0,0.4166666666666667,104
500871,2022,662410,2022-09-01,0.0,3.0,0.0,105
500871,2022,662409,2022-09-02,2.0,3.0,0.6666666666666666,106
500871,2022,662425,2022-09-03,2.7,3.0,0.9,107
500871,2022,662424,2022-09-04,0.9,3.0,0.3,108
500871,2022,662282,2022-09-06,1.6,4.0,0.4,109
500871,2022,662285,2022-09-07,3.6,5.0,0.72,110
500871,2022,662283,2022-09-07,2.9,4.0,0.725,111
500871,2022,661337,2022-09-09,0.9,4.0,0.225,112
500871,2022,661323,2022-09-10,4.15,5.0,0.8300000000000001,113
500871,2022,661322,2022-09-11,3.6,5.0,0.72,114
500871,2022,662423,2022-09-12,2.5,4.0,0.625,115
500871,2022,662430,2022-09-13,0.0,4.0,0.0,116
500871,2022,662422,2022-09-14,0.9,4.0,0.225,117
500871,2022,662398,2022-09-15,0.0,4.0,0.0,118
500871,2022,662404,2022-09-16,1.95,3.0,0.65,119
500871,2022,662403,2022-09-17,3.6,4.0,0.9,120
500871,2022,662402,2022-09-18,0.0,5.0,0.0,121
500871,2022,661161,2022-09-19,2.15,3.0,0.7166666666666667,122
500871,2022,661159,2022-09-20,0.7,4.0,0.175,123
500871,2022,661158,2022-09-21,0.0,4.0,0.0,124
500871,2022,662305,2022-09-23,2.0,5.0,0.4,125
500871,2022,662311,2022-09-24,0.0,4.0,0.0,126
500871,2022,662310,2022-09-25,2.7,5.0,0.54,127
500871,2022,662401,2022-09-27,0.0,4.0,0.0,128
500871,2022,662400,2022-09-28,3.8,5.0,0.76,129
500871,2022,661467,2022-09-30,2.85,4.0,0.7125,130
500871,2022,661466,2022-10-01,0.0,4.0,0.0,131
500871,2022,661465,2022-10-02,1.8,4.0,0.45,132
500871,2022,661095,2022-10-04,1.4,3.0,0.4666666666666666,133
500871,2022,661094,2022-10-04,0.7,3.0,0.2333333333333333,134
543228,2022,663204,2022-04-10,1.25,4.0,0.3125,1
543228,2022,662950,2022-04-14,2.15,4.0,0.5375,2
543228,2022,662930,2022-04-17,1.8,5.0,0.36,3
543228,2022,663197,2022-04-18,0.0,2.0,0.0,4
543228,2022,663146,2022-04-20,0.0,2.0,0.0,5
543228,2022,663195,2022-04-22,0.7,3.0,0.2333333333333333,6
543228,2022,661589,2022-04-26,0.0,3.0,0.0,7
543228,2022,661552,2022-04-27,0.0,1.0,0.0,8
543228,2022,661208,2022-04-30,2.7,4.0,0.675,9
543228,2022,661216,2022-05-01,0.0,3.0,0.0,10
543228,2022,663165,2022-05-03,0.9,3.0,0.3,11
543228,2022,663164,2022-05-04,0.0,1.0,0.0,12
543228,2022,663162,2022-05-07,0.9,3.0,0.3,13
543228,2022,663142,2022-05-07,0.0,4.0,0.0,14
543228,2022,662259,2022-05-09,1.8,4.0,0.45,15
543228,2022,662258,2022-05-10,0.0,4.0,0.0,16
543228,2022,663348,2022-05-14,2.9,4.0,0.725,17
543228,2022,663367,2022-05-15,0.0,1.0,0.0,18
543228,2022,663151,2022-05-16,3.05,5.0,0.61,19
543228,2022,663156,2022-05-18,0.0,1.0,0.0,20
543228,2022,663193,2022-05-19,2.15,4.0,0.5375,21
543228,2022,663143,2022-05-20,0.0,1.0,0.0,22
543228,2022,663194,2022-05-21,0.9,4.0,0.225,23
543228,2022,663073,2022-05-23,0.0,4.0,0.0,24
543228,2022,661276,2022-06-11,2.7,4.0,0.675,25
543228,2022,663183,2022-06-13,2.0,4.0,0.5,26
543228,2022,663182,2022-06-14,0.9,4.0,0.225,27
543228,2022,663155,2022-06-15,0.9,5.0,0.18,28
543228,2022,663125,2022-06-16,0.0,1.0,0.0,29
543228,2022,663124,2022-06-17,0.0,3.0,0.0,30
543228,2022,663218,2022-06-19,0.9,4.0,0.225,31
543228,2022,661107,2022-06-22,0.9,5.0,0.18,32
543228,2022,661106,2022-06-23,0.0,5.0,0.0,33
543228,2022,661971,2022-06-24,1.8,4.0,0.45,34
543228,2022,661970,2022-06-25,0.0,4.0,0.0,35
543228,2022,661969,2022-06-26,2.15,5.0,0.43,36
543228,2022,663231,2022-06-28,0.0,4.0,0.0,37
543228,2022,663199,2022-06-30,1.95,5.0,0.39,38
543228,2022,663185,2022-07-01,0.0,2.0,0.0,39
543228,2022,663198,2022-07-02,0.0,3.0,0.0,40
543228,2022,663186,2022-07-03,0.0,1.0,0.0,41
543228,2022,661181,2022-07-04,0.0,3.0,0.0,42
543228,2022,661187,2022-07-05,1.8,4.0,0.45,43
543228,2022,661225,2022-07-06,0.0,1.0,0.0,44
543228,2022,662730,2022-07-07,0.0,3.0,0.0,45
543228,2022,662610,2022-07-08,0.0,4.0,0.0,46
543228,2022,662683,2022-07-09,0.0,3.0,0.0,47
543228,2022,663187,2022-07-12,0.0,3.0,0.0,48
543228,2022,661101,2022-07-14,0.9,4.0,0.225,49
543228,2022,661115,2022-07-16,2.8499999999999996,4.0,0.7124999999999999,50
543228,2022,661556,2022-07-24,4.0,4.0,1.0,51
543228,2022,661064,2022-07-26,0.9,4.0,0.225,52
543228,2022,662058,2022-07-28,0.0,3.0,0.0,53
543228,2022,662112,2022-07-30,2.5,4.0,0.625,54
543228,2022,661959,2022-08-02,1.8,3.0,0.6,55
543228,2022,661063,2022-08-05,0.7,3.0,0.2333333333333333,56
543228,2022,661061,2022-08-07,1.6,3.0,0.5333333333333333,57
543228,2022,663229,2022-08-10,0.9,3.0,0.3,58
543228,2022,663021,2022-08-14,2.7,4.0,0.675,59
543228,2022,662470,2022-08-17,0.9,3.0,0.3,60
543228,2022,663115,2022-08-21,0.0,3.0,0.0,61
543228,2022,663163,2022-08-23,0.0,4.0,0.0,62
543228,2022,663216,2022-08-24,0.9,4.0,0.225,63
543228,2022,661168,2022-08-28,0.7,5.0,0.13999999999999999,64
543228,2022,661779,2022-08-31,0.9,4.0,0.225,65
543228,2022,661920,2022-09-02,0.9,4.0,0.225,66
543228,2022,661928,2022-09-03,2.15,4.0,0.5375,67
543228,2022,663242,2022-09-06,0.2,4.0,0.05,68
543228,2022,663168,2022-09-07,3.6,4.0,0.9,69
543228,2022,663217,2022-09-09,2.7,3.0,0.9,70
543228,2022,663130,2022-09-11,0.7,4.0,0.175,71
543228,2022,662430,2022-09-13,0.9,4.0,0.225,72
543228,2022,662422,2022-09-14,1.25,4.0,0.3125,73
543228,2022,663126,2022-09-16,0.0,4.0,0.0,74
543228,2022,663129,2022-09-17,0.9,1.0,0.9,75
543228,2022,663112,2022-09-18,3.8,4.0,0.95,76
543228,2022,661299,2022-09-19,0.0,4.0,0.0,77
543228,2022,661297,2022-09-21,0.0,4.0,0.0,78
543228,2022,662264,2022-09-22,0.0,4.0,0.0,79
543228,2022,662249,2022-09-24,0.0,4.0,0.0,80
543228,2022,663128,2022-09-27,2.15,3.0,0.7166666666666667,81
543228,2022,663098,2022-09-28,0.0,3.0,0.0,82
543228,2022,663099,2022-09-30,2.15,4.0,0.5375,83
543228,2022,663096,2022-10-03,1.25,3.0,0.4166666666666667,84
543543,2023,718779,2023-03-30,2.0,4.0,0.5,1
543543,2023,718752,2023-04-01,1.6,4.0,0.4,2
543543,2023,718726,2023-04-03,0.9,3.0,0.3,3
543543,2023,718709,2023-04-04,1.6,3.0,0.5333333333333333,4
543543,2023,718675,2023-04-07,0.0,3.0,0.0,5
543543,2023,718630,2023-04-10,0.0,1.0,0.0,6
543543,2023,718615,2023-04-11,1.6,3.0,0.5333333333333333,7
543543,2023,718595,2023-04-12,1.95,3.0,0.65,8
543543,2023,718581,2023-04-14,0.9,4.0,0.225,9
543543,2023,718539,2023-04-17,0.7,4.0,0.175,10
543543,2023,718522,2023-04-18,1.6,4.0,0.4,11
543543,2023,718469,2023-04-22,0.0,5.0,0.0,12
543543,2023,718424,2023-04-26,0.0,4.0,0.0,13
543543,2023,718356,2023-04-30,0.0,1.0,0.0,14
543543,2023,718264,2023-05-07,1.25,1.0,1.25,15
543543,2023,718239,2023-05-09,0.0,4.0,0.0,16
543543,2023,718172,2023-05-14,0.0,1.0,0.0,17
543543,2023,718165,2023-05-15,0.9,1.0,0.9,18
543543,2023,718100,2023-05-20,0.7,1.0,0.7,19
543543,2023,718065,2023-05-23,0.0,1.0,0.0,20
543543,2023,718020,2023-05-26,1.25,1.0,1.25,21
543543,2023,717415,2023-07-14,0.7,1.0,0.7,22
543543,2023,717305,2023-07-22,0.0,1.0,0.0,23
543543,2023,717284,2023-07-23,2.85,4.0,0.7125,24
543543,2023,717274,2023-07-24,0.7,2.0,0.35,25
543543,2023,717168,2023-08-01,0.0,3.0,0.0,26
543510,2023,718651,2023-04-09,0.0,2.0,0.0,1
543510,2023,718618,2023-04-11,1.25,2.0,0.625,2
543510,2023,718599,2023-04-12,0.0,4.0,0.0,3
543510,2023,718570,2023-04-15,0.0,3.0,0.0,4
543510,2023,718518,2023-04-19,0.9,4.0,0.225,5
543510,2023,718472,2023-04-22,2.0,3.0,0.6666666666666666,6
543510,2023,718459,2023-04-23,0.0,3.0,0.0,7
543510,2023,718447,2023-04-24,0.9,4.0,0.225,8
543510,2023,718401,2023-04-29,0.9,3.0,0.3,9
543510,2023,718381,2023-04-29,2.0,3.0,0.6666666666666666,10
543510,2023,718336,2023-05-02,2.7,5.0,0.54,11
543510,2023,718314,2023-05-03,0.0,1.0,0.0,12
543510,2023,718312,2023-05-04,1.4,5.0,0.27999999999999997,13
543510,2023,718298,2023-05-05,1.25,4.0,0.3125,14
543510,2023,718277,2023-05-07,0.9,2.0,0.45,15
543510,2023,718259,2023-05-08,0.0,3.0,0.0,16
543510,2023,718213,2023-05-12,0.0,1.0,0.0,17
543510,2023,718179,2023-05-14,0.9,4.0,0.225,18
543510,2023,718128,2023-05-18,0.0,4.0,0.0,19
543510,2023,718087,2023-05-21,0.0,4.0,0.0,20
543510,2023,718040,2023-05-24,0.9,4.0,0.225,21
543510,2023,718001,2023-05-27,1.25,4.0,0.3125,22
543510,2023,717990,2023-05-28,0.7,3.0,0.2333333333333333,23
543510,2023,717974,2023-05-29,1.25,3.0,0.4166666666666667,24
543510,2023,717890,2023-06-04,3.4,4.0,0.85,25
543510,2023,717849,2023-06-08,1.45,3.0,0.48333333333333334,26
543510,2023,717839,2023-06-09,0.0,4.0,0.0,27
543510,2023,717808,2023-06-11,0.0,4.0,0.0,28
543510,2023,717753,2023-06-15,0.9,4.0,0.225,29
543510,2023,717729,2023-06-17,0.9,2.0,0.45,30
543510,2023,717508,2023-07-04,0.0,3.0,0.0,31
543510,2023,717475,2023-07-06,0.9,2.0,0.45,32
543510,2023,717458,2023-07-07,0.2,3.0,0.06666666666666667,33
543510,2023,717428,2023-07-09,0.0,1.0,0.0,34
543510,2023,717384,2023-07-16,1.8,3.0,0.6,35
543510,2023,717343,2023-07-19,1.25,4.0,0.3125,36
543510,2023,717300,2023-07-22,1.45,3.0,0.48333333333333334,37
543510,2023,717280,2023-07-24,0.9,3.0,0.3,38
543510,2023,717245,2023-07-26,1.25,4.0,0.3125,39
543510,2023,717200,2023-07-30,0.7,4.0,0.175,40
543510,2023,717157,2023-08-02,1.25,4.0,0.3125,41
543510,2023,717134,2023-08-04,3.75,4.0,0.9375,42
543510,2023,717107,2023-08-06,1.25,3.0,0.4166666666666667,43
543510,2023,717084,2023-08-08,1.8,3.0,0.6,44
543510,2023,717053,2023-08-10,2.15,3.0,0.7166666666666667,45
543510,2023,717005,2023-08-13,3.2,4.0,0.8,46
543510,2023,716965,2023-08-16,0.9,3.0,0.3,47
543510,2023,716930,2023-08-19,2.9,5.0,0.58,48
543510,2023,716902,2023-08-22,1.6,4.0,0.4,49
543510,2023,716859,2023-08-25,0.9,4.0,0.225,50
543510,2023,716836,2023-08-27,0.0,3.0,0.0,51
543510,2023,716786,2023-08-30,0.0,4.0,0.0,52
543510,2023,716747,2023-09-02,1.25,4.0,0.3125,53
543510,2023,716713,2023-09-04,0.0,4.0,0.0,54
543510,2023,716690,2023-09-06,0.7,5.0,0.13999999999999999,55
543510,2023,716664,2023-09-09,4.0,5.0,0.8,56
543510,2023,716621,2023-09-12,0.0,4.0,0.0,57
543510,2023,716604,2023-09-13,0.0,3.0,0.0,58
543510,2023,716553,2023-09-17,1.25,2.0,0.625,59
543510,2023,716514,2023-09-19,1.6,4.0,0.4,60
543510,2023,716464,2023-09-23,1.8,4.0,0.45,61
543510,2023,716416,2023-09-27,0.9,4.0,0.225,62
543510,2023,716402,2023-09-28,0.0,3.0,0.0,63
543510,2023,716390,2023-09-29,0.7,3.0,0.2333333333333333,64
543510,2023,716377,2023-09-30,0.0,1.0,0.0,65
543510,2023,716367,2023-10-01,0.7,3.0,0.2333333333333333,66
621563,2023,718774,2023-03-30,0.0,2.0,0.0,1
621563,2023,718755,2023-04-01,0.0,4.0,0.0,2
621563,2023,718741,2023-04-02,0.7,3.0,0.2333333333333333,3
621563,2023,718269,2023-05-07,1.6,1.0,1.6,4
621563,2023,718249,2023-05-08,0.0,3.0,0.0,5
621563,2023,718236,2023-05-09,0.0,4.0,0.0,6
621563,2023,718226,2023-05-10,1.25,4.0,0.3125,7
621563,2023,718212,2023-05-12,1.6,4.0,0.4,8
621563,2023,718198,2023-05-13,0.0,4.0,0.0,9
621563,2023,718153,2023-05-16,0.9,4.0,0.225,10
621563,2023,718130,2023-05-18,0.9,4.0,0.225,11
621563,2023,718105,2023-05-19,0.7,3.0,0.2333333333333333,12
621563,2023,718103,2023-05-20,0.7,4.0,0.175,13
621563,2023,718078,2023-05-21,0.9,1.0,0.9,14
621563,2023,718069,2023-05-22,1.8,3.0,0.6,15
621563,2023,718051,2023-05-23,0.0,1.0,0.0,16
621563,2023,718036,2023-05-24,1.25,4.0,0.3125,17
621563,2023,718015,2023-05-26,0.7,1.0,0.7,18
621563,2023,717998,2023-05-27,1.6,4.0,0.4,19
621563,2023,717945,2023-05-31,0.2,1.0,0.2,20
621563,2023,717941,2023-06-01,1.6,3.0,0.5333333333333333,21
621563,2023,717927,2023-06-02,0.0,1.0,0.0,22
621563,2023,717911,2023-06-03,4.1,5.0,0.82,23
621563,2023,717896,2023-06-04,1.25,4.0,0.3125,24
621563,2023,717887,2023-06-05,2.15,4.0,0.5375,25
621563,2023,717876,2023-06-06,1.8,4.0,0.45,26
621563,2023,717860,2023-06-07,0.9,4.0,0.225,27
621563,2023,717828,2023-06-09,2.0,3.0,0.6666666666666666,28
621563,2023,717820,2023-06-10,0.9,5.0,0.18,29
621563,2023,717795,2023-06-11,0.0,4.0,0.0,30
621563,2023,717749,2023-06-16,0.9,4.0,0.225,31
621563,2023,717734,2023-06-17,2.15,4.0,0.5375,32
621563,2023,717714,2023-06-18,0.0,1.0,0.0,33
621563,2023,717700,2023-06-19,0.9,5.0,0.18,34
621563,2023,717690,2023-06-20,0.9,1.0,0.9,35
621563,2023,717676,2023-06-21,0.9,4.0,0.225,36
621563,2023,717654,2023-06-22,0.9,4.0,0.225,37
621563,2023,717653,2023-06-23,0.9,4.0,0.225,38
621563,2023,717630,2023-06-24,1.8,5.0,0.36,39
621563,2023,717605,2023-06-27,4.3,5.0,0.86,40
621563,2023,717583,2023-06-28,2.15,4.0,0.5375,41
621563,2023,717569,2023-06-29,1.8,4.0,0.45,42
621563,2023,717558,2023-06-30,0.0,4.0,0.0,43
621563,2023,717536,2023-07-01,0.9,4.0,0.225,44
621563,2023,717532,2023-07-02,0.0,4.0,0.0,45
621563,2023,717515,2023-07-03,0.0,2.0,0.0,46
621563,2023,717502,2023-07-04,2.5,5.0,0.5,47
621563,2023,717488,2023-07-05,0.9,1.0,0.9,48
621563,2023,717473,2023-07-06,0.0,4.0,0.0,49
621563,2023,717466,2023-07-07,2.5,4.0,0.625,50
621563,2023,717426,2023-07-09,1.25,3.0,0.4166666666666667,51
621563,2023,717417,2023-07-14,1.6,4.0,0.4,52
621563,2023,717401,2023-07-15,0.9,4.0,0.225,53
621563,2023,717384,2023-07-16,0.7,4.0,0.175,54
621563,2023,717374,2023-07-17,0.9,4.0,0.225,55
621563,2023,717357,2023-07-18,0.9,1.0,0.9,56
621563,2023,717351,2023-07-19,0.0,2.0,0.0,57
621563,2023,717319,2023-07-21,0.9,4.0,0.225,58
621563,2023,717306,2023-07-22,0.9,4.0,0.225,59
621563,2023,717292,2023-07-23,0.0,1.0,0.0,60
621563,2023,717270,2023-07-25,0.7,3.0,0.2333333333333333,61
621563,2023,717252,2023-07-26,0.2,3.0,0.06666666666666667,62
621563,2023,717236,2023-07-28,0.9,4.0,0.225,63
621563,2023,717218,2023-07-29,0.0,3.0,0.0,64
621563,2023,717189,2023-07-31,0.0,4.0,0.0,65
621563,2023,717182,2023-08-01,0.0,4.0,0.0,66
621563,2023,717159,2023-08-02,0.0,2.0,0.0,67
621563,2023,717147,2023-08-03,0.0,3.0,0.0,68
621563,2023,717124,2023-08-05,0.9,3.0,0.3,69
621563,2023,717097,2023-08-07,0.0,3.0,0.0,70
621563,2023,717083,2023-08-08,1.25,4.0,0.3125,71
621563,2023,717047,2023-08-11,0.0,3.0,0.0,72
621563,2023,717025,2023-08-12,0.9,3.0,0.3,73
621563,2023,717011,2023-08-13,0.9,2.0,0.45,74
621563,2023,716991,2023-08-15,1.6,4.0,0.4,75
621563,2023,716946,2023-08-18,1.6,4.0,0.4,76
621563,2023,716909,2023-08-19,0.0,3.0,0.0,77
621563,2023,716907,2023-08-21,0.0,3.0,0.0,78
621563,2023,716887,2023-08-22,0.0,1.0,0.0,79
621563,2023,716883,2023-08-23,1.25,3.0,0.4166666666666667,80
621563,2023,716844,2023-08-26,0.0,2.0,0.0,81
621563,2023,716778,2023-08-30,0.0,3.0,0.0,82
621563,2023,716776,2023-08-31,0.9,4.0,0.225,83
621563,2023,716771,2023-09-01,0.7,5.0,0.13999999999999999,84
621563,2023,716740,2023-09-03,0.9,4.0,0.225,85
621563,2023,716695,2023-09-06,4.15,4.0,1.0375,86
621563,2023,716682,2023-09-07,0.0,3.0,0.0,87
621563,2023,716679,2023-09-08,0.0,1.0,0.0,88
621563,2023,716626,2023-09-11,0.9,3.0,0.3,89
621563,2023,716610,2023-09-12,0.0,2.0,0.0,90
621563,2023,716592,2023-09-13,0.0,2.0,0.0,91
621563,2023,716582,2023-09-15,0.9,4.0,0.225,92
621563,2023,716565,2023-09-16,0.0,1.0,0.0,93
621563,2023,716546,2023-09-17,0.0,5.0,0.0,94
621563,2023,716535,2023-09-18,0.0,3.0,0.0,95
621563,2023,716482,2023-09-22,0.0,3.0,0.0,96
621563,2023,716362,2023-10-01,0.7,3.0,0.2333333333333333,97
608336,2023,718775,2023-03-30,0.9,2.0,0.45,1
608336,2023,718751,2023-04-01,0.0,4.0,0.0,2
608336,2023,718745,2023-04-02,5.95,5.0,1.19,3
608336,2023,718729,2023-04-03,2.0,3.0,0.6666666666666666,4
608336,2023,718714,2023-04-04,0.0,3.0,0.0,5
608336,2023,718701,2023-04-05,0.0,1.0,0.0,6
608336,2023,718684,2023-04-07,0.7,2.0,0.35,7
608336,2023,718505,2023-04-19,3.8,5.0,0.76,8
608336,2023,718497,2023-04-20,0.7,4.0,0.175,9
608336,2023,718482,2023-04-21,3.4000000000000004,3.0,1.1333333333333335,10
608336,2023,718468,2023-04-22,0.7,4.0,0.175,11
608336,2023,718454,2023-04-23,0.7,4.0,0.175,12
608336,2023,718442,2023-04-24,2.7,4.0,0.675,13
608336,2023,718427,2023-04-25,1.25,1.0,1.25,14
608336,2023,718417,2023-04-26,2.0,4.0,0.5,15
608336,2023,718400,2023-04-27,1.25,4.0,0.3125,16
608336,2023,718387,2023-04-28,2.3,4.0,0.575,17
608336,2023,718378,2023-04-29,0.0,4.0,0.0,18
608336,2023,718362,2023-04-30,1.4,4.0,0.35,19
608336,2023,718340,2023-05-02,0.0,4.0,0.0,20
608336,2023,718322,2023-05-03,0.0,2.0,0.0,21
608336,2023,718310,2023-05-04,2.0999999999999996,5.0,0.41999999999999993,22
608336,2023,718306,2023-05-05,0.0,4.0,0.0,23
608336,2023,718285,2023-05-06,0.0,1.0,0.0,24
608336,2023,718273,2023-05-07,1.4,4.0,0.35,25
608336,2023,718242,2023-05-09,0.9,4.0,0.225,26
608336,2023,718224,2023-05-10,0.0,3.0,0.0,27
608336,2023,718216,2023-05-11,2.85,4.0,0.7125,28
608336,2023,718209,2023-05-12,0.0,1.0,0.0,29
608336,2023,718195,2023-05-13,3.25,5.0,0.65,30
608336,2023,718175,2023-05-14,2.0,5.0,0.4,31
608336,2023,718159,2023-05-15,0.0,3.0,0.0,32
608336,2023,718141,2023-05-16,1.8,4.0,0.45,33
608336,2023,718136,2023-05-17,2.0,4.0,0.5,34
608336,2023,718106,2023-05-19,0.0,1.0,0.0,35
608336,2023,718096,2023-05-20,2.0,4.0,0.5,36
608336,2023,718080,2023-05-21,1.4,4.0,0.35,37
608336,2023,718067,2023-05-22,0.0,3.0,0.0,38
608336,2023,718054,2023-05-23,1.6,3.0,0.5333333333333333,39
608336,2023,718013,2023-05-26,1.4,2.0,0.7,40
608336,2023,718008,2023-05-27,0.7,5.0,0.13999999999999999,41
608336,2023,717988,2023-05-28,1.6,4.0,0.4,42
608336,2023,717968,2023-05-29,1.6,6.0,0.26666666666666666,43
608336,2023,717956,2023-05-30,0.7,5.0,0.13999999999999999,44
608336,2023,717938,2023-05-31,0.7,5.0,0.13999999999999999,45
608336,2023,717937,2023-06-01,0.0,4.0,0.0,46
608336,2023,717783,2023-06-13,1.95,4.0,0.4875,47
608336,2023,717771,2023-06-14,1.6,4.0,0.4,48
608336,2023,717752,2023-06-15,0.0,1.0,0.0,49
608336,2023,717738,2023-06-16,1.25,3.0,0.4166666666666667,50
608336,2023,717711,2023-06-18,0.0,4.0,0.0,51
608336,2023,717693,2023-06-19,0.9,4.0,0.225,52
608336,2023,717683,2023-06-20,0.0,4.0,0.0,53
608336,2023,717665,2023-06-21,0.0,2.0,0.0,54
608336,2023,717647,2023-06-23,0.0,1.0,0.0,55
608336,2023,717633,2023-06-24,2.0,4.0,0.5,56
608336,2023,717621,2023-06-25,0.0,3.0,0.0,57
608336,2023,717609,2023-06-26,2.7,4.0,0.675,58
608336,2023,717600,2023-06-27,2.15,4.0,0.5375,59
608336,2023,717588,2023-06-28,0.0,3.0,0.0,60
608336,2023,717561,2023-06-30,2.7,4.0,0.675,61
608336,2023,717541,2023-07-01,2.7,3.0,0.9,62
608336,2023,717529,2023-07-02,0.0,2.0,0.0,63
608336,2023,717510,2023-07-03,0.7,2.0,0.35,64
608336,2023,717500,2023-07-04,0.0,1.0,0.0,65
608336,2023,717482,2023-07-05,0.0,3.0,0.0,66
608336,2023,717458,2023-07-07,0.9,1.0,0.9,67
608336,2023,717446,2023-07-08,0.0,3.0,0.0,68
608336,2023,717428,2023-07-09,0.0,3.0,0.0,69
608336,2023,717409,2023-07-14,2.0,2.0,1.0,70
608336,2023,717399,2023-07-15,1.4,4.0,0.35,71
608336,2023,717379,2023-07-16,0.7,1.0,0.7,72
608336,2023,717365,2023-07-17,2.0,4.0,0.5,73
608336,2023,717350,2023-07-18,0.7,5.0,0.13999999999999999,74
608336,2023,717335,2023-07-19,0.0,3.0,0.0,75
608336,2023,717327,2023-07-20,0.0,3.0,0.0,76
608336,2023,717285,2023-07-23,0.0,1.0,0.0,77
608336,2023,717275,2023-07-24,0.0,3.0,0.0,78
608336,2023,717264,2023-07-25,0.0,2.0,0.0,79
608336,2023,717250,2023-07-26,1.25,3.0,0.4166666666666667,80
608336,2023,717232,2023-07-28,0.9,3.0,0.3,81
608336,2023,717198,2023-07-30,0.0,1.0,0.0,82
608336,2023,717174,2023-08-01,0.0,2.0,0.0,83
608336,2023,717155,2023-08-02,0.9,3.0,0.3,84
608336,2023,717128,2023-08-04,0.7,4.0,0.175,85
608336,2023,717118,2023-08-05,0.7,4.0,0.175,86
608336,2023,717091,2023-08-07,1.4,2.0,0.7,87
608336,2023,717076,2023-08-08,0.7,2.0,0.35,88
608336,2023,717061,2023-08-09,2.0,2.0,1.0,89
608336,2023,717050,2023-08-10,0.7,3.0,0.2333333333333333,90
608336,2023,717044,2023-08-11,0.0,4.0,0.0,91
608336,2023,717028,2023-08-12,6.5,5.0,1.3,92
608336,2023,716983,2023-08-15,0.7,4.0,0.175,93
608336,2023,716976,2023-08-16,1.6,4.0,0.4,94
608336,2023,716936,2023-08-19,0.7,4.0,0.175,95
608336,2023,716923,2023-08-20,0.0,3.0,0.0,96
608336,2023,716850,2023-08-25,0.0,2.0,0.0,97
608336,2023,716839,2023-08-26,0.0,3.0,0.0,98
608336,2023,716824,2023-08-27,0.7,1.0,0.7,99
608336,2023,716796,2023-08-29,0.7,2.0,0.35,100
608336,2023,716784,2023-08-30,0.0,1.0,0.0,101
608336,2023,716772,2023-09-01,0.7,4.0,0.175,102
608336,2023,716752,2023-09-02,0.0,1.0,0.0,103
608336,2023,716737,2023-09-03,0.0,2.0,0.0,104
608336,2023,716719,2023-09-04,2.9,2.0,1.45,105
608336,2023,716717,2023-09-05,0.0,1.0,0.0,106
624585,2023,718774,2023-03-30,1.25,4.0,0.3125,1
624585,2023,718771,2023-03-31,2.9,4.0,0.725,2
624585,2023,718755,2023-04-01,0.7,5.0,0.13999999999999999,3
624585,2023,718741,2023-04-02,1.25,4.0,0.3125,4
624585,2023,718729,2023-04-03,1.25,4.0,0.3125,5
624585,2023,718714,2023-04-04,0.0,3.0,0.0,6
624585,2023,718701,2023-04-05,4.0,4.0,1.0,7
624585,2023,718693,2023-04-07,0.7,4.0,0.175,8
624585,2023,718661,2023-04-08,0.0,4.0,0.0,9
624585,2023,718633,2023-04-10,0.7,4.0,0.175,10
624585,2023,718619,2023-04-11,1.25,5.0,0.25,11
624585,2023,718609,2023-04-12,3.95,5.0,0.79,12
624585,2023,718584,2023-04-14,0.7,3.0,0.2333333333333333,13
624585,2023,718550,2023-04-16,1.25,4.0,0.3125,14
624585,2023,718544,2023-04-17,2.0,1.0,2.0,15
624585,2023,718528,2023-04-18,3.05,4.0,0.7625,16
624585,2023,718511,2023-04-19,1.6,4.0,0.4,17
624585,2023,718473,2023-04-22,1.4,5.0,0.27999999999999997,18
624585,2023,718488,2023-04-22,0.0,5.0,0.0,19
624585,2023,718460,2023-04-23,3.75,4.0,0.9375,20
624585,2023,718443,2023-04-24,0.0,3.0,0.0,21
624585,2023,718429,2023-04-25,0.9,5.0,0.18,22
624585,2023,718411,2023-04-26,0.7,4.0,0.175,23
624585,2023,718410,2023-04-27,0.0,1.0,0.0,24
624585,2023,718391,2023-04-28,0.9,4.0,0.225,25
624585,2023,718375,2023-04-29,0.0,5.0,0.0,26
624585,2023,718364,2023-04-30,0.7,4.0,0.175,27
624585,2023,718346,2023-05-02,0.0,4.0,0.0,28
624585,2023,718321,2023-05-03,0.0,5.0,0.0,29
624585,2023,718308,2023-05-04,4.15,5.0,0.8300000000000001,30
624585,2023,718303,2023-05-05,0.0,4.0,0.0,31
624585,2023,718289,2023-05-06,3.6,4.0,0.9,32
624585,2023,718269,2023-05-07,0.9,5.0,0.18,33
624585,2023,718249,2023-05-08,1.6,4.0,0.4,34
624585,2023,718236,2023-05-09,4.0,4.0,1.0,35
624585,2023,718226,2023-05-10,0.9,4.0,0.225,36
624585,2023,718212,2023-05-12,0.9,3.0,0.3,37
624585,2023,718198,2023-05-13,2.5,5.0,0.5,38
624585,2023,718178,2023-05-14,0.0,3.0,0.0,39
624585,2023,718153,2023-05-16,2.0,5.0,0.4,40
624585,2023,718132,2023-05-17,2.7,4.0,0.675,41
624585,2023,718130,2023-05-18,0.0,4.0,0.0,42
624585,2023,718105,2023-05-19,0.7,4.0,0.175,43
624585,2023,718103,2023-05-20,0.9,4.0,0.225,44
624585,2023,718078,2023-05-21,4.7,5.0,0.9400000000000001,45
624585,2023,718069,2023-05-22,0.7,5.0,0.13999999999999999,46
624585,2023,718051,2023-05-23,3.25,5.0,0.65,47
624585,2023,718036,2023-05-24,3.6,5.0,0.72,48
624585,2023,718033,2023-05-25,3.8,5.0,0.76,49
624585,2023,718015,2023-05-26,2.0,5.0,0.4,50
624585,2023,717998,2023-05-27,2.7,5.0,0.54,51
624585,2023,717984,2023-05-28,0.0,4.0,0.0,52
624585,2023,717963,2023-05-30,1.4,5.0,0.27999999999999997,53
624585,2023,717945,2023-05-31,1.4,4.0,0.35,54
624585,2023,717941,2023-06-01,0.9,3.0,0.3,55
624585,2023,717927,2023-06-02,1.25,4.0,0.3125,56
624585,2023,717911,2023-06-03,0.9,6.0,0.15,57
624585,2023,717896,2023-06-04,0.0,1.0,0.0,58
624585,2023,717876,2023-06-06,1.6,4.0,0.4,59
624585,2023,717828,2023-06-09,0.7,4.0,0.175,60
624585,2023,717820,2023-06-10,4.1,5.0,0.82,61
624585,2023,717795,2023-06-11,5.95,5.0,1.19,62
624585,2023,717786,2023-06-12,0.7,3.0,0.2333333333333333,63
624585,2023,717773,2023-06-13,1.6,4.0,0.4,64
624585,2023,717759,2023-06-14,4.1,5.0,0.82,65
624585,2023,717749,2023-06-16,1.6,5.0,0.32,66
624585,2023,717734,2023-06-17,3.0,5.0,0.6,67
624585,2023,717714,2023-06-18,1.6,5.0,0.32,68
624585,2023,717700,2023-06-19,2.9,5.0,0.58,69
624585,2023,717690,2023-06-20,0.0,4.0,0.0,70
624585,2023,717676,2023-06-21,0.0,4.0,0.0,71
624585,2023,717654,2023-06-22,0.9,4.0,0.225,72
624585,2023,717653,2023-06-23,0.9,4.0,0.225,73
624585,2023,717630,2023-06-24,0.0,4.0,0.0,74
624585,2023,717620,2023-06-25,0.0,1.0,0.0,75
624585,2023,717605,2023-06-27,2.15,5.0,0.43,76
624585,2023,717583,2023-06-28,1.4,5.0,0.27999999999999997,77
624585,2023,717569,2023-06-29,0.0,4.0,0.0,78
624585,2023,717558,2023-06-30,2.7,4.0,0.675,79
624585,2023,717536,2023-07-01,1.25,4.0,0.3125,80
624585,2023,717532,2023-07-02,0.0,4.0,0.0,81
624585,2023,717515,2023-07-03,1.25,4.0,0.3125,82
624585,2023,717502,2023-07-04,4.1,5.0,0.82,83
624585,2023,717488,2023-07-05,2.85,5.0,0.5700000000000001,84
624585,2023,717473,2023-07-06,1.6,4.0,0.4,85
624585,2023,717466,2023-07-07,0.9,4.0,0.225,86
624585,2023,717438,2023-07-08,2.7,4.0,0.675,87
624585,2023,717426,2023-07-09,0.9,4.0,0.225,88
624585,2023,717417,2023-07-14,2.0,4.0,0.5,89
624585,2023,717401,2023-07-15,1.4,5.0,0.27999999999999997,90
624585,2023,717384,2023-07-16,0.0,4.0,0.0,91
624585,2023,717374,2023-07-17,1.95,5.0,0.39,92
624585,2023,717357,2023-07-18,0.9,5.0,0.18,93
624585,2023,717351,2023-07-19,0.9,5.0,0.18,94
624585,2023,717319,2023-07-21,0.0,4.0,0.0,95
624585,2023,717306,2023-07-22,0.9,4.0,0.225,96
624585,2023,717292,2023-07-23,0.9,4.0,0.225,97
624585,2023,717270,2023-07-25,0.7,4.0,0.175,98
624585,2023,717252,2023-07-26,0.0,5.0,0.0,99
624585,2023,717236,2023-07-28,0.9,4.0,0.225,100
624585,2023,717218,2023-07-29,0.9,4.0,0.225,101
624585,2023,717189,2023-07-31,2.9,4.0,0.725,102
624585,2023,717182,2023-08-01,1.6,5.0,0.32,103
624585,2023,717159,2023-08-02,2.0,6.0,0.3333333333333333,104
624585,2023,717147,2023-08-03,0.9,4.0,0.225,105
624585,2023,717133,2023-08-04,0.9,4.0,0.225,106
624585,2023,717124,2023-08-05,2.65,5.0,0.53,107
624585,2023,717102,2023-08-06,0.7,4.0,0.175,108
624585,2023,717097,2023-08-07,2.0,4.0,0.5,109
624585,2023,717083,2023-08-08,4.5,4.0,1.125,110
624585,2023,717070,2023-08-09,0.9,4.0,0.225,111
624585,2023,717047,2023-08-11,0.0,4.0,0.0,112
624585,2023,717000,2023-08-14,2.0,4.0,0.5,113
624585,2023,716991,2023-08-15,2.0,4.0,0.5,114
624585,2023,716972,2023-08-16,1.4,5.0,0.27999999999999997,115
624585,2023,716946,2023-08-18,4.7,5.0,0.9400000000000001,116
624585,2023,716926,2023-08-19,0.9,4.0,0.225,117
624585,2023,716909,2023-08-19,0.7,4.0,0.175,118
624585,2023,716907,2023-08-21,0.0,4.0,0.0,119
624585,2023,716887,2023-08-22,2.0,5.0,0.4,120
624585,2023,716883,2023-08-23,0.0,4.0,0.0,121
624585,2023,716863,2023-08-25,1.25,4.0,0.3125,122
624585,2023,716844,2023-08-26,2.0,4.0,0.5,123
624585,2023,716827,2023-08-27,3.25,4.0,0.8125,124
624585,2023,716807,2023-08-29,0.9,3.0,0.3,125
624585,2023,716710,2023-09-05,1.4,4.0,0.35,126
624585,2023,716546,2023-09-17,3.5999999999999996,4.0,0.8999999999999999,127
624585,2023,716535,2023-09-18,0.0,4.0,0.0,128
624585,2023,716523,2023-09-19,2.65,4.0,0.6625,129
624585,2023,716503,2023-09-20,2.5,5.0,0.5,130
624585,2023,716482,2023-09-22,0.9,2.0,0.45,131
624585,2023,716460,2023-09-23,0.9,4.0,0.225,132
624585,2023,716447,2023-09-24,2.7,5.0,0.54,133
624585,2023,716411,2023-09-27,0.9,5.0,0.18,134
624585,2023,716404,2023-09-28,1.6,4.0,0.4,135
624585,2023,716398,2023-09-29,1.6,5.0,0.32,136
624585,2023,716378,2023-09-30,3.75,4.0,0.9375,137
571745,2023,718446,2023-04-24,0.7,4.0,0.175,1
571745,2023,718423,2023-04-26,1.6,5.0,0.32,2
571745,2023,718409,2023-04-27,0.9,1.0,0.9,3
571745,2023,718384,2023-04-29,3.25,5.0,0.65,4
571745,2023,718368,2023-04-30,2.0,4.0,0.5,5
571745,2023,718350,2023-05-01,0.0,4.0,0.0,6
571745,2023,718326,2023-05-03,0.9,4.0,0.225,7
571745,2023,718293,2023-05-05,0.0,4.0,0.0,8
571745,2023,718287,2023-05-06,0.0,3.0,0.0,9
571745,2023,718267,2023-05-07,1.8,5.0,0.36,10
571745,2023,718260,2023-05-08,0.0,4.0,0.0,11
571745,2023,718250,2023-05-09,2.15,4.0,0.5375,12
571745,2023,718215,2023-05-11,0.0,4.0,0.0,13
571745,2023,718199,2023-05-12,0.0,4.0,0.0,14
571745,2023,718184,2023-05-13,0.0,4.0,0.0,15
571745,2023,718170,2023-05-15,0.9,4.0,0.225,16
571745,2023,718156,2023-05-16,0.0,4.0,0.0,17
571745,2023,718143,2023-05-17,0.9,1.0,0.9,18
571745,2023,718105,2023-05-19,2.15,4.0,0.5375,19
571745,2023,718103,2023-05-20,0.0,3.0,0.0,20
571745,2023,718078,2023-05-21,1.8,4.0,0.45,21
571745,2023,718054,2023-05-23,1.6,5.0,0.32,22
571745,2023,718047,2023-05-24,0.0,5.0,0.0,23
571745,2023,718028,2023-05-25,0.7,4.0,0.175,24
571745,2023,718017,2023-05-26,4.15,5.0,0.8300000000000001,25
571745,2023,717999,2023-05-27,3.8,4.0,0.95,26
571745,2023,717986,2023-05-28,0.9,4.0,0.225,27
571745,2023,717978,2023-05-29,3.4,5.0,0.6799999999999999,28
571745,2023,717972,2023-05-30,0.0,4.0,0.0,29
571745,2023,717953,2023-05-31,0.7,4.0,0.175,30
571745,2023,717920,2023-06-02,0.9,4.0,0.225,31
571745,2023,717916,2023-06-03,0.7,4.0,0.175,32
571745,2023,717890,2023-06-04,0.0,4.0,0.0,33
571745,2023,717869,2023-06-06,1.95,6.0,0.325,34
571745,2023,717852,2023-06-07,2.3,4.0,0.575,35
571745,2023,717846,2023-06-08,0.0,4.0,0.0,36
571745,2023,717826,2023-06-10,1.25,3.0,0.4166666666666667,37
571745,2023,717796,2023-06-11,1.6,5.0,0.32,38
571745,2023,717791,2023-06-12,2.15,5.0,0.43,39
571745,2023,717781,2023-06-13,0.7,2.0,0.35,40
571745,2023,716803,2023-08-29,0.9,4.0,0.225,41
571745,2023,716777,2023-08-31,2.3,5.0,0.45999999999999996,42
571745,2023,716743,2023-09-02,0.0,3.0,0.0,43
571745,2023,716728,2023-09-03,0.0,1.0,0.0,44
571745,2023,716723,2023-09-04,0.0,3.0,0.0,45
571745,2023,716708,2023-09-05,0.0,1.0,0.0,46
571745,2023,716699,2023-09-06,1.25,4.0,0.3125,47
571745,2023,716668,2023-09-08,2.0,3.0,0.6666666666666666,48
571745,2023,716634,2023-09-10,3.95,4.0,0.9875,49
571745,2023,716632,2023-09-11,1.4,5.0,0.27999999999999997,50
571745,2023,716619,2023-09-12,0.0,4.0,0.0,51
571745,2023,716605,2023-09-13,1.6,5.0,0.32,52
571745,2023,716571,2023-09-15,0.0,4.0,0.0,53
571745,2023,716581,2023-09-16,0.0,2.0,0.0,54
571745,2023,716550,2023-09-16,0.0,2.0,0.0,55
571745,2023,716540,2023-09-17,2.5,4.0,0.625,56
571745,2023,716511,2023-09-19,0.9,4.0,0.225,57
571745,2023,716474,2023-09-22,0.7,4.0,0.175,58
571745,2023,716456,2023-09-23,0.0,2.0,0.0,59
571745,2023,716439,2023-09-24,0.0,2.0,0.0,60
571745,2023,716441,2023-09-25,0.9,3.0,0.3,61
624512,2023,718782,2023-03-30,0.9,2.0,0.45,1
624512,2023,718761,2023-04-01,0.0,4.0,0.0,2
624512,2023,718713,2023-04-04,2.5,3.0,0.8333333333333334,3
624512,2023,718702,2023-04-05,0.0,1.0,0.0,4
624512,2023,718690,2023-04-06,1.6,4.0,0.4,5
624512,2023,718625,2023-04-11,2.15,2.0,1.075,6
624512,2023,718600,2023-04-12,2.7,4.0,0.675,7
624512,2023,718594,2023-04-13,0.0,4.0,0.0,8
624512,2023,718576,2023-04-15,0.7,1.0,0.7,9
624512,2023,718540,2023-04-17,0.9,3.0,0.3,10
624512,2023,718524,2023-04-18,1.8,2.0,0.9,11
624512,2023,718505,2023-04-19,2.15,4.0,0.5375,12
624512,2023,718483,2023-04-21,0.0,2.0,0.0,13
624512,2023,718470,2023-04-22,0.0,2.0,0.0,14
624512,2023,718435,2023-04-25,1.6,4.0,0.4,15
624512,2023,718416,2023-04-26,0.0,2.0,0.0,16
624512,2023,718395,2023-04-28,0.0,4.0,0.0,17
624512,2023,718353,2023-05-01,1.8,4.0,0.45,18
624512,2023,718316,2023-05-04,1.8,4.0,0.45,19
624512,2023,718284,2023-05-06,1.8,3.0,0.6,20
624512,2023,718245,2023-05-09,0.0,4.0,0.0,21
624512,2023,718211,2023-05-12,0.0,1.0,0.0,22
624512,2023,718196,2023-05-13,0.0,1.0,0.0,23
624512,2023,718187,2023-05-14,0.0,4.0,0.0,24
624512,2023,718149,2023-05-16,0.9,4.0,0.225,25
624512,2023,718079,2023-05-21,1.8,3.0,0.6,26
624512,2023,718053,2023-05-23,0.0,2.0,0.0,27
624512,2023,717991,2023-05-27,0.2,3.0,0.06666666666666667,28
624512,2023,717981,2023-05-28,0.0,1.0,0.0,29
624512,2023,717966,2023-05-30,2.5,4.0,0.625,30
624512,2023,717918,2023-06-03,1.95,4.0,0.4875,31
624512,2023,717885,2023-06-03,0.0,1.0,0.0,32
624512,2023,717873,2023-06-06,0.0,2.0,0.0,33
624512,2023,717842,2023-06-08,1.95,4.0,0.4875,34
624512,2023,717825,2023-06-10,1.25,4.0,0.3125,35
624512,2023,717810,2023-06-11,0.7,3.0,0.2333333333333333,36
624512,2023,717788,2023-06-13,0.0,5.0,0.0,37
624512,2023,717715,2023-06-18,1.6,3.0,0.5333333333333333,38
624512,2023,717665,2023-06-21,0.7,2.0,0.35,39
624512,2023,717167,2023-08-01,2.0,4.0,0.5,40
624512,2023,717161,2023-08-02,0.0,1.0,0.0,41
624512,2023,717125,2023-08-05,0.9,1.0,0.9,42
624512,2023,717111,2023-08-06,0.0,4.0,0.0,43
624512,2023,717059,2023-08-09,0.9,3.0,0.3,44
624512,2023,717051,2023-08-10,0.9,3.0,0.3,45
624512,2023,717033,2023-08-12,2.15,4.0,0.5375,46
624512,2023,716993,2023-08-15,1.6,4.0,0.4,47
624512,2023,716966,2023-08-17,0.0,1.0,0.0,48
624512,2023,716953,2023-08-18,1.25,4.0,0.3125,49
624512,2023,716928,2023-08-20,0.7,3.0,0.2333333333333333,50
624512,2023,716908,2023-08-21,1.8,4.0,0.45,51
624512,2023,716866,2023-08-25,3.05,4.0,0.7625,52
624512,2023,716849,2023-08-26,0.9,1.0,0.9,53
624512,2023,716831,2023-08-27,0.9,1.0,0.9,54
624512,2023,716802,2023-08-29,0.7,4.0,0.175,55
624512,2023,716750,2023-09-02,0.7,5.0,0.13999999999999999,56
624512,2023,716722,2023-09-04,0.0,4.0,0.0,57
624512,2023,716716,2023-09-05,0.0,1.0,0.0,58
624512,2023,716652,2023-09-10,2.3,4.0,0.575,59
624512,2023,716628,2023-09-12,1.6,4.0,0.4,60
624512,2023,716593,2023-09-14,0.9,4.0,0.225,61
624512,2023,716576,2023-09-15,0.0,3.0,0.0,62
624512,2023,716548,2023-09-17,0.9,4.0,0.225,63
624512,2023,716519,2023-09-19,0.0,1.0,0.0,64
624512,2023,716507,2023-09-20,0.9,4.0,0.225,65
624512,2023,716468,2023-09-23,1.6,4.0,0.4,66
624512,2023,716377,2023-09-30,0.9,4.0,0.225,67
624512,2023,716367,2023-10-01,0.9,2.0,0.45,68
650489,2023,718729,2023-04-03,0.0,1.0,0.0,1
650489,2023,718714,2023-04-04,0.0,3.0,0.0,2
650489,2023,718701,2023-04-05,0.9,4.0,0.225,3
650489,2023,718640,2023-04-10,0.7,4.0,0.175,4
650489,2023,718605,2023-04-12,2.15,2.0,1.075,5
650489,2023,718590,2023-04-13,0.0,1.0,0.0,6
650489,2023,718588,2023-04-14,0.7,4.0,0.175,7
650489,2023,718524,2023-04-18,0.9,2.0,0.45,8
650489,2023,718497,2023-04-20,3.25,4.0,0.8125,9
650489,2023,718468,2023-04-22,0.0,1.0,0.0,10
650489,2023,718454,2023-04-23,0.7,4.0,0.175,11
650489,2023,718427,2023-04-25,0.7,4.0,0.175,12
650489,2023,718417,2023-04-26,1.4,3.0,0.4666666666666666,13
650489,2023,718362,2023-04-30,0.9,3.0,0.3,14
650489,2023,718322,2023-05-03,1.6,4.0,0.4,15
650489,2023,718285,2023-05-06,0.9,4.0,0.225,16
650489,2023,718242,2023-05-09,0.0,1.0,0.0,17
650489,2023,718224,2023-05-10,0.0,1.0,0.0,18
650489,2023,718209,2023-05-12,1.25,3.0,0.4166666666666667,19
650489,2023,718195,2023-05-13,1.25,4.0,0.3125,20
650489,2023,718159,2023-05-15,0.9,5.0,0.18,21
650489,2023,718141,2023-05-16,1.8,4.0,0.45,22
650489,2023,718136,2023-05-17,0.9,4.0,0.225,23
650489,2023,718106,2023-05-19,2.0,4.0,0.5,24
650489,2023,718096,2023-05-20,1.45,4.0,0.3625,25
650489,2023,718080,2023-05-21,2.7,4.0,0.675,26
650489,2023,718067,2023-05-22,0.0,4.0,0.0,27
650489,2023,718054,2023-05-23,0.0,4.0,0.0,28
650489,2023,718047,2023-05-24,2.85,4.0,0.7125,29
650489,2023,718013,2023-05-26,0.9,2.0,0.45,30
650489,2023,718008,2023-05-27,4.7,5.0,0.9400000000000001,31
650489,2023,717988,2023-05-28,0.9,4.0,0.225,32
650489,2023,717968,2023-05-29,1.8,5.0,0.36,33
650489,2023,717938,2023-05-31,2.5,5.0,0.5,34
650489,2023,717937,2023-06-01,0.9,2.0,0.45,35
650489,2023,717924,2023-06-02,0.0,3.0,0.0,36
650489,2023,717913,2023-06-03,0.0,4.0,0.0,37
650489,2023,717895,2023-06-04,2.0,4.0,0.5,38
650489,2023,717882,2023-06-06,0.9,4.0,0.225,39
650489,2023,717859,2023-06-07,0.7,4.0,0.175,40
650489,2023,717845,2023-06-08,0.9,4.0,0.225,41
650489,2023,717835,2023-06-09,0.0,4.0,0.0,42
650489,2023,717822,2023-06-10,0.7,5.0,0.13999999999999999,43
650489,2023,717752,2023-06-15,2.15,3.0,0.7166666666666667,44
650489,2023,717728,2023-06-17,1.6,3.0,0.5333333333333333,45
650489,2023,717711,2023-06-18,1.25,5.0,0.25,46
650489,2023,717693,2023-06-19,1.8,4.0,0.45,47
650489,2023,717683,2023-06-20,0.0,4.0,0.0,48
650489,2023,717665,2023-06-21,0.0,2.0,0.0,49
650489,2023,717658,2023-06-22,0.9,4.0,0.225,50
650489,2023,717647,2023-06-23,1.4,4.0,0.35,51
650489,2023,717633,2023-06-24,0.9,1.0,0.9,52
650489,2023,717621,2023-06-25,3.4,5.0,0.6799999999999999,53
650489,2023,717609,2023-06-26,0.0,4.0,0.0,54
650489,2023,717600,2023-06-27,0.0,1.0,0.0,55
650489,2023,717588,2023-06-28,1.8,3.0,0.6,56
650489,2023,717561,2023-06-30,0.0,4.0,0.0,57
650489,2023,717541,2023-07-01,0.0,1.0,0.0,58
650489,2023,717529,2023-07-02,1.95,4.0,0.4875,59
650489,2023,717510,2023-07-03,2.3,4.0,0.575,60
650489,2023,717500,2023-07-04,0.7,4.0,0.175,61
650489,2023,717482,2023-07-05,1.4,4.0,0.35,62
650489,2023,717458,2023-07-07,1.6,4.0,0.4,63
650489,2023,717446,2023-07-08,0.0,1.0,0.0,64
650489,2023,717428,2023-07-09,0.0,2.0,0.0,65
650489,2023,717409,2023-07-14,0.7,5.0,0.13999999999999999,66
650489,2023,717399,2023-07-15,2.3,5.0,0.45999999999999996,67
650489,2023,717379,2023-07-16,0.0,4.0,0.0,68
650489,2023,717350,2023-07-18,2.7,5.0,0.54,69
650489,2023,717335,2023-07-19,1.8,5.0,0.36,70
650489,2023,717327,2023-07-20,0.0,3.0,0.0,71
650489,2023,717285,2023-07-23,1.25,2.0,0.625,72
650489,2023,717275,2023-07-24,0.0,3.0,0.0,73
650489,2023,717264,2023-07-25,2.3,4.0,0.575,74
650489,2023,717250,2023-07-26,1.25,4.0,0.3125,75
650489,2023,717232,2023-07-28,1.4,5.0,0.27999999999999997,76
650489,2023,717207,2023-07-29,2.3,4.0,0.575,77
650489,2023,717198,2023-07-30,1.8,4.0,0.45,78
650489,2023,717174,2023-08-01,0.0,1.0,0.0,79
650489,2023,717155,2023-08-02,0.7,2.0,0.35,80
650489,2023,717145,2023-08-03,1.95,4.0,0.4875,81
650489,2023,717128,2023-08-04,0.9,4.0,0.225,82
650489,2023,717118,2023-08-05,1.6,5.0,0.32,83
650489,2023,717106,2023-08-06,1.25,3.0,0.4166666666666667,84
650489,2023,717091,2023-08-07,1.6,5.0,0.32,85
650489,2023,717076,2023-08-08,1.25,4.0,0.3125,86
650489,2023,717061,2023-08-09,1.25,4.0,0.3125,87
650489,2023,717050,2023-08-10,0.0,3.0,0.0,88
650489,2023,717044,2023-08-11,0.0,4.0,0.0,89
650489,2023,716737,2023-09-03,0.0,1.0,0.0,90
650489,2023,716719,2023-09-04,2.5,5.0,0.5,91
650489,2023,716717,2023-09-05,2.35,4.0,0.5875,92
650489,2023,716700,2023-09-06,0.7,3.0,0.2333333333333333,93
650489,2023,716666,2023-09-08,1.6,4.0,0.4,94
650489,2023,716654,2023-09-09,4.15,4.0,1.0375,95
650489,2023,716639,2023-09-10,2.5,4.0,0.625,96
650489,2023,716629,2023-09-11,0.0,4.0,0.0,97
650489,2023,716613,2023-09-12,2.0,3.0,0.6666666666666666,98
650489,2023,716607,2023-09-13,0.0,4.0,0.0,99
650489,2023,716580,2023-09-14,1.25,5.0,0.25,100
650489,2023,716573,2023-09-15,1.8,5.0,0.36,101
650489,2023,716556,2023-09-16,0.7,5.0,0.13999999999999999,102
650489,2023,716542,2023-09-17,0.0,4.0,0.0,103
650489,2023,716522,2023-09-19,2.9,5.0,0.58,104
650489,2023,716506,2023-09-20,2.9,4.0,0.725,105
650489,2023,716475,2023-09-22,2.3,5.0,0.45999999999999996,106
650489,2023,716421,2023-09-26,0.0,1.0,0.0,107
650489,2023,716410,2023-09-27,3.2,4.0,0.8,108
650489,2023,716400,2023-09-28,2.3,4.0,0.575,109
650489,2023,716387,2023-09-29,0.9,5.0,0.18,110
650489,2023,716368,2023-09-30,1.6,5.0,0.32,111
650489,2023,716359,2023-10-01,2.3,5.0,0.45999999999999996,112
663527,2023,718593,2023-04-13,1.4,5.0,0.27999999999999997,1
663527,2023,718585,2023-04-14,0.0,2.0,0.0,2
663527,2023,718541,2023-04-18,1.6,3.0,0.5333333333333333,3
663527,2023,718513,2023-04-19,0.0,4.0,0.0,4
663527,2023,718472,2023-04-22,0.0,3.0,0.0,5
663527,2023,718459,2023-04-23,0.0,3.0,0.0,6
663527,2023,718428,2023-04-25,0.0,2.0,0.0,7
663527,2023,718419,2023-04-26,0.0,1.0,0.0,8
663527,2023,718405,2023-04-27,0.7,2.0,0.35,9
663527,2023,718401,2023-04-29,2.0,2.0,1.0,10
663527,2023,717964,2023-05-30,0.0,2.0,0.0,11
663527,2023,717951,2023-05-31,2.7,4.0,0.675,12
663527,2023,717925,2023-06-02,0.0,2.0,0.0,13
663527,2023,717891,2023-06-04,0.0,4.0,0.0,14
663527,2023,717886,2023-06-05,0.0,1.0,0.0,15
663527,2023,717862,2023-06-08,0.9,4.0,0.225,16
663527,2023,717599,2023-06-27,0.9,2.0,0.45,17
663527,2023,717580,2023-06-28,0.0,3.0,0.0,18
663527,2023,717544,2023-07-01,0.7,1.0,0.7,19
663527,2023,717523,2023-07-02,0.0,3.0,0.0,20
663527,2023,717485,2023-07-05,0.7,2.0,0.35,21
663527,2023,717476,2023-07-06,0.0,1.0,0.0,22
663527,2023,716749,2023-09-02,0.0,1.0,0.0,23
663527,2023,716734,2023-09-03,2.3,4.0,0.575,24
663527,2023,716711,2023-09-05,0.0,1.0,0.0,25
663527,2023,716686,2023-09-07,1.25,4.0,0.3125,26
663527,2023,716658,2023-09-09,2.0999999999999996,4.0,0.5249999999999999,27
663527,2023,716601,2023-09-13,0.0,1.0,0.0,28
663527,2023,716584,2023-09-14,1.6,4.0,0.4,29
663527,2023,716570,2023-09-15,0.7,1.0,0.7,30
663527,2023,716554,2023-09-16,2.85,5.0,0.5700000000000001,31
663527,2023,716544,2023-09-17,0.9,4.0,0.225,32
663527,2023,716528,2023-09-18,0.9,4.0,0.225,33
663527,2023,716510,2023-09-19,2.15,4.0,0.5375,34
663527,2023,716494,2023-09-20,1.8,4.0,0.45,35
663527,2023,716472,2023-09-22,0.0,4.0,0.0,36
663527,2023,716442,2023-09-24,0.0,2.0,0.0,37
663527,2023,716414,2023-09-27,2.7,3.0,0.9,38
663527,2023,716401,2023-09-28,1.6,4.0,0.4,39
663527,2023,716361,2023-10-01,0.0,1.0,0.0,40
664056,2023,718339,2023-05-02,0.9,4.0,0.225,1
664056,2023,718324,2023-05-03,0.0,3.0,0.0,2
664056,2023,718300,2023-05-05,2.0,4.0,0.5,3
664056,2023,718291,2023-05-06,1.8,2.0,0.9,4
664056,2023,718271,2023-05-07,4.5,5.0,0.9,5
664056,2023,718255,2023-05-08,2.3,4.0,0.575,6
664056,2023,718247,2023-05-09,2.7,4.0,0.675,7
664056,2023,718232,2023-05-10,2.0,3.0,0.6666666666666666,8
664056,2023,718219,2023-05-11,0.7,3.0,0.2333333333333333,9
664056,2023,718210,2023-05-12,0.9,4.0,0.225,10
664056,2023,718197,2023-05-13,0.7,5.0,0.13999999999999999,11
664056,2023,718180,2023-05-14,0.9,4.0,0.225,12
664056,2023,718157,2023-05-16,0.0,4.0,0.0,13
664056,2023,718134,2023-05-17,0.9,4.0,0.225,14
664056,2023,718121,2023-05-18,0.0,4.0,0.0,15
664056,2023,718120,2023-05-19,0.9,2.0,0.45,16
664056,2023,718095,2023-05-20,0.9,5.0,0.18,17
664056,2023,718085,2023-05-21,2.0,4.0,0.5,18
664056,2023,718058,2023-05-23,2.9,5.0,0.58,19
664056,2023,718040,2023-05-24,0.0,4.0,0.0,20
664056,2023,718029,2023-05-25,0.7,4.0,0.175,21
664056,2023,718023,2023-05-26,0.0,4.0,0.0,22
664056,2023,718006,2023-05-27,0.9,4.0,0.225,23
664056,2023,717995,2023-05-28,2.0,4.0,0.5,24
664056,2023,717969,2023-05-29,1.8,2.0,0.9,25
664056,2023,717684,2023-06-20,0.9,3.0,0.3,26
664056,2023,717666,2023-06-21,0.0,4.0,0.0,27
664056,2023,717652,2023-06-22,0.0,4.0,0.0,28
664056,2023,717655,2023-06-23,0.0,1.0,0.0,29
664056,2023,717636,2023-06-24,0.9,4.0,0.225,30
664056,2023,717622,2023-06-25,2.5,4.0,0.625,31
664056,2023,717595,2023-06-27,0.0,4.0,0.0,32
664056,2023,717579,2023-06-28,3.05,5.0,0.61,33
664056,2023,717574,2023-06-29,3.75,5.0,0.75,34
664056,2023,717550,2023-07-01,0.0,4.0,0.0,35
664056,2023,717524,2023-07-02,0.0,4.0,0.0,36
664056,2023,717513,2023-07-03,2.9,4.0,0.725,37
664056,2023,717508,2023-07-04,1.95,4.0,0.4875,38
664056,2023,717475,2023-07-06,1.6,4.0,0.4,39
664056,2023,717464,2023-07-07,0.0,3.0,0.0,40
664056,2023,717447,2023-07-08,1.25,4.0,0.3125,41
664056,2023,717433,2023-07-09,0.9,5.0,0.18,42
664056,2023,717410,2023-07-14,0.0,4.0,0.0,43
664056,2023,717394,2023-07-15,0.9,4.0,0.225,44
664056,2023,717378,2023-07-16,0.9,5.0,0.18,45
664056,2023,717369,2023-07-17,0.9,5.0,0.18,46
664056,2023,717352,2023-07-18,0.7,3.0,0.2333333333333333,47
664056,2023,717339,2023-07-19,0.7,3.0,0.2333333333333333,48
664056,2023,717304,2023-07-22,0.9,1.0,0.9,49
664056,2023,717294,2023-07-23,1.1,3.0,0.3666666666666667,50
664056,2023,717266,2023-07-25,0.9,4.0,0.225,51
664056,2023,717248,2023-07-26,3.05,4.0,0.7625,52
664056,2023,717237,2023-07-28,0.0,3.0,0.0,53
664056,2023,717219,2023-07-29,0.9,5.0,0.18,54
664056,2023,717200,2023-07-30,1.8,4.0,0.45,55
664056,2023,717185,2023-07-31,0.0,3.0,0.0,56
664056,2023,717175,2023-08-01,1.25,1.0,1.25,57
664056,2023,717160,2023-08-02,1.25,4.0,0.3125,58
664056,2023,717142,2023-08-03,0.7,4.0,0.175,59
664056,2023,717138,2023-08-04,0.7,4.0,0.175,60
664056,2023,717126,2023-08-05,1.25,4.0,0.3125,61
664056,2023,717110,2023-08-06,2.7,5.0,0.54,62
664056,2023,717088,2023-08-07,1.6,4.0,0.4,63
664056,2023,717075,2023-08-08,2.7,5.0,0.54,64
664056,2023,717054,2023-08-09,0.7,4.0,0.175,65
664056,2023,717047,2023-08-11,1.8,5.0,0.36,66
664056,2023,717025,2023-08-12,0.0,3.0,0.0,67
664056,2023,717011,2023-08-13,1.6,4.0,0.4,68
664056,2023,717001,2023-08-14,0.9,4.0,0.225,69
664056,2023,716987,2023-08-15,0.0,3.0,0.0,70
664056,2023,716970,2023-08-16,0.0,3.0,0.0,71
664056,2023,716953,2023-08-18,0.0,4.0,0.0,72
664056,2023,716943,2023-08-19,0.0,3.0,0.0,73
664056,2023,716928,2023-08-20,0.9,4.0,0.225,74
664056,2023,716900,2023-08-22,0.7,4.0,0.175,75
664056,2023,716877,2023-08-23,2.85,4.0,0.7125,76
664056,2023,716872,2023-08-24,0.0,5.0,0.0,77
664056,2023,716845,2023-08-26,0.0,2.0,0.0,78
664056,2023,716828,2023-08-27,0.0,4.0,0.0,79
664056,2023,716808,2023-08-28,0.0,1.0,0.0,80
664056,2023,716795,2023-08-29,0.0,4.0,0.0,81
664056,2023,716781,2023-08-30,1.6,4.0,0.4,82
664056,2023,718700,2023-09-01,0.0,3.0,0.0,83
664056,2023,716738,2023-09-03,0.9,2.0,0.45,84
664056,2023,716727,2023-09-04,0.0,2.0,0.0,85
664056,2023,716712,2023-09-05,0.0,4.0,0.0,86
664056,2023,716677,2023-09-08,0.9,3.0,0.3,87
664056,2023,716655,2023-09-09,1.6,3.0,0.5333333333333333,88
664056,2023,716642,2023-09-10,0.0,1.0,0.0,89
664056,2023,716617,2023-09-12,2.15,4.0,0.5375,90
664056,2023,716601,2023-09-13,1.4,4.0,0.35,91
664056,2023,716574,2023-09-15,0.9,4.0,0.225,92
664056,2023,716545,2023-09-17,0.0,3.0,0.0,93
664238,2023,717863,2023-06-07,1.4,2.0,0.7,1
664238,2023,717809,2023-06-10,0.0,5.0,0.0,2
664238,2023,717786,2023-06-12,0.0,4.0,0.0,3
664238,2023,717722,2023-06-17,0.7,3.0,0.2333333333333333,4
664238,2023,717684,2023-06-20,0.0,2.0,0.0,5
664238,2023,717666,2023-06-21,2.0,1.0,2.0,6
664238,2023,717652,2023-06-22,0.0,1.0,0.0,7
664238,2023,717590,2023-06-27,0.0,2.0,0.0,8
664238,2023,717587,2023-06-28,0.0,3.0,0.0,9
664238,2023,717548,2023-06-30,0.0,1.0,0.0,10
664238,2023,717516,2023-07-03,0.0,3.0,0.0,11
664238,2023,717453,2023-07-07,0.0,1.0,0.0,12
664238,2023,717440,2023-07-08,0.0,2.0,0.0,13
664238,2023,717406,2023-07-14,1.95,4.0,0.4875,14
664238,2023,717311,2023-07-21,0.0,2.0,0.0,15
664238,2023,717301,2023-07-22,3.25,4.0,0.8125,16
664238,2023,717281,2023-07-23,1.6,2.0,0.8,17
664238,2023,717275,2023-07-24,0.7,3.0,0.2333333333333333,18
664238,2023,717250,2023-07-26,4.9,4.0,1.225,19
664238,2023,717223,2023-07-28,0.0,3.0,0.0,20
664238,2023,717161,2023-08-02,0.0,2.0,0.0,21
664238,2023,717144,2023-08-03,0.0,2.0,0.0,22
664238,2023,717130,2023-08-04,3.95,5.0,0.79,23
664238,2023,717109,2023-08-05,2.15,4.0,0.5375,24
664238,2023,717072,2023-08-08,2.3,3.0,0.7666666666666666,25
664238,2023,717055,2023-08-09,0.9,1.0,0.9,26
664238,2023,717018,2023-08-12,1.25,4.0,0.3125,27
664238,2023,717005,2023-08-13,0.0,4.0,0.0,28
664238,2023,716994,2023-08-14,0.7,4.0,0.175,29
664238,2023,716981,2023-08-15,0.0,1.0,0.0,30
664238,2023,716963,2023-08-16,0.9,2.0,0.45,31
664238,2023,716964,2023-08-17,2.3,5.0,0.45999999999999996,32
664238,2023,716932,2023-08-19,4.7,5.0,0.9400000000000001,33
664238,2023,716920,2023-08-20,3.6,5.0,0.72,34
664238,2023,716881,2023-08-23,0.0,3.0,0.0,35
664238,2023,716853,2023-08-25,0.0,2.0,0.0,36
664238,2023,716832,2023-08-26,0.0,1.0,0.0,37
664238,2023,716804,2023-08-28,1.6,4.0,0.4,38
664238,2023,716790,2023-08-29,0.7,4.0,0.175,39
664238,2023,716788,2023-08-30,0.7,3.0,0.2333333333333333,40
664238,2023,716751,2023-09-02,0.0,2.0,0.0,41
664238,2023,716742,2023-09-03,0.0,2.0,0.0,42
664238,2023,716693,2023-09-06,0.0,2.0,0.0,43
664238,2023,716671,2023-09-08,1.95,3.0,0.65,44
664238,2023,716656,2023-09-09,0.0,2.0,0.0,45
664238,2023,716645,2023-09-10,0.0,1.0,0.0,46
664238,2023,716623,2023-09-11,0.7,4.0,0.175,47
664238,2023,716606,2023-09-12,2.15,4.0,0.5375,48
664238,2023,716602,2023-09-13,0.0,2.0,0.0,49
664238,2023,716568,2023-09-15,0.0,1.0,0.0,50
664238,2023,716552,2023-09-16,0.0,2.0,0.0,51
664238,2023,716537,2023-09-17,0.0,1.0,0.0,52
664238,2023,716527,2023-09-18,0.9,4.0,0.225,53
664238,2023,716512,2023-09-19,0.0,2.0,0.0,54
664238,2023,716504,2023-09-20,0.7,1.0,0.7,55
664238,2023,716477,2023-09-22,0.0,1.0,0.0,56
664238,2023,716461,2023-09-23,1.25,3.0,0.4166666666666667,57
664238,2023,716446,2023-09-24,0.0,2.0,0.0,58
664238,2023,716425,2023-09-26,0.0,1.0,0.0,59
664238,2023,716407,2023-09-27,1.25,2.0,0.625,60
664238,2023,716397,2023-09-28,1.6,4.0,0.4,61
664238,2023,716366,2023-09-30,0.7,2.0,0.35,62
664238,2023,716360,2023-10-01,0.0,1.0,0.0,63
664913,2023,718769,2023-03-30,2.15,4.0,0.5375,1
664913,2023,718757,2023-04-01,0.0,4.0,0.0,2
664913,2023,718734,2023-04-02,0.7,4.0,0.175,3
664913,2023,718721,2023-04-03,3.8,4.0,0.95,4
664913,2023,718707,2023-04-04,1.95,4.0,0.4875,5
664913,2023,718689,2023-04-05,0.0,4.0,0.0,6
664913,2023,718678,2023-04-07,0.9,4.0,0.225,7
664913,2023,718665,2023-04-08,0.7,3.0,0.2333333333333333,8
664913,2023,718062,2023-05-22,1.8,4.0,0.45,9
664913,2023,718050,2023-05-23,0.0,1.0,0.0,10
664913,2023,718037,2023-05-24,0.0,4.0,0.0,11
664913,2023,718025,2023-05-25,2.0,3.0,0.6666666666666666,12
664913,2023,718009,2023-05-26,2.0,4.0,0.5,13
664913,2023,718003,2023-05-27,0.7,4.0,0.175,14
664913,2023,717980,2023-05-28,0.9,4.0,0.225,15
664913,2023,717970,2023-05-29,0.0,4.0,0.0,16
664913,2023,717958,2023-05-30,1.4,4.0,0.35,17
664913,2023,717949,2023-05-31,0.0,2.0,0.0,18
664913,2023,717927,2023-06-02,0.0,3.0,0.0,19
664913,2023,717911,2023-06-03,0.7,5.0,0.13999999999999999,20
664913,2023,717896,2023-06-04,0.0,1.0,0.0,21
664913,2023,717884,2023-06-05,1.25,3.0,0.4166666666666667,22
664913,2023,717874,2023-06-06,1.95,5.0,0.39,23
664913,2023,717865,2023-06-07,4.45,6.0,0.7416666666666667,24
664913,2023,717831,2023-06-09,1.4,5.0,0.27999999999999997,25
664913,2023,717814,2023-06-10,0.9,4.0,0.225,26
664913,2023,717800,2023-06-11,2.0,4.0,0.5,27
664913,2023,717789,2023-06-12,0.0,3.0,0.0,28
664913,2023,717774,2023-06-13,0.9,3.0,0.3,29
664913,2023,717761,2023-06-14,0.9,3.0,0.3,30
664913,2023,717756,2023-06-15,0.9,4.0,0.225,31
664913,2023,717735,2023-06-16,0.9,3.0,0.3,32
664913,2023,717725,2023-06-17,0.0,3.0,0.0,33
664913,2023,717705,2023-06-18,0.0,3.0,0.0,34
664913,2023,717679,2023-06-20,0.0,3.0,0.0,35
664913,2023,717663,2023-06-21,0.9,5.0,0.18,36
664913,2023,717646,2023-06-23,0.0,4.0,0.0,37
664913,2023,717634,2023-06-24,2.0,4.0,0.5,38
664913,2023,717595,2023-06-27,2.7,3.0,0.9,39
664913,2023,717579,2023-06-28,0.0,3.0,0.0,40
664913,2023,717574,2023-06-29,2.7,4.0,0.675,41
664913,2023,717551,2023-06-30,0.0,1.0,0.0,42
664913,2023,717538,2023-07-01,2.0,5.0,0.4,43
664913,2023,717518,2023-07-02,1.6,5.0,0.32,44
664913,2023,717494,2023-07-04,0.0,1.0,0.0,45
664913,2023,717476,2023-07-06,0.0,3.0,0.0,46
664913,2023,717461,2023-07-07,2.7,3.0,0.9,47
664913,2023,717435,2023-07-09,0.9,5.0,0.18,48
664913,2023,717409,2023-07-14,1.4,5.0,0.27999999999999997,49
664913,2023,717399,2023-07-15,2.0,3.0,0.6666666666666666,50
664913,2023,717379,2023-07-16,1.4,4.0,0.35,51
664913,2023,717366,2023-07-17,0.0,3.0,0.0,52
664913,2023,717344,2023-07-19,0.7,2.0,0.35,53
664913,2023,717323,2023-07-20,2.15,4.0,0.5375,54
664913,2023,717310,2023-07-21,0.0,4.0,0.0,55
664913,2023,717295,2023-07-22,2.7,4.0,0.675,56
664913,2023,717279,2023-07-23,0.8999999999999999,3.0,0.3,57
664913,2023,717272,2023-07-25,1.25,4.0,0.3125,58
664913,2023,717227,2023-07-28,0.0,1.0,0.0,59
664913,2023,717212,2023-07-29,3.75,5.0,0.75,60
664913,2023,717199,2023-07-30,0.0,1.0,0.0,61
664913,2023,717171,2023-08-01,0.0,3.0,0.0,62
664913,2023,717154,2023-08-02,2.5,4.0,0.625,63
664913,2023,717137,2023-08-03,0.0,2.0,0.0,64
664913,2023,717117,2023-08-05,0.9,4.0,0.225,65
664913,2023,717100,2023-08-06,4.1,4.0,1.025,66
664913,2023,717081,2023-08-07,1.25,3.0,0.4166666666666667,67
664913,2023,717069,2023-08-08,0.0,3.0,0.0,68
664913,2023,717063,2023-08-09,0.0,1.0,0.0,69
664913,2023,717043,2023-08-11,0.7,4.0,0.175,70
664913,2023,717030,2023-08-12,0.9,4.0,0.225,71
664913,2023,717016,2023-08-13,2.9,5.0,0.58,72
664913,2023,716995,2023-08-14,1.8,5.0,0.36,73
664913,2023,716984,2023-08-15,0.0,3.0,0.0,74
664913,2023,716969,2023-08-16,0.0,2.0,0.0,75
664913,2023,716944,2023-08-18,2.15,5.0,0.43,76
664913,2023,716930,2023-08-19,0.0,2.0,0.0,77
664913,2023,716914,2023-08-20,0.0,3.0,0.0,78
664913,2023,716904,2023-08-21,0.9,4.0,0.225,79
664913,2023,716888,2023-08-22,0.0,2.0,0.0,80
664913,2023,716884,2023-08-23,0.0,1.0,0.0,81
664913,2023,716864,2023-08-24,0.9,4.0,0.225,82
664913,2023,716856,2023-08-25,0.7,4.0,0.175,83
664913,2023,716841,2023-08-26,0.7,3.0,0.2333333333333333,84
664913,2023,716826,2023-08-27,0.0,3.0,0.0,85
664913,2023,716804,2023-08-28,1.25,4.0,0.3125,86
664913,2023,716790,2023-08-29,2.0,4.0,0.5,87
664913,2023,716788,2023-08-30,0.0,4.0,0.0,88
664913,2023,716755,2023-09-02,1.25,3.0,0.4166666666666667,89
664913,2023,716731,2023-09-03,2.0,1.0,2.0,90
664913,2023,716726,2023-09-04,0.0,3.0,0.0,91
664913,2023,716707,2023-09-05,2.15,4.0,0.5375,92
664913,2023,716698,2023-09-06,0.0,1.0,0.0,93
664913,2023,716665,2023-09-08,0.7,2.0,0.35,94
664913,2023,716657,2023-09-09,1.6,4.0,0.4,95
664913,2023,716637,2023-09-10,2.15,4.0,0.5375,96
664913,2023,716624,2023-09-11,0.9,1.0,0.9,97
664913,2023,716614,2023-09-12,2.5,4.0,0.625,98
664913,2023,716596,2023-09-13,1.6,4.0,0.4,99
664913,2023,716569,2023-09-15,0.0,4.0,0.0,100
664913,2023,716564,2023-09-16,0.0,4.0,0.0,101
664913,2023,716538,2023-09-17,0.9,3.0,0.3,102
664913,2023,716527,2023-09-18,0.0,2.0,0.0,103
664913,2023,716512,2023-09-19,1.4,4.0,0.35,104
664913,2023,716504,2023-09-20,1.8,4.0,0.45,105
664913,2023,716488,2023-09-21,0.0,1.0,0.0,106
664913,2023,716472,2023-09-22,1.25,4.0,0.3125,107
664913,2023,716470,2023-09-23,0.9,4.0,0.225,108
664913,2023,716442,2023-09-24,0.0,1.0,0.0,109
664913,2023,716421,2023-09-26,2.0,4.0,0.5,110
664913,2023,716410,2023-09-27,0.9,2.0,0.45,111
664913,2023,716400,2023-09-28,0.0,2.0,0.0,112
647304,2023,718767,2023-03-30,0.0,3.0,0.0,1
647304,2023,718763,2023-03-31,1.8,5.0,0.36,2
647304,2023,718746,2023-04-01,2.0,4.0,0.5,3
647304,2023,718735,2023-04-02,0.0,1.0,0.0,4
647304,2023,718721,2023-04-03,4.5,5.0,0.9,5
647304,2023,718707,2023-04-04,0.0,4.0,0.0,6
647304,2023,718677,2023-04-07,1.8,4.0,0.45,7
647304,2023,718663,2023-04-08,0.7,5.0,0.13999999999999999,8
647304,2023,718646,2023-04-09,0.7,6.0,0.11666666666666665,9
647304,2023,718637,2023-04-10,0.0,4.0,0.0,10
647304,2023,718626,2023-04-11,0.0,3.0,0.0,11
647304,2023,718604,2023-04-12,1.6,4.0,0.4,12
647304,2023,718592,2023-04-14,0.0,5.0,0.0,13
647304,2023,718573,2023-04-15,0.7,5.0,0.13999999999999999,14
647304,2023,718541,2023-04-18,0.0,3.0,0.0,15
647304,2023,718530,2023-04-18,0.0,1.0,0.0,16
647304,2023,718513,2023-04-19,0.7,4.0,0.175,17
647304,2023,718473,2023-04-22,0.9,3.0,0.3,18
647304,2023,718460,2023-04-23,2.5,4.0,0.625,19
647304,2023,718448,2023-04-24,0.0,3.0,0.0,20
647304,2023,718440,2023-04-25,1.25,4.0,0.3125,21
647304,2023,718421,2023-04-26,2.9,4.0,0.725,22
647304,2023,718395,2023-04-28,0.0,4.0,0.0,23
647304,2023,718385,2023-04-29,3.05,5.0,0.61,24
647304,2023,718370,2023-04-30,0.0,1.0,0.0,25
647304,2023,718351,2023-05-01,0.9,4.0,0.225,26
647304,2023,718339,2023-05-02,1.25,4.0,0.3125,27
647304,2023,718324,2023-05-03,0.7,5.0,0.13999999999999999,28
647304,2023,718306,2023-05-05,1.25,4.0,0.3125,29
647304,2023,718285,2023-05-06,0.9,4.0,0.225,30
647304,2023,718273,2023-05-07,0.0,4.0,0.0,31
647304,2023,718261,2023-05-08,0.0,2.0,0.0,32
647304,2023,718248,2023-05-09,0.0,4.0,0.0,33
647304,2023,718205,2023-05-12,2.7,4.0,0.675,34
647304,2023,718191,2023-05-13,2.9,4.0,0.725,35
647304,2023,718182,2023-05-14,2.9,4.0,0.725,36
647304,2023,718147,2023-05-16,0.9,2.0,0.45,37
647304,2023,718119,2023-05-19,3.8,5.0,0.76,38
647304,2023,718099,2023-05-21,0.0,4.0,0.0,39
647304,2023,718082,2023-05-21,0.0,3.0,0.0,40
647304,2023,718063,2023-05-23,1.25,4.0,0.3125,41
647304,2023,718048,2023-05-24,0.9,3.0,0.3,42
647304,2023,718022,2023-05-26,0.9,4.0,0.225,43
647304,2023,717996,2023-05-27,2.5,4.0,0.625,44
647304,2023,717993,2023-05-28,0.0,1.0,0.0,45
647304,2023,717974,2023-05-29,0.0,4.0,0.0,46
647304,2023,717967,2023-05-30,2.85,4.0,0.7125,47
647304,2023,717946,2023-05-31,5.4,5.0,1.08,48
647304,2023,717924,2023-06-02,0.9,3.0,0.3,49
647304,2023,717913,2023-06-03,1.6,5.0,0.32,50
647304,2023,717895,2023-06-04,1.25,3.0,0.4166666666666667,51
647304,2023,717873,2023-06-06,2.15,4.0,0.5375,52
647304,2023,717858,2023-06-07,3.05,4.0,0.7625,53
647304,2023,717842,2023-06-08,2.5,4.0,0.625,54
647304,2023,717833,2023-06-09,2.15,7.0,0.3071428571428571,55
647304,2023,717815,2023-06-10,1.8,5.0,0.36,56
647304,2023,717802,2023-06-11,0.9,4.0,0.225,57
647304,2023,717772,2023-06-13,1.8,4.0,0.45,58
647304,2023,717758,2023-06-14,0.9,4.0,0.225,59
647304,2023,717750,2023-06-15,1.8,5.0,0.36,60
647304,2023,717739,2023-06-16,0.0,4.0,0.0,61
647304,2023,717719,2023-06-17,0.0,5.0,0.0,62
647304,2023,717706,2023-06-18,3.95,5.0,0.79,63
647304,2023,717679,2023-06-20,0.0,4.0,0.0,64
647304,2023,717663,2023-06-21,4.7,4.0,1.175,65
647304,2023,717660,2023-06-22,0.0,4.0,0.0,66
647304,2023,717648,2023-06-23,1.25,4.0,0.3125,67
647304,2023,717625,2023-06-24,0.9,4.0,0.225,68
647304,2023,717613,2023-06-25,3.25,5.0,0.65,69
647304,2023,717591,2023-06-27,1.8,4.0,0.45,70
647304,2023,717577,2023-06-28,3.2,5.0,0.64,71
647304,2023,717573,2023-06-29,2.15,5.0,0.43,72
647304,2023,717546,2023-07-01,0.9,4.0,0.225,73
647304,2023,717521,2023-07-02,3.6,5.0,0.72,74
647304,2023,717512,2023-07-03,0.7,3.0,0.2333333333333333,75
647304,2023,717469,2023-07-06,2.9,4.0,0.725,76
647304,2023,717463,2023-07-07,1.8,4.0,0.45,77
647304,2023,717443,2023-07-08,3.05,5.0,0.61,78
647304,2023,717434,2023-07-09,0.9,4.0,0.225,79
647304,2023,717415,2023-07-14,2.0,2.0,1.0,80
647304,2023,717402,2023-07-15,1.25,4.0,0.3125,81
647304,2023,717377,2023-07-16,2.15,4.0,0.5375,82
647304,2023,717371,2023-07-17,3.25,5.0,0.65,83
647304,2023,717364,2023-07-18,4.0,5.0,0.8,84
647304,2023,717348,2023-07-19,0.0,1.0,0.0,85
647304,2023,717315,2023-07-21,1.8,5.0,0.36,86
647304,2023,717302,2023-07-22,0.9,3.0,0.3,87
647304,2023,717283,2023-07-23,0.0,5.0,0.0,88
647304,2023,717277,2023-07-24,0.9,4.0,0.225,89
647304,2023,717260,2023-07-25,0.0,4.0,0.0,90
647304,2023,717249,2023-07-26,1.6,5.0,0.32,91
647304,2023,717233,2023-07-27,3.2,5.0,0.64,92
647304,2023,717228,2023-07-28,3.05,4.0,0.7625,93
647304,2023,717217,2023-07-29,0.9,4.0,0.225,94
647304,2023,717204,2023-07-30,0.9,4.0,0.225,95
647304,2023,717184,2023-07-31,0.7,4.0,0.175,96
647304,2023,716729,2023-09-03,0.9,4.0,0.225,97
647304,2023,716719,2023-09-04,1.8,3.0,0.6,98
647304,2023,716717,2023-09-05,0.0,4.0,0.0,99
647304,2023,716684,2023-09-07,1.6,4.0,0.4,100
647304,2023,716667,2023-09-08,1.6,5.0,0.32,101
647304,2023,716650,2023-09-09,2.0,4.0,0.5,102
647304,2023,716633,2023-09-10,1.25,1.0,1.25,103
647304,2023,716632,2023-09-11,3.25,5.0,0.65,104
647304,2023,716619,2023-09-12,0.0,4.0,0.0,105
647304,2023,716605,2023-09-13,1.8,5.0,0.36,106
647304,2023,716575,2023-09-15,3.95,5.0,0.79,107
647304,2023,716562,2023-09-16,1.8,4.0,0.45,108
647304,2023,716549,2023-09-17,0.9,3.0,0.3,109
647304,2023,716529,2023-09-18,0.0,4.0,0.0,110
647304,2023,716517,2023-09-19,0.9,5.0,0.18,111
647304,2023,716505,2023-09-20,2.15,3.0,0.7166666666666667,112
647304,2023,716489,2023-09-21,1.4,4.0,0.35,113
647304,2023,716483,2023-09-22,4.1,5.0,0.82,114
647304,2023,716464,2023-09-23,0.0,4.0,0.0,115
647304,2023,716450,2023-09-24,0.0,4.0,0.0,116
647304,2023,716435,2023-09-26,0.9,5.0,0.18,117
647304,2023,716418,2023-09-27,1.6,4.0,0.4,118
647304,2023,716395,2023-09-29,0.9,5.0,0.18,119
647304,2023,716380,2023-09-30,2.65,4.0,0.6625,120
647304,2023,716361,2023-10-01,2.15,4.0,0.5375,121
664874,2023,718760,2023-04-01,2.9,3.0,0.9666666666666667,1
664874,2023,718687,2023-04-06,1.8,5.0,0.36,2
664874,2023,718653,2023-04-09,0.0,2.0,0.0,3
664874,2023,718605,2023-04-12,1.95,4.0,0.4875,4
664874,2023,718553,2023-04-16,1.8,4.0,0.45,5
664874,2023,718543,2023-04-18,0.0,3.0,0.0,6
664874,2023,718477,2023-04-22,0.0,4.0,0.0,7
664874,2023,718457,2023-04-23,0.0,3.0,0.0,8
664874,2023,718420,2023-04-26,0.7,3.0,0.2333333333333333,9
664874,2023,718393,2023-04-28,0.0,4.0,0.0,10
664874,2023,718310,2023-05-04,0.7,3.0,0.2333333333333333,11
664874,2023,718281,2023-05-06,2.0,4.0,0.5,12
664874,2023,718262,2023-05-07,0.0,5.0,0.0,13
664874,2023,718238,2023-05-09,0.9,3.0,0.3,14
664874,2023,718222,2023-05-10,0.0,4.0,0.0,15
664874,2023,718218,2023-05-11,0.0,2.0,0.0,16
664874,2023,718207,2023-05-12,0.9,3.0,0.3,17
664874,2023,718189,2023-05-13,0.9,4.0,0.225,18
664874,2023,718176,2023-05-14,0.0,3.0,0.0,19
664874,2023,718129,2023-05-17,0.0,1.0,0.0,20
664874,2023,718125,2023-05-18,0.9,4.0,0.225,21
664874,2023,718111,2023-05-19,0.0,3.0,0.0,22
664874,2023,718104,2023-05-20,1.6,3.0,0.5333333333333333,23
664874,2023,718063,2023-05-23,0.0,1.0,0.0,24
664874,2023,718048,2023-05-24,0.0,3.0,0.0,25
664874,2023,718031,2023-05-25,0.0,3.0,0.0,26
664874,2023,717971,2023-05-29,0.9,2.0,0.45,27
664874,2023,717959,2023-05-30,0.0,3.0,0.0,28
664874,2023,717925,2023-06-02,0.0,1.0,0.0,29
664874,2023,717877,2023-06-06,4.0,3.0,1.3333333333333333,30
664874,2023,717848,2023-06-08,0.0,4.0,0.0,31
664874,2023,717795,2023-06-11,0.7,3.0,0.2333333333333333,32
664874,2023,717733,2023-06-16,0.0,3.0,0.0,33
664874,2023,717722,2023-06-17,0.0,3.0,0.0,34
664874,2023,717667,2023-06-21,0.0,3.0,0.0,35
664874,2023,717645,2023-06-23,0.9,2.0,0.45,36
664874,2023,717614,2023-06-25,0.0,1.0,0.0,37
664874,2023,717608,2023-06-26,0.0,2.0,0.0,38
664874,2023,717592,2023-06-27,0.0,1.0,0.0,39
664874,2023,717576,2023-06-28,4.9,5.0,0.9800000000000001,40
664874,2023,717560,2023-06-29,1.4,4.0,0.35,41
664874,2023,717538,2023-07-01,1.25,3.0,0.4166666666666667,42
664874,2023,717518,2023-07-02,0.7,4.0,0.175,43
664874,2023,717496,2023-07-04,0.7,3.0,0.2333333333333333,44
664874,2023,717480,2023-07-06,2.15,3.0,0.7166666666666667,45
664874,2023,717445,2023-07-08,0.0,2.0,0.0,46
664874,2023,717424,2023-07-09,0.0,2.0,0.0,47
664874,2023,717395,2023-07-15,1.1,3.0,0.3666666666666667,48
664874,2023,717391,2023-07-16,0.2,3.0,0.06666666666666667,49
664874,2023,717359,2023-07-18,0.0,4.0,0.0,50
664874,2023,717293,2023-07-22,0.0,3.0,0.0,51
664874,2023,717285,2023-07-23,0.0,3.0,0.0,52
664874,2023,717240,2023-07-26,0.0,3.0,0.0,53
664874,2023,717233,2023-07-27,0.9,3.0,0.3,54
664874,2023,717228,2023-07-28,1.6,4.0,0.4,55
664874,2023,717204,2023-07-30,0.7,2.0,0.35,56
664874,2023,717168,2023-08-01,0.0,2.0,0.0,57
664874,2023,717152,2023-08-02,2.0,3.0,0.6666666666666666,58
664874,2023,716638,2023-09-10,1.8,3.0,0.6,59
664874,2023,716627,2023-09-11,1.8,3.0,0.6,60
664874,2023,716615,2023-09-12,0.7,1.0,0.7,61
664874,2023,716595,2023-09-13,0.7,4.0,0.175,62
664874,2023,716588,2023-09-14,0.0,1.0,0.0,63
664874,2023,716427,2023-09-26,0.7,1.0,0.7,64
664874,2023,716358,2023-10-01,1.25,4.0,0.3125,65
665750,2023,718595,2023-04-12,0.0,3.0,0.0,1
665750,2023,718581,2023-04-14,0.9,4.0,0.225,2
665750,2023,718562,2023-04-15,0.0,4.0,0.0,3
665750,2023,718552,2023-04-16,1.25,4.0,0.3125,4
665750,2023,718539,2023-04-17,0.7,4.0,0.175,5
665750,2023,718522,2023-04-18,0.0,1.0,0.0,6
665750,2023,718514,2023-04-19,3.75,5.0,0.75,7
665750,2023,718490,2023-04-21,0.7,3.0,0.2333333333333333,8
665750,2023,718469,2023-04-22,1.25,4.0,0.3125,9
665750,2023,718453,2023-04-23,2.7,4.0,0.675,10
665750,2023,718445,2023-04-24,1.95,4.0,0.4875,11
665750,2023,718434,2023-04-25,0.7,4.0,0.175,12
665750,2023,718424,2023-04-26,0.9,3.0,0.3,13
665750,2023,718397,2023-04-27,0.0,4.0,0.0,14
665750,2023,718388,2023-04-28,0.0,3.0,0.0,15
665750,2023,718356,2023-04-30,1.6,4.0,0.4,16
665750,2023,718325,2023-05-03,4.5,4.0,1.125,17
665750,2023,718294,2023-05-05,2.85,5.0,0.5700000000000001,18
665750,2023,718275,2023-05-06,1.6,5.0,0.32,19
665750,2023,718264,2023-05-07,3.95,5.0,0.79,20
665750,2023,718251,2023-05-08,0.0,3.0,0.0,21
665750,2023,718239,2023-05-09,0.9,4.0,0.225,22
665750,2023,718229,2023-05-10,1.8,4.0,0.45,23
665750,2023,718217,2023-05-11,1.6,4.0,0.4,24
665750,2023,718200,2023-05-12,1.1,4.0,0.275,25
665750,2023,718190,2023-05-13,2.15,4.0,0.5375,26
665750,2023,718172,2023-05-14,0.0,4.0,0.0,27
665750,2023,718165,2023-05-15,0.9,4.0,0.225,28
665750,2023,718148,2023-05-16,1.6,3.0,0.5333333333333333,29
665750,2023,718126,2023-05-17,1.6,4.0,0.4,30
665750,2023,718114,2023-05-19,0.9,4.0,0.225,31
665750,2023,718100,2023-05-20,1.6,4.0,0.4,32
665750,2023,718076,2023-05-21,2.15,4.0,0.5375,33
665750,2023,718075,2023-05-22,1.8,3.0,0.6,34
665750,2023,718065,2023-05-23,0.9,4.0,0.225,35
665750,2023,718045,2023-05-24,1.6,4.0,0.4,36
665750,2023,718020,2023-05-26,3.6,5.0,0.72,37
665750,2023,718001,2023-05-27,2.15,4.0,0.5375,38
665750,2023,717990,2023-05-28,0.0,3.0,0.0,39
665750,2023,717979,2023-05-29,3.05,4.0,0.7625,40
665750,2023,717964,2023-05-30,0.0,5.0,0.0,41
665750,2023,717951,2023-05-31,1.6,4.0,0.4,42
665750,2023,717922,2023-06-02,0.0,3.0,0.0,43
665750,2023,717912,2023-06-03,2.9,5.0,0.58,44
665750,2023,717879,2023-06-05,0.0,4.0,0.0,45
665750,2023,717868,2023-06-06,0.9,4.0,0.225,46
665750,2023,717854,2023-06-07,0.0,1.0,0.0,47
665750,2023,717827,2023-06-09,4.7,3.0,1.5666666666666667,48
665750,2023,717813,2023-06-10,0.7,5.0,0.13999999999999999,49
665750,2023,717801,2023-06-11,0.7,3.0,0.2333333333333333,50
665750,2023,717792,2023-06-12,3.75,6.0,0.625,51
665750,2023,717780,2023-06-13,0.9,4.0,0.225,52
665750,2023,717765,2023-06-14,2.9,4.0,0.725,53
665750,2023,717751,2023-06-15,0.0,4.0,0.0,54
665750,2023,717741,2023-06-16,2.0,3.0,0.6666666666666666,55
665750,2023,717723,2023-06-17,0.0,3.0,0.0,56
665750,2023,717709,2023-06-18,3.8,5.0,0.76,57
665750,2023,717695,2023-06-19,0.9,4.0,0.225,58
665750,2023,717675,2023-06-20,1.8,4.0,0.45,59
665750,2023,717667,2023-06-21,0.0,4.0,0.0,60
665750,2023,717655,2023-06-23,0.9,4.0,0.225,61
665750,2023,717636,2023-06-24,0.0,4.0,0.0,62
665750,2023,717622,2023-06-25,2.8499999999999996,4.0,0.7124999999999999,63
665750,2023,717606,2023-06-26,0.0,4.0,0.0,64
665750,2023,717599,2023-06-27,0.9,2.0,0.45,65
665750,2023,717580,2023-06-28,3.05,5.0,0.61,66
665750,2023,717570,2023-06-29,2.0,4.0,0.5,67
665750,2023,717554,2023-06-30,0.0,3.0,0.0,68
665750,2023,717542,2023-07-01,1.8,4.0,0.45,69
665750,2023,717520,2023-07-02,2.15,4.0,0.5375,70
665750,2023,717514,2023-07-03,3.8,4.0,0.95,71
665750,2023,717501,2023-07-04,0.0,4.0,0.0,72
665750,2023,717471,2023-07-06,0.9,4.0,0.225,73
665750,2023,717465,2023-07-07,0.0,4.0,0.0,74
665750,2023,717450,2023-07-08,1.25,4.0,0.3125,75
665750,2023,717432,2023-07-09,0.9,4.0,0.225,76
665750,2023,717415,2023-07-14,2.15,5.0,0.43,77
665750,2023,717402,2023-07-15,0.7,3.0,0.2333333333333333,78
665750,2023,717377,2023-07-16,0.0,3.0,0.0,79
665750,2023,717367,2023-07-17,0.0,3.0,0.0,80
665750,2023,717354,2023-07-18,0.7,4.0,0.175,81
665750,2023,717346,2023-07-19,2.9,4.0,0.725,82
665750,2023,717316,2023-07-21,0.0,4.0,0.0,83
665750,2023,717305,2023-07-22,0.9,4.0,0.225,84
665750,2023,717284,2023-07-23,1.25,4.0,0.3125,85
665750,2023,717274,2023-07-24,0.7,5.0,0.13999999999999999,86
665750,2023,717255,2023-07-25,0.0,4.0,0.0,87
665750,2023,717239,2023-07-26,1.8,5.0,0.36,88
665750,2023,717224,2023-07-28,0.9,4.0,0.225,89
665750,2023,717209,2023-07-29,1.25,4.0,0.3125,90
665750,2023,717191,2023-07-30,0.9,4.0,0.225,91
665750,2023,717168,2023-08-01,0.0,3.0,0.0,92
665750,2023,717152,2023-08-02,1.25,5.0,0.25,93
665750,2023,717149,2023-08-03,0.0,4.0,0.0,94
665750,2023,717133,2023-08-04,2.85,4.0,0.7125,95
665750,2023,717124,2023-08-05,0.9,4.0,0.225,96
665750,2023,717102,2023-08-06,1.25,3.0,0.4166666666666667,97
665750,2023,717081,2023-08-07,0.0,4.0,0.0,98
665750,2023,717069,2023-08-08,1.6,4.0,0.4,99
665750,2023,717063,2023-08-09,0.0,4.0,0.0,100
665750,2023,717031,2023-08-11,0.0,4.0,0.0,101
665750,2023,717029,2023-08-12,0.9,4.0,0.225,102
665750,2023,717008,2023-08-13,0.0,4.0,0.0,103
665750,2023,716997,2023-08-14,2.35,4.0,0.5875,104
665750,2023,716971,2023-08-16,0.0,4.0,0.0,105
665750,2023,716938,2023-08-19,0.0,3.0,0.0,106
665750,2023,716918,2023-08-20,0.0,4.0,0.0,107
665750,2023,716906,2023-08-21,1.95,4.0,0.4875,108
665750,2023,716889,2023-08-22,1.25,4.0,0.3125,109
665750,2023,716867,2023-08-24,2.0,4.0,0.5,110
665750,2023,716850,2023-08-25,2.5,4.0,0.625,111
665750,2023,716839,2023-08-26,1.6,4.0,0.4,112
665750,2023,716824,2023-08-27,0.9,5.0,0.18,113
665750,2023,716818,2023-08-28,0.0,4.0,0.0,114
665750,2023,716799,2023-08-29,0.9,3.0,0.3,115
665750,2023,716783,2023-08-30,1.6,4.0,0.4,116
665750,2023,716772,2023-09-01,0.0,3.0,0.0,117
665750,2023,716752,2023-09-02,1.8,4.0,0.45,118
665750,2023,716737,2023-09-03,2.5,4.0,0.625,119
665750,2023,716724,2023-09-04,0.9,4.0,0.225,120
665750,2023,716705,2023-09-05,2.15,4.0,0.5375,121
665750,2023,716687,2023-09-06,0.7,3.0,0.2333333333333333,122
665750,2023,716665,2023-09-08,2.5,4.0,0.625,123
665750,2023,716657,2023-09-09,1.8,4.0,0.45,124
665750,2023,716637,2023-09-10,0.9,4.0,0.225,125
665750,2023,716630,2023-09-11,2.5,5.0,0.5,126
665750,2023,716616,2023-09-12,1.25,4.0,0.3125,127
665750,2023,716562,2023-09-16,0.9,3.0,0.3,128
665750,2023,716549,2023-09-17,1.25,4.0,0.3125,129
665750,2023,716533,2023-09-18,0.7,3.0,0.2333333333333333,130
665750,2023,716519,2023-09-19,2.3,4.0,0.575,131
665750,2023,716507,2023-09-20,2.5,5.0,0.5,132
665750,2023,716477,2023-09-22,0.9,4.0,0.225,133
665750,2023,716461,2023-09-23,0.7,3.0,0.2333333333333333,134
665750,2023,716446,2023-09-24,3.6,4.0,0.9,135
665750,2023,716440,2023-09-25,0.9,4.0,0.225,136
665750,2023,716422,2023-09-26,0.0,4.0,0.0,137
665750,2023,716420,2023-09-27,0.0,4.0,0.0,138
665750,2023,716397,2023-09-28,2.0,3.0,0.6666666666666666,139
665750,2023,716379,2023-09-29,0.0,2.0,0.0,140
665750,2023,716366,2023-09-30,1.6,5.0,0.32,141
665750,2023,716360,2023-10-01,0.0,3.0,0.0,142
670770,2023,718773,2023-03-30,0.7,5.0,0.13999999999999999,1
670770,2023,718756,2023-04-01,0.0,3.0,0.0,2
670770,2023,718744,2023-04-02,2.9,4.0,0.725,3
670770,2023,718728,2023-04-03,2.5,4.0,0.625,4
670770,2023,718716,2023-04-04,3.1,2.0,1.55,5
670770,2023,718685,2023-04-07,1.25,4.0,0.3125,6
670770,2023,718668,2023-04-08,1.8,4.0,0.45,7
670770,2023,718652,2023-04-09,1.6,5.0,0.32,8
670770,2023,718636,2023-04-10,0.8999999999999999,4.0,0.22499999999999998,9
670770,2023,718620,2023-04-11,1.25,4.0,0.3125,10
670770,2023,718601,2023-04-12,2.7,4.0,0.675,11
670770,2023,718597,2023-04-13,0.7,1.0,0.7,12
670770,2023,718586,2023-04-14,1.25,5.0,0.25,13
670770,2023,718566,2023-04-15,1.6,5.0,0.32,14
670770,2023,718554,2023-04-16,0.0,4.0,0.0,15
670770,2023,718542,2023-04-17,1.95,4.0,0.4875,16
670770,2023,718526,2023-04-18,1.6,4.0,0.4,17
670770,2023,718515,2023-04-19,1.1,3.0,0.3666666666666667,18
670770,2023,718500,2023-04-20,0.9,4.0,0.225,19
670770,2023,718492,2023-04-21,0.9,4.0,0.225,20
670770,2023,718474,2023-04-22,0.9,2.0,0.45,21
670770,2023,718463,2023-04-23,0.9,4.0,0.225,22
670770,2023,718445,2023-04-24,2.5,5.0,0.5,23
670770,2023,718434,2023-04-25,0.0,1.0,0.0,24
670770,2023,718424,2023-04-26,0.0,4.0,0.0,25
670770,2023,718380,2023-04-28,2.0,5.0,0.4,26
670770,2023,718377,2023-04-29,0.0,2.0,0.0,27
670770,2023,718357,2023-04-30,0.9,2.0,0.45,28
670770,2023,718345,2023-05-01,0.0,1.0,0.0,29
670770,2023,718335,2023-05-02,2.7,5.0,0.54,30
670770,2023,718330,2023-05-03,0.9,4.0,0.225,31
670770,2023,718305,2023-05-05,2.15,4.0,0.5375,32
670770,2023,718281,2023-05-06,3.6,4.0,0.9,33
670770,2023,718262,2023-05-07,0.7,3.0,0.2333333333333333,34
670770,2023,718243,2023-05-09,2.5,4.0,0.625,35
670770,2023,718225,2023-05-10,0.0,4.0,0.0,36
670770,2023,718223,2023-05-11,0.0,3.0,0.0,37
670770,2023,718059,2023-05-23,3.2,5.0,0.64,38
670770,2023,718030,2023-05-25,3.4,4.0,0.85,39
670770,2023,718007,2023-05-27,2.85,5.0,0.5700000000000001,40
670770,2023,717987,2023-05-28,2.15,3.0,0.7166666666666667,41
670770,2023,717966,2023-05-30,0.0,3.0,0.0,42
670770,2023,717817,2023-06-10,0.0,5.0,0.0,43
670770,2023,717797,2023-06-11,1.25,5.0,0.25,44
670770,2023,717793,2023-06-12,2.5,5.0,0.5,45
670770,2023,717777,2023-06-13,2.5,4.0,0.625,46
670770,2023,717737,2023-06-16,0.0,4.0,0.0,47
670770,2023,717727,2023-06-17,2.0999999999999996,6.0,0.3499999999999999,48
670770,2023,717707,2023-06-18,1.8,5.0,0.36,49
670770,2023,717701,2023-06-19,0.0,1.0,0.0,50
670770,2023,717685,2023-06-20,4.7,5.0,0.9400000000000001,51
670770,2023,717669,2023-06-21,1.6,5.0,0.32,52
670770,2023,717650,2023-06-23,1.4,5.0,0.27999999999999997,53
670770,2023,717631,2023-06-24,0.9,4.0,0.225,54
670770,2023,717618,2023-06-25,1.5999999999999999,4.0,0.39999999999999997,55
670770,2023,717611,2023-06-26,0.9,4.0,0.225,56
670770,2023,717601,2023-06-27,2.9,4.0,0.725,57
670770,2023,717589,2023-06-28,4.5,6.0,0.75,58
670770,2023,717557,2023-06-30,0.0,5.0,0.0,59
670770,2023,717539,2023-07-01,0.0,5.0,0.0,60
670770,2023,717526,2023-07-02,2.15,4.0,0.5375,61
670770,2023,717517,2023-07-03,2.3,5.0,0.45999999999999996,62
670770,2023,717507,2023-07-04,0.9,5.0,0.18,63
670770,2023,717493,2023-07-05,3.4,6.0,0.5666666666666667,64
670770,2023,717481,2023-07-06,1.5999999999999999,2.0,0.7999999999999999,65
670770,2023,717459,2023-07-07,0.7,4.0,0.175,66
670770,2023,717444,2023-07-08,1.8,5.0,0.36,67
670770,2023,717427,2023-07-09,0.7,3.0,0.2333333333333333,68
670770,2023,717412,2023-07-14,0.9,4.0,0.225,69
670770,2023,717392,2023-07-15,0.0,4.0,0.0,70
670770,2023,717383,2023-07-16,0.0,4.0,0.0,71
670770,2023,717375,2023-07-17,0.0,4.0,0.0,72
670770,2023,717360,2023-07-18,0.9,4.0,0.225,73
670770,2023,717342,2023-07-19,1.25,3.0,0.4166666666666667,74
670770,2023,717334,2023-07-20,0.9,4.0,0.225,75
670770,2023,717321,2023-07-21,0.0,2.0,0.0,76
670770,2023,717303,2023-07-22,4.15,4.0,1.0375,77
670770,2023,717289,2023-07-23,1.8,4.0,0.45,78
670770,2023,717273,2023-07-24,0.0,4.0,0.0,79
670770,2023,717262,2023-07-25,0.7,5.0,0.13999999999999999,80
670770,2023,717254,2023-07-26,2.15,4.0,0.5375,81
670770,2023,717225,2023-07-28,0.7,5.0,0.13999999999999999,82
670770,2023,717205,2023-07-29,0.9,4.0,0.225,83
670770,2023,717194,2023-07-30,2.15,5.0,0.43,84
670770,2023,717188,2023-07-31,1.4,5.0,0.27999999999999997,85
670770,2023,717173,2023-08-01,0.9,4.0,0.225,86
670770,2023,717153,2023-08-02,2.9,2.0,1.45,87
670770,2023,717146,2023-08-03,0.0,4.0,0.0,88
670770,2023,717120,2023-08-05,2.0,4.0,0.5,89
670770,2023,717104,2023-08-06,2.9,4.0,0.725,90
670770,2023,717097,2023-08-07,2.5,4.0,0.625,91
670770,2023,717083,2023-08-08,1.25,3.0,0.4166666666666667,92
670770,2023,717070,2023-08-09,0.0,4.0,0.0,93
670770,2023,717046,2023-08-11,2.3,5.0,0.45999999999999996,94
670770,2023,717027,2023-08-13,0.9,4.0,0.225,95
670770,2023,717015,2023-08-13,0.0,5.0,0.0,96
670770,2023,716992,2023-08-15,0.0,2.0,0.0,97
670770,2023,716973,2023-08-16,2.7,5.0,0.54,98
670770,2023,716954,2023-08-18,0.0,4.0,0.0,99
670770,2023,716935,2023-08-19,2.0,4.0,0.5,100
670770,2023,716924,2023-08-20,1.8,4.0,0.45,101
670770,2023,716892,2023-08-22,2.15,5.0,0.43,102
670770,2023,716890,2023-08-23,0.9,4.0,0.225,103
670770,2023,716903,2023-08-23,4.1,5.0,0.82,104
670770,2023,716868,2023-08-24,0.7,4.0,0.175,105
670770,2023,716851,2023-08-25,0.0,5.0,0.0,106
670770,2023,716833,2023-08-26,0.9,6.0,0.15,107
670770,2023,716821,2023-08-27,0.9,4.0,0.225,108
670770,2023,716823,2023-08-28,1.6,4.0,0.4,109
670770,2023,716803,2023-08-29,0.0,4.0,0.0,110
670770,2023,716789,2023-08-30,0.0,5.0,0.0,111
670770,2023,718700,2023-09-01,0.7,2.0,0.35,112
670770,2023,716770,2023-09-01,1.45,3.0,0.48333333333333334,113
670770,2023,716753,2023-09-02,1.4,4.0,0.35,114
670770,2023,716738,2023-09-03,2.9,5.0,0.58,115
670770,2023,716727,2023-09-04,2.5,4.0,0.625,116
670770,2023,716712,2023-09-05,0.7,3.0,0.2333333333333333,117
670770,2023,716693,2023-09-06,2.3,5.0,0.45999999999999996,118
670770,2023,716677,2023-09-08,0.0,1.0,0.0,119
670770,2023,716655,2023-09-09,1.6,3.0,0.5333333333333333,120
670770,2023,716642,2023-09-10,3.6,4.0,0.9,121
670770,2023,716617,2023-09-12,1.6,4.0,0.4,122
670770,2023,716601,2023-09-13,2.5,4.0,0.625,123
670770,2023,716584,2023-09-14,2.7,4.0,0.675,124
670770,2023,716574,2023-09-15,0.7,4.0,0.175,125
670770,2023,716555,2023-09-16,1.8,4.0,0.45,126
670770,2023,716545,2023-09-17,0.0,1.0,0.0,127
670770,2023,716534,2023-09-18,0.9,4.0,0.225,128
670770,2023,716522,2023-09-19,0.9,4.0,0.225,129
670770,2023,716506,2023-09-20,0.9,5.0,0.18,130
670770,2023,716487,2023-09-22,5.0,5.0,1.0,131
670770,2023,716462,2023-09-23,3.95,5.0,0.79,132
670770,2023,716451,2023-09-24,4.3,4.0,1.075,133
670770,2023,716435,2023-09-26,2.7,5.0,0.54,134
670770,2023,716418,2023-09-27,0.9,4.0,0.225,135
670770,2023,716388,2023-09-29,1.25,4.0,0.3125,136
670770,2023,716372,2023-09-30,1.6,5.0,0.32,137
670541,2023,718768,2023-03-30,2.7,4.0,0.675,1
670541,2023,718764,2023-03-31,1.95,4.0,0.4875,2
670541,2023,718760,2023-04-01,2.7,5.0,0.54,3
670541,2023,718723,2023-04-03,2.9,6.0,0.48333333333333334,4
670541,2023,718705,2023-04-04,0.9,4.0,0.225,5
670541,2023,718696,2023-04-05,1.6,4.0,0.4,6
670541,2023,718684,2023-04-07,1.4,4.0,0.35,7
670541,2023,718666,2023-04-08,2.0,4.0,0.5,8
670541,2023,718649,2023-04-09,0.7,4.0,0.175,9
670541,2023,718632,2023-04-10,4.45,6.0,0.7416666666666667,10
670541,2023,718623,2023-04-11,0.0,4.0,0.0,11
670541,2023,718581,2023-04-14,2.0,4.0,0.5,12
670541,2023,718562,2023-04-15,1.95,5.0,0.39,13
670541,2023,718552,2023-04-16,0.9,4.0,0.225,14
670541,2023,718537,2023-04-17,0.7,4.0,0.175,15
670541,2023,718520,2023-04-18,1.6,4.0,0.4,16
670541,2023,718501,2023-04-19,0.7,4.0,0.175,17
670541,2023,718489,2023-04-21,2.7,5.0,0.54,18
670541,2023,718471,2023-04-22,2.9,5.0,0.58,19
670541,2023,718462,2023-04-23,0.9,5.0,0.18,20
670541,2023,718372,2023-04-29,2.85,4.0,0.7125,21
670541,2023,718354,2023-04-30,1.6,4.0,0.4,22
670541,2023,718350,2023-05-01,1.4,4.0,0.35,23
670541,2023,718337,2023-05-02,1.25,4.0,0.3125,24
670541,2023,718326,2023-05-03,0.9,4.0,0.225,25
670541,2023,718297,2023-05-05,2.0,4.0,0.5,26
670541,2023,718274,2023-05-06,1.95,4.0,0.4875,27
670541,2023,718265,2023-05-07,1.8,4.0,0.45,28
670541,2023,718254,2023-05-08,2.15,4.0,0.5375,29
670541,2023,718237,2023-05-09,1.6,4.0,0.4,30
670541,2023,718235,2023-05-10,2.0,4.0,0.5,31
670541,2023,718207,2023-05-12,2.7,5.0,0.54,32
670541,2023,718189,2023-05-13,0.9,4.0,0.225,33
670541,2023,718176,2023-05-14,2.15,4.0,0.5375,34
670541,2023,718158,2023-05-15,2.3,4.0,0.575,35
670541,2023,718152,2023-05-16,2.15,4.0,0.5375,36
670541,2023,718127,2023-05-17,0.0,5.0,0.0,37
670541,2023,718112,2023-05-19,2.15,5.0,0.43,38
670541,2023,718098,2023-05-20,2.0,4.0,0.5,39
670541,2023,718086,2023-05-21,1.95,4.0,0.4875,40
670541,2023,718068,2023-05-22,5.6,5.0,1.1199999999999999,41
670541,2023,718056,2023-05-23,2.0999999999999996,4.0,0.5249999999999999,42
670541,2023,718046,2023-05-24,0.7,4.0,0.175,43
670541,2023,718009,2023-05-26,1.4,4.0,0.35,44
670541,2023,718003,2023-05-27,0.0,3.0,0.0,45
670541,2023,717980,2023-05-28,4.0,5.0,0.8,46
670541,2023,717968,2023-05-29,1.95,5.0,0.39,47
670541,2023,717956,2023-05-30,0.9,4.0,0.225,48
670541,2023,717938,2023-05-31,0.7,4.0,0.175,49
670541,2023,717936,2023-06-01,0.7,4.0,0.175,50
670541,2023,717926,2023-06-02,2.9,4.0,0.725,51
670541,2023,717908,2023-06-03,1.6,5.0,0.32,52
670541,2023,717899,2023-06-04,0.7,4.0,0.175,53
670541,2023,717878,2023-06-05,2.9,4.0,0.725,54
670541,2023,717871,2023-06-06,0.7,4.0,0.175,55
670541,2023,717856,2023-06-07,2.0,4.0,0.5,56
670541,2023,717843,2023-06-08,0.0,1.0,0.0,57
670541,2023,717239,2023-07-26,2.65,4.0,0.6625,58
670541,2023,717229,2023-07-28,0.9,4.0,0.225,59
670541,2023,717214,2023-07-29,3.8,5.0,0.76,60
670541,2023,717196,2023-07-30,0.9,4.0,0.225,61
670541,2023,717184,2023-07-31,2.7,4.0,0.675,62
670541,2023,717163,2023-08-02,2.15,4.0,0.5375,63
670541,2023,717142,2023-08-03,1.6,4.0,0.4,64
670541,2023,717138,2023-08-04,3.6,5.0,0.72,65
670541,2023,717126,2023-08-05,0.0,3.0,0.0,66
670541,2023,717110,2023-08-06,2.0,4.0,0.5,67
670541,2023,717084,2023-08-08,1.6,5.0,0.32,68
670541,2023,717067,2023-08-09,0.0,5.0,0.0,69
670541,2023,717053,2023-08-10,1.6,5.0,0.32,70
670541,2023,717037,2023-08-11,0.0,4.0,0.0,71
670541,2023,717022,2023-08-12,1.6,5.0,0.32,72
670541,2023,717004,2023-08-13,0.0,4.0,0.0,73
670541,2023,717000,2023-08-14,1.6,4.0,0.4,74
670541,2023,716991,2023-08-15,2.65,4.0,0.6625,75
670541,2023,716972,2023-08-16,3.4000000000000004,5.0,0.68,76
670541,2023,716948,2023-08-18,1.6,4.0,0.4,77
670541,2023,716932,2023-08-19,0.0,4.0,0.0,78
670541,2023,716920,2023-08-20,1.8,4.0,0.45,79
670541,2023,716908,2023-08-21,0.9,5.0,0.18,80
670541,2023,716873,2023-08-24,1.6,4.0,0.4,81
670541,2023,716858,2023-08-25,0.7,4.0,0.175,82
670541,2023,716843,2023-08-26,1.8,5.0,0.36,83
670541,2023,716830,2023-08-27,2.85,6.0,0.47500000000000003,84
670541,2023,716814,2023-08-28,6.1,6.0,1.0166666666666666,85
670541,2023,716802,2023-08-29,4.5,5.0,0.9,86
670541,2023,716794,2023-08-30,1.6,5.0,0.32,87
670541,2023,716763,2023-09-01,2.0999999999999996,4.0,0.5249999999999999,88
670541,2023,716746,2023-09-02,1.6,4.0,0.4,89
670541,2023,716735,2023-09-03,0.9,4.0,0.225,90
670541,2023,716724,2023-09-04,2.0999999999999996,6.0,0.3499999999999999,91
670541,2023,716705,2023-09-05,3.8,6.0,0.6333333333333333,92
670541,2023,716687,2023-09-06,3.4000000000000004,5.0,0.68,93
670541,2023,716669,2023-09-08,3.0,4.0,0.75,94
670541,2023,716649,2023-09-09,3.95,4.0,0.9875,95
670541,2023,716640,2023-09-10,1.8,4.0,0.45,96
670541,2023,716624,2023-09-11,0.7,4.0,0.175,97
670541,2023,716614,2023-09-12,0.9,4.0,0.225,98
670541,2023,716596,2023-09-13,2.0,4.0,0.5,99
670541,2023,716577,2023-09-15,1.95,4.0,0.4875,100
670541,2023,716560,2023-09-16,2.15,5.0,0.43,101
670541,2023,716547,2023-09-17,3.4,5.0,0.6799999999999999,102
670541,2023,716530,2023-09-18,1.6,5.0,0.32,103
670541,2023,716514,2023-09-19,0.7,5.0,0.13999999999999999,104
670541,2023,716508,2023-09-20,0.7,1.0,0.7,105
670541,2023,716473,2023-09-22,1.95,5.0,0.39,106
670541,2023,716455,2023-09-23,1.25,4.0,0.3125,107
670541,2023,716448,2023-09-24,3.6,5.0,0.72,108
670541,2023,716436,2023-09-25,3.25,4.0,0.8125,109
670541,2023,716425,2023-09-26,0.0,5.0,0.0,110
670541,2023,716407,2023-09-27,2.0,3.0,0.6666666666666666,111
670541,2023,716384,2023-09-29,0.9,4.0,0.225,112
670541,2023,716370,2023-09-30,0.9,4.0,0.225,113
670541,2023,716358,2023-10-01,1.6,4.0,0.4,114
658668,2023,718775,2023-03-30,0.7,3.0,0.2333333333333333,1
658668,2023,718745,2023-04-02,2.9,4.0,0.725,2
658668,2023,718708,2023-04-04,0.0,4.0,0.0,3
658668,2023,718692,2023-04-05,0.0,1.0,0.0,4
658668,2023,718686,2023-04-06,2.15,4.0,0.5375,5
658668,2023,718672,2023-04-08,1.6,4.0,0.4,6
658668,2023,718630,2023-04-10,0.9,4.0,0.225,7
658668,2023,718615,2023-04-11,0.0,4.0,0.0,8
658668,2023,718595,2023-04-12,1.8,4.0,0.45,9
658668,2023,718579,2023-04-14,1.6,4.0,0.4,10
658668,2023,718563,2023-04-15,0.0,1.0,0.0,11
658668,2023,718551,2023-04-16,0.0,4.0,0.0,12
658668,2023,718522,2023-04-18,1.8,4.0,0.45,13
658668,2023,718514,2023-04-19,0.0,4.0,0.0,14
658668,2023,718485,2023-04-21,0.9,3.0,0.3,15
658668,2023,718466,2023-04-22,0.9,5.0,0.18,16
658668,2023,718452,2023-04-23,0.9,4.0,0.225,17
658668,2023,718438,2023-04-24,2.7,5.0,0.54,18
658668,2023,718422,2023-04-25,2.15,5.0,0.43,19
658668,2023,718418,2023-04-26,1.8,4.0,0.45,20
658668,2023,718387,2023-04-28,4.8,5.0,0.96,21
658668,2023,718378,2023-04-29,3.2,4.0,0.8,22
658668,2023,718362,2023-04-30,1.6,5.0,0.32,23
658668,2023,718336,2023-05-02,0.0,4.0,0.0,24
658668,2023,718314,2023-05-03,0.0,3.0,0.0,25
658668,2023,718299,2023-05-05,1.6,5.0,0.32,26
658668,2023,718280,2023-05-06,0.7,5.0,0.13999999999999999,27
658668,2023,718253,2023-05-08,2.5,5.0,0.5,28
658668,2023,718222,2023-05-10,2.0,4.0,0.5,29
658668,2023,718218,2023-05-11,0.0,4.0,0.0,30
658668,2023,718204,2023-05-12,0.7,4.0,0.175,31
658668,2023,718183,2023-05-13,0.0,1.0,0.0,32
658668,2023,718162,2023-05-15,0.7,3.0,0.2333333333333333,33
658668,2023,718144,2023-05-16,0.9,4.0,0.225,34
658668,2023,718111,2023-05-19,0.0,3.0,0.0,35
658668,2023,718104,2023-05-20,0.0,1.0,0.0,36
658668,2023,718084,2023-05-21,0.9,4.0,0.225,37
658668,2023,718049,2023-05-23,2.7,4.0,0.675,38
658668,2023,718039,2023-05-24,1.95,4.0,0.4875,39
658668,2023,718014,2023-05-26,0.0,4.0,0.0,40
658668,2023,717985,2023-05-28,2.0,3.0,0.6666666666666666,41
658668,2023,717923,2023-06-02,2.0,3.0,0.6666666666666666,42
658668,2023,717909,2023-06-03,1.6,4.0,0.4,43
658668,2023,717887,2023-06-05,2.3,4.0,0.575,44
658668,2023,717876,2023-06-06,0.0,3.0,0.0,45
658668,2023,717860,2023-06-07,0.0,1.0,0.0,46
658668,2023,717818,2023-06-10,4.1,4.0,1.025,47
658668,2023,717808,2023-06-11,2.5,4.0,0.625,48
658668,2023,717793,2023-06-12,0.9,5.0,0.18,49
658668,2023,717777,2023-06-13,1.25,4.0,0.3125,50
658668,2023,717764,2023-06-14,3.6,5.0,0.72,51
658668,2023,717736,2023-06-16,0.9,4.0,0.225,52
658668,2023,717726,2023-06-17,0.9,5.0,0.18,53
658668,2023,717692,2023-06-19,0.0,4.0,0.0,54
658668,2023,717668,2023-06-21,0.9,4.0,0.225,55
658668,2023,717659,2023-06-22,0.0,5.0,0.0,56
658668,2023,717632,2023-06-24,4.15,4.0,1.0375,57
658668,2023,717619,2023-06-25,1.6,4.0,0.4,58
658668,2023,717591,2023-06-27,1.25,3.0,0.4166666666666667,59
658668,2023,717577,2023-06-28,0.0,4.0,0.0,60
658668,2023,717573,2023-06-29,0.0,1.0,0.0,61
658668,2023,717553,2023-06-30,0.0,2.0,0.0,62
658668,2023,717537,2023-07-01,1.6,4.0,0.4,63
658668,2023,717510,2023-07-03,0.0,4.0,0.0,64
658668,2023,717469,2023-07-06,0.9,4.0,0.225,65
658668,2023,717463,2023-07-07,0.0,3.0,0.0,66
658668,2023,717356,2023-07-18,2.8499999999999996,4.0,0.7124999999999999,67
658668,2023,717332,2023-07-20,0.9,3.0,0.3,68
658668,2023,717318,2023-07-21,0.7,4.0,0.175,69
658668,2023,717304,2023-07-22,1.8,4.0,0.45,70
658668,2023,717277,2023-07-24,1.25,4.0,0.3125,71
658668,2023,717260,2023-07-25,0.0,3.0,0.0,72
658668,2023,717207,2023-07-29,1.25,5.0,0.25,73
658668,2023,717170,2023-08-01,0.9,3.0,0.3,74
658668,2023,717156,2023-08-02,1.6,4.0,0.4,75
658668,2023,717140,2023-08-04,2.5,4.0,0.625,76
658668,2023,717123,2023-08-05,0.0,4.0,0.0,77
658668,2023,717113,2023-08-06,0.0,1.0,0.0,78
658668,2023,717077,2023-08-08,1.8,5.0,0.36,79
658668,2023,717059,2023-08-09,0.7,1.0,0.7,80
658668,2023,717051,2023-08-10,0.0,4.0,0.0,81
658668,2023,717039,2023-08-11,2.15,4.0,0.5375,82
658668,2023,717019,2023-08-12,0.0,4.0,0.0,83
658668,2023,716739,2023-09-03,0.9,2.0,0.45,84
658668,2023,716681,2023-09-04,5.6,5.0,1.1199999999999999,85
658668,2023,716704,2023-09-05,1.25,4.0,0.3125,86
658668,2023,716688,2023-09-06,2.0,1.0,2.0,87
658668,2023,716673,2023-09-08,0.0,2.0,0.0,88
658668,2023,716661,2023-09-09,2.0,3.0,0.6666666666666666,89
658668,2023,716641,2023-09-10,1.8,4.0,0.45,90
658668,2023,716631,2023-09-12,2.65,5.0,0.53,91
658668,2023,716611,2023-09-12,2.15,4.0,0.5375,92
658668,2023,716598,2023-09-13,0.9,4.0,0.225,93
658668,2023,716577,2023-09-15,0.0,4.0,0.0,94
658668,2023,716547,2023-09-17,1.6,4.0,0.4,95
658668,2023,716517,2023-09-19,2.5,4.0,0.625,96
658668,2023,716505,2023-09-20,0.9,4.0,0.225,97
658668,2023,716473,2023-09-22,2.65,4.0,0.6625,98
658668,2023,716448,2023-09-24,0.0,5.0,0.0,99
658668,2023,716433,2023-09-26,0.0,1.0,0.0,100
658668,2023,716414,2023-09-27,1.25,3.0,0.4166666666666667,101
658668,2023,716401,2023-09-28,1.8,4.0,0.45,102
658668,2023,716389,2023-09-29,2.0,5.0,0.4,103
658668,2023,716375,2023-09-30,0.0,1.0,0.0,104
658668,2023,716352,2023-10-01,2.0,4.0,0.5,105
663368,2023,718470,2023-04-22,0.9,3.0,0.3,1
663368,2023,718461,2023-04-23,0.4,2.0,0.2,2
663368,2023,718441,2023-04-24,0.0,3.0,0.0,3
663368,2023,718376,2023-04-29,0.0,1.0,0.0,4
663368,2023,718365,2023-04-30,0.0,3.0,0.0,5
663368,2023,717906,2023-06-03,2.9,4.0,0.725,6
663368,2023,717897,2023-06-04,0.0,4.0,0.0,7
663368,2023,717883,2023-06-05,0.0,2.0,0.0,8
663368,2023,717867,2023-06-06,0.7,2.0,0.35,9
663368,2023,717831,2023-06-09,1.95,3.0,0.65,10
663368,2023,717800,2023-06-11,1.8,5.0,0.36,11
663368,2023,717740,2023-06-16,2.5,4.0,0.625,12
663368,2023,717720,2023-06-17,2.0,1.0,2.0,13
663368,2023,717696,2023-06-19,0.0,1.0,0.0,14
663368,2023,717680,2023-06-20,0.9,4.0,0.225,15
663368,2023,717648,2023-06-23,0.9,2.0,0.45,16
663368,2023,717613,2023-06-25,2.5,4.0,0.625,17
663368,2023,717607,2023-06-26,0.9,4.0,0.225,18
663368,2023,717597,2023-06-27,0.0,5.0,0.0,19
663368,2023,717581,2023-06-28,1.6,4.0,0.4,20
663368,2023,717565,2023-06-29,0.9,4.0,0.225,21
663368,2023,717562,2023-06-30,0.0,4.0,0.0,22
663368,2023,717540,2023-07-01,2.15,5.0,0.43,23
663368,2023,717531,2023-07-02,1.4,4.0,0.35,24
663368,2023,717511,2023-07-03,0.7,3.0,0.2333333333333333,25
663368,2023,717503,2023-07-04,0.0,2.0,0.0,26
663368,2023,717483,2023-07-05,0.7,4.0,0.175,27
663368,2023,717459,2023-07-07,1.95,5.0,0.39,28
663368,2023,717444,2023-07-08,0.0,4.0,0.0,29
663368,2023,717427,2023-07-09,0.0,2.0,0.0,30
663368,2023,717392,2023-07-15,0.7,4.0,0.175,31
663368,2023,717347,2023-07-19,2.8499999999999996,4.0,0.7124999999999999,32
663368,2023,717329,2023-07-20,0.0,4.0,0.0,33
663368,2023,717313,2023-07-21,1.4,4.0,0.35,34
663368,2023,717296,2023-07-22,0.9,3.0,0.3,35
663368,2023,717287,2023-07-23,0.9,3.0,0.3,36
663368,2023,717273,2023-07-24,1.4,2.0,0.7,37
663368,2023,717262,2023-07-25,0.9,4.0,0.225,38
663368,2023,717206,2023-07-30,0.7,4.0,0.175,39
663368,2023,717143,2023-08-03,0.0,1.0,0.0,40
663368,2023,717116,2023-08-05,0.9,1.0,0.9,41
663368,2023,717065,2023-08-09,0.0,3.0,0.0,42
663368,2023,716543,2023-09-17,0.0,2.0,0.0,43
663368,2023,716515,2023-09-19,2.65,4.0,0.6625,44
663368,2023,716495,2023-09-20,1.6,4.0,0.4,45
663368,2023,716491,2023-09-21,2.0,4.0,0.5,46
663368,2023,716482,2023-09-22,3.2,5.0,0.64,47
663368,2023,716460,2023-09-23,0.7,3.0,0.2333333333333333,48
663368,2023,716408,2023-09-27,0.0,4.0,0.0,49
663368,2023,716373,2023-09-30,2.7,4.0,0.675,50
663368,2023,716364,2023-10-01,0.0,1.0,0.0,51
666176,2023,717838,2023-06-08,2.7,4.0,0.675,1
666176,2023,717497,2023-07-04,1.6,1.0,1.6,2
666176,2023,717478,2023-07-05,1.25,4.0,0.3125,3
666176,2023,717456,2023-07-07,0.0,4.0,0.0,4
666176,2023,717437,2023-07-08,0.0,1.0,0.0,5
666176,2023,716524,2023-09-19,1.25,4.0,0.3125,6
666176,2023,716501,2023-09-20,0.0,5.0,0.0,7
666176,2023,716498,2023-09-21,3.6,4.0,0.9,8
666176,2023,716475,2023-09-22,0.7,4.0,0.175,9
666176,2023,716465,2023-09-23,2.7,4.0,0.675,10
666176,2023,716445,2023-09-24,1.25,4.0,0.3125,11
666176,2023,716440,2023-09-25,0.9,4.0,0.225,12
666176,2023,716422,2023-09-26,1.8,4.0,0.45,13
666176,2023,716420,2023-09-27,0.0,3.0,0.0,14
666176,2023,716386,2023-09-29,0.0,4.0,0.0,15
666176,2023,716371,2023-09-30,0.0,3.0,0.0,16
666176,2023,716365,2023-10-01,0.9,5.0,0.18,17
671221,2023,718014,2023-05-26,1.8,4.0,0.45,1
671221,2023,718000,2023-05-27,0.0,4.0,0.0,2
671221,2023,717975,2023-05-29,0.9,5.0,0.18,3
671221,2023,717960,2023-05-30,0.0,3.0,0.0,4
671221,2023,717923,2023-06-02,2.0,3.0,0.6666666666666666,5
671221,2023,717909,2023-06-03,1.6,4.0,0.4,6
671221,2023,717887,2023-06-05,0.9,4.0,0.225,7
671221,2023,717876,2023-06-06,0.9,3.0,0.3,8
671221,2023,717839,2023-06-09,0.7,3.0,0.2333333333333333,9
671221,2023,717818,2023-06-10,0.7,4.0,0.175,10
671221,2023,717808,2023-06-11,0.0,4.0,0.0,11
671221,2023,717793,2023-06-12,1.6,4.0,0.4,12
671221,2023,717777,2023-06-13,0.7,4.0,0.175,13
671221,2023,717736,2023-06-16,0.0,3.0,0.0,14
671221,2023,717726,2023-06-17,1.95,4.0,0.4875,15
671221,2023,717712,2023-06-18,0.0,3.0,0.0,16
671221,2023,717692,2023-06-19,0.9,3.0,0.3,17
671221,2023,717681,2023-06-20,0.0,4.0,0.0,18
671221,2023,717659,2023-06-22,2.9,4.0,0.725,19
671221,2023,717649,2023-06-23,1.8,4.0,0.45,20
671221,2023,717632,2023-06-24,2.9,4.0,0.725,21
671221,2023,717619,2023-06-25,0.0,4.0,0.0,22
671221,2023,717591,2023-06-27,0.0,3.0,0.0,23
671221,2023,717577,2023-06-28,2.85,4.0,0.7125,24
671221,2023,717573,2023-06-29,2.15,3.0,0.7166666666666667,25
671221,2023,717553,2023-06-30,0.9,4.0,0.225,26
671221,2023,717537,2023-07-01,0.9,3.0,0.3,27
671221,2023,717527,2023-07-02,3.55,5.0,0.71,28
671221,2023,717510,2023-07-03,0.0,4.0,0.0,29
671221,2023,717482,2023-07-05,0.9,3.0,0.3,30
671221,2023,717469,2023-07-06,1.8,4.0,0.45,31
671221,2023,717463,2023-07-07,0.0,3.0,0.0,32
671221,2023,717443,2023-07-08,0.0,4.0,0.0,33
671221,2023,717411,2023-07-15,1.6,4.0,0.4,34
671221,2023,717393,2023-07-15,0.9,3.0,0.3,35
671221,2023,717382,2023-07-16,3.6,4.0,0.9,36
671221,2023,717368,2023-07-17,0.0,4.0,0.0,37
671221,2023,717356,2023-07-18,1.6,4.0,0.4,38
671221,2023,717333,2023-07-19,1.8,4.0,0.45,39
671221,2023,717332,2023-07-20,0.0,3.0,0.0,40
671221,2023,717318,2023-07-21,0.9,4.0,0.225,41
671221,2023,717304,2023-07-22,0.0,4.0,0.0,42
671221,2023,717294,2023-07-23,0.0,4.0,0.0,43
671221,2023,717260,2023-07-25,1.6,3.0,0.5333333333333333,44
671221,2023,717249,2023-07-26,0.7,4.0,0.175,45
671221,2023,717232,2023-07-28,0.9,4.0,0.225,46
671221,2023,717207,2023-07-29,3.2,5.0,0.64,47
671221,2023,717198,2023-07-30,0.7,3.0,0.2333333333333333,48
671221,2023,717170,2023-08-01,0.7,1.0,0.7,49
671221,2023,717156,2023-08-02,2.7,4.0,0.675,50
671221,2023,717148,2023-08-03,2.0,4.0,0.5,51
671221,2023,717123,2023-08-05,0.7,4.0,0.175,52
671221,2023,717113,2023-08-06,0.0,4.0,0.0,53
671221,2023,717089,2023-08-07,1.25,4.0,0.3125,54
671221,2023,717077,2023-08-08,3.8,5.0,0.76,55
671221,2023,717059,2023-08-09,0.0,3.0,0.0,56
671221,2023,716994,2023-08-14,1.6,4.0,0.4,57
671221,2023,716981,2023-08-15,0.9,4.0,0.225,58
671221,2023,716963,2023-08-16,2.3,4.0,0.575,59
671221,2023,716964,2023-08-17,0.0,3.0,0.0,60
671221,2023,716955,2023-08-18,0.9,4.0,0.225,61
671221,2023,716937,2023-08-19,0.7,4.0,0.175,62
671221,2023,716917,2023-08-20,0.0,1.0,0.0,63
671221,2023,716904,2023-08-21,0.0,3.0,0.0,64
671221,2023,716888,2023-08-22,1.6,4.0,0.4,65
671221,2023,716884,2023-08-23,3.0,4.0,0.75,66
671221,2023,716853,2023-08-25,2.15,4.0,0.5375,67
671221,2023,716832,2023-08-26,2.7,4.0,0.675,68
671221,2023,716820,2023-08-27,0.0,4.0,0.0,69
671221,2023,716811,2023-08-28,0.9,3.0,0.3,70
671221,2023,716793,2023-08-29,0.0,4.0,0.0,71
671221,2023,716764,2023-09-01,1.6,5.0,0.32,72
671221,2023,716750,2023-09-02,0.9,5.0,0.18,73
671221,2023,716739,2023-09-03,1.6,2.0,0.8,74
671221,2023,716681,2023-09-04,1.8,4.0,0.45,75
671221,2023,716704,2023-09-05,0.0,4.0,0.0,76
671221,2023,716688,2023-09-06,2.5,4.0,0.625,77
671221,2023,716661,2023-09-09,1.25,3.0,0.4166666666666667,78
671221,2023,716641,2023-09-10,1.6,4.0,0.4,79
671221,2023,716611,2023-09-12,0.0,4.0,0.0,80
671221,2023,716598,2023-09-13,0.7,4.0,0.175,81
671221,2023,716577,2023-09-15,0.7,4.0,0.175,82
671221,2023,716547,2023-09-17,0.0,3.0,0.0,83
671221,2023,716529,2023-09-18,2.5,4.0,0.625,84
671221,2023,716505,2023-09-20,2.85,4.0,0.7125,85
671221,2023,716455,2023-09-23,0.9,4.0,0.225,86
671221,2023,716448,2023-09-24,0.7,4.0,0.175,87
671221,2023,716433,2023-09-26,0.0,4.0,0.0,88
671221,2023,716414,2023-09-27,0.0,3.0,0.0,89
671221,2023,716401,2023-09-28,0.0,4.0,0.0,90
671221,2023,716375,2023-09-30,1.25,1.0,1.25,91
669394,2023,718687,2023-04-06,1.25,2.0,0.625,1
669394,2023,718679,2023-04-07,3.25,4.0,0.8125,2
669394,2023,718662,2023-04-08,0.0,2.0,0.0,3
669394,2023,718640,2023-04-10,0.7,1.0,0.7,4
669394,2023,718616,2023-04-11,0.0,3.0,0.0,5
669394,2023,718583,2023-04-14,2.0,2.0,1.0,6
669394,2023,718570,2023-04-15,2.9,5.0,0.58,7
669394,2023,718553,2023-04-16,2.7,4.0,0.675,8
669394,2023,718543,2023-04-18,2.7,3.0,0.9,9
669394,2023,718525,2023-04-18,0.0,4.0,0.0,10
669394,2023,718510,2023-04-19,0.7,4.0,0.175,11
669394,2023,718486,2023-04-21,1.95,5.0,0.39,12
669394,2023,718477,2023-04-22,0.7,4.0,0.175,13
669394,2023,718457,2023-04-23,0.0,3.0,0.0,14
669394,2023,718444,2023-04-24,0.7,3.0,0.2333333333333333,15
669394,2023,718433,2023-04-25,0.9,3.0,0.3,16
669394,2023,718420,2023-04-26,0.0,3.0,0.0,17
669394,2023,718396,2023-04-27,3.95,4.0,0.9875,18
669394,2023,718393,2023-04-28,2.9,4.0,0.725,19
669394,2023,718373,2023-04-29,0.7,4.0,0.175,20
669394,2023,718355,2023-04-30,1.25,5.0,0.25,21
669394,2023,718340,2023-05-02,0.0,3.0,0.0,22
669394,2023,718322,2023-05-03,0.0,2.0,0.0,23
669394,2023,718176,2023-05-14,2.9,4.0,0.725,24
669394,2023,718147,2023-05-16,2.9,4.0,0.725,25
669394,2023,718129,2023-05-17,4.5,4.0,1.125,26
669394,2023,718125,2023-05-18,0.9,4.0,0.225,27
669394,2023,718111,2023-05-19,0.9,3.0,0.3,28
669394,2023,718104,2023-05-20,2.15,3.0,0.7166666666666667,29
669394,2023,718084,2023-05-21,0.0,4.0,0.0,30
669394,2023,718072,2023-05-22,0.0,3.0,0.0,31
669394,2023,718063,2023-05-23,0.0,5.0,0.0,32
669394,2023,718048,2023-05-24,0.0,4.0,0.0,33
669394,2023,718031,2023-05-25,0.9,3.0,0.3,34
669394,2023,718021,2023-05-26,2.15,5.0,0.43,35
669394,2023,718005,2023-05-27,0.9,3.0,0.3,36
669394,2023,717989,2023-05-28,0.9,5.0,0.18,37
669394,2023,717971,2023-05-29,0.0,1.0,0.0,38
669394,2023,717959,2023-05-30,2.7,4.0,0.675,39
669394,2023,717943,2023-05-31,2.0,1.0,2.0,40
669394,2023,717925,2023-06-02,0.0,1.0,0.0,41
669394,2023,717915,2023-06-03,0.7,2.0,0.35,42
669394,2023,717891,2023-06-04,2.7,5.0,0.54,43
669394,2023,717857,2023-06-08,0.0,4.0,0.0,44
669394,2023,717848,2023-06-08,3.25,4.0,0.8125,45
669394,2023,717828,2023-06-09,0.0,4.0,0.0,46
669394,2023,717820,2023-06-10,0.0,4.0,0.0,47
669394,2023,717795,2023-06-11,1.25,4.0,0.3125,48
669394,2023,717776,2023-06-13,1.6,4.0,0.4,49
669394,2023,717760,2023-06-14,4.9,5.0,0.9800000000000001,50
669394,2023,717748,2023-06-15,2.0,5.0,0.4,51
669394,2023,717733,2023-06-16,0.0,4.0,0.0,52
669394,2023,717722,2023-06-17,0.7,5.0,0.13999999999999999,53
669394,2023,717704,2023-06-18,0.9,3.0,0.3,54
669394,2023,717695,2023-06-19,1.25,4.0,0.3125,55
669394,2023,717675,2023-06-20,0.7,4.0,0.175,56
669394,2023,717667,2023-06-21,0.0,4.0,0.0,57
669394,2023,717645,2023-06-23,0.9,4.0,0.225,58
669394,2023,717629,2023-06-24,2.0,4.0,0.5,59
669394,2023,717614,2023-06-25,0.0,3.0,0.0,60
669394,2023,717608,2023-06-26,0.7,3.0,0.2333333333333333,61
669394,2023,717592,2023-06-27,0.9,4.0,0.225,62
669394,2023,717576,2023-06-28,1.25,5.0,0.25,63
669394,2023,717560,2023-06-29,0.0,5.0,0.0,64
669394,2023,717551,2023-06-30,0.9,1.0,0.9,65
669394,2023,717538,2023-07-01,0.7,5.0,0.13999999999999999,66
669394,2023,717518,2023-07-02,3.6,5.0,0.72,67
669394,2023,717496,2023-07-04,0.7,4.0,0.175,68
669394,2023,717480,2023-07-06,0.9,4.0,0.225,69
669394,2023,717468,2023-07-06,0.0,1.0,0.0,70
669394,2023,717455,2023-07-07,4.65,4.0,1.1625,71
669394,2023,717445,2023-07-08,0.0,4.0,0.0,72
669394,2023,717424,2023-07-09,0.9,4.0,0.225,73
669394,2023,717414,2023-07-14,0.0,3.0,0.0,74
669394,2023,717395,2023-07-15,3.25,4.0,0.8125,75
669394,2023,717391,2023-07-16,2.0,4.0,0.5,76
669394,2023,717359,2023-07-18,2.5,5.0,0.5,77
669394,2023,717341,2023-07-19,0.7,4.0,0.175,78
669394,2023,717330,2023-07-20,0.7,4.0,0.175,79
669394,2023,717314,2023-07-21,0.0,4.0,0.0,80
669394,2023,717293,2023-07-22,0.9,4.0,0.225,81
669394,2023,717285,2023-07-23,0.0,5.0,0.0,82
669394,2023,717263,2023-07-25,0.0,3.0,0.0,83
669394,2023,717240,2023-07-26,2.0,4.0,0.5,84
669394,2023,717233,2023-07-27,4.7,4.0,1.175,85
669394,2023,717228,2023-07-28,2.7,4.0,0.675,86
669394,2023,717217,2023-07-29,1.4,4.0,0.35,87
669394,2023,717204,2023-07-30,0.7,4.0,0.175,88
669394,2023,717159,2023-08-02,3.2,6.0,0.5333333333333333,89
669394,2023,717147,2023-08-03,0.0,4.0,0.0,90
669394,2023,717133,2023-08-04,0.7,4.0,0.175,91
669394,2023,717124,2023-08-05,2.0,3.0,0.6666666666666666,92
669394,2023,717102,2023-08-06,0.9,4.0,0.225,93
669394,2023,717097,2023-08-07,0.7,4.0,0.175,94
669394,2023,717083,2023-08-08,1.25,4.0,0.3125,95
669394,2023,717070,2023-08-09,1.25,4.0,0.3125,96
669394,2023,717047,2023-08-11,2.5,4.0,0.625,97
669394,2023,717025,2023-08-12,2.5,4.0,0.625,98
669394,2023,717011,2023-08-13,2.7,5.0,0.54,99
669394,2023,717000,2023-08-14,0.9,4.0,0.225,100
669394,2023,716991,2023-08-15,0.9,4.0,0.225,101
669394,2023,716972,2023-08-16,3.05,4.0,0.7625,102
669394,2023,716946,2023-08-18,2.7,5.0,0.54,103
669394,2023,716926,2023-08-19,2.7,4.0,0.675,104
669394,2023,716909,2023-08-19,1.6,4.0,0.4,105
669394,2023,716907,2023-08-21,2.85,4.0,0.7125,106
669394,2023,716887,2023-08-22,0.9,4.0,0.225,107
669394,2023,716883,2023-08-23,0.0,4.0,0.0,108
669394,2023,716863,2023-08-25,0.9,4.0,0.225,109
669394,2023,716844,2023-08-26,1.8,4.0,0.45,110
669394,2023,716827,2023-08-27,0.0,4.0,0.0,111
669394,2023,716807,2023-08-29,1.25,4.0,0.3125,112
669394,2023,716778,2023-08-30,0.9,4.0,0.225,113
669394,2023,716776,2023-08-31,2.7,5.0,0.54,114
669394,2023,716771,2023-09-01,0.0,5.0,0.0,115
669394,2023,716760,2023-09-02,4.0,5.0,0.8,116
669394,2023,716740,2023-09-03,1.6,5.0,0.32,117
669394,2023,716710,2023-09-05,3.6,4.0,0.9,118
669394,2023,716695,2023-09-06,1.6,4.0,0.4,119
669394,2023,716682,2023-09-07,0.0,3.0,0.0,120
669394,2023,716679,2023-09-08,1.25,4.0,0.3125,121
669394,2023,716653,2023-09-09,1.25,4.0,0.3125,122
669394,2023,716643,2023-09-10,0.0,4.0,0.0,123
669394,2023,716626,2023-09-11,0.9,3.0,0.3,124
669394,2023,716610,2023-09-12,0.0,4.0,0.0,125
669394,2023,716592,2023-09-13,0.7,4.0,0.175,126
669394,2023,716585,2023-09-14,1.8,4.0,0.45,127
669394,2023,716582,2023-09-15,2.15,5.0,0.43,128
669394,2023,716565,2023-09-16,5.75,5.0,1.15,129
669394,2023,716546,2023-09-17,3.95,6.0,0.6583333333333333,130
669394,2023,716535,2023-09-18,0.9,4.0,0.225,131
669394,2023,716523,2023-09-19,2.5,5.0,0.5,132
669394,2023,716503,2023-09-20,0.0,1.0,0.0,133
669394,2023,716482,2023-09-22,0.0,1.0,0.0,134
669394,2023,716460,2023-09-23,2.7,4.0,0.675,135
669394,2023,716447,2023-09-24,1.8,3.0,0.6,136
669394,2023,716430,2023-09-27,0.0,4.0,0.0,137
669394,2023,716411,2023-09-27,1.8,5.0,0.36,138
669394,2023,716404,2023-09-28,0.0,4.0,0.0,139
669394,2023,716398,2023-09-29,2.15,4.0,0.5375,140
669394,2023,716378,2023-09-30,0.0,5.0,0.0,141
670764,2023,718776,2023-03-30,0.0,1.0,0.0,1
670764,2023,718754,2023-04-01,1.6,5.0,0.32,2
670764,2023,718742,2023-04-02,0.9,3.0,0.3,3
670764,2023,718715,2023-04-04,0.9,4.0,0.225,4
670764,2023,718704,2023-04-05,2.15,4.0,0.5375,5
670764,2023,718678,2023-04-07,2.3,4.0,0.575,6
670764,2023,718600,2023-04-12,1.95,4.0,0.4875,7
670764,2023,718594,2023-04-13,0.0,4.0,0.0,8
670764,2023,718569,2023-04-15,2.0,3.0,0.6666666666666666,9
670764,2023,718556,2023-04-16,1.95,5.0,0.39,10
670764,2023,718526,2023-04-18,6.5,5.0,1.3,11
670764,2023,718515,2023-04-19,1.6,4.0,0.4,12
670764,2023,718477,2023-04-22,1.4,4.0,0.35,13
670764,2023,718436,2023-04-25,0.9,3.0,0.3,14
670764,2023,718414,2023-04-26,0.0,3.0,0.0,15
670764,2023,718396,2023-04-27,0.7,5.0,0.13999999999999999,16
670764,2023,718393,2023-04-28,0.0,2.0,0.0,17
670764,2023,718373,2023-04-29,0.7,5.0,0.13999999999999999,18
670764,2023,718355,2023-04-30,4.7,5.0,0.9400000000000001,19
670764,2023,718328,2023-05-03,0.7,4.0,0.175,20
670764,2023,718309,2023-05-04,2.0,3.0,0.6666666666666666,21
670764,2023,718300,2023-05-05,0.9,4.0,0.225,22
670764,2023,718291,2023-05-06,0.7,4.0,0.175,23
670764,2023,718259,2023-05-08,0.0,4.0,0.0,24
670764,2023,718246,2023-05-09,2.7,4.0,0.675,25
670764,2023,718227,2023-05-10,0.0,1.0,0.0,26
670764,2023,718219,2023-05-11,1.95,5.0,0.39,27
670764,2023,718197,2023-05-13,0.9,4.0,0.225,28
670764,2023,718180,2023-05-14,4.5,4.0,1.125,29
670764,2023,718135,2023-05-17,0.9,5.0,0.18,30
670764,2023,718122,2023-05-18,0.0,3.0,0.0,31
670764,2023,718093,2023-05-20,2.65,4.0,0.6625,32
670764,2023,718081,2023-05-21,0.7,3.0,0.2333333333333333,33
670764,2023,718061,2023-05-23,0.7,4.0,0.175,34
670764,2023,718044,2023-05-24,0.0,4.0,0.0,35
670764,2023,718032,2023-05-25,0.7,4.0,0.175,36
670764,2023,718018,2023-05-26,0.9,4.0,0.225,37
670764,2023,718002,2023-05-27,2.15,4.0,0.5375,38
670764,2023,717976,2023-05-29,0.0,3.0,0.0,39
670764,2023,717950,2023-05-31,1.4,4.0,0.35,40
670764,2023,717918,2023-06-03,0.7,4.0,0.175,41
670764,2023,717885,2023-06-03,1.4,4.0,0.35,42
670764,2023,717904,2023-06-04,0.9,4.0,0.225,43
670764,2023,717928,2023-06-05,0.7,5.0,0.13999999999999999,44
670764,2023,717882,2023-06-06,0.0,4.0,0.0,45
670764,2023,717859,2023-06-07,0.0,3.0,0.0,46
670764,2023,717845,2023-06-08,0.0,3.0,0.0,47
670764,2023,717827,2023-06-09,0.9,4.0,0.225,48
670764,2023,717801,2023-06-11,1.95,4.0,0.4875,49
670764,2023,717789,2023-06-12,0.9,4.0,0.225,50
670764,2023,717774,2023-06-13,0.0,3.0,0.0,51
670764,2023,717761,2023-06-14,0.9,4.0,0.225,52
670764,2023,717756,2023-06-15,1.25,4.0,0.3125,53
670764,2023,717732,2023-06-16,1.95,4.0,0.4875,54
670764,2023,717717,2023-06-17,1.6,4.0,0.4,55
670764,2023,717703,2023-06-18,0.0,3.0,0.0,56
670764,2023,717687,2023-06-20,1.4,4.0,0.35,57
670764,2023,717677,2023-06-21,1.6,4.0,0.4,58
670764,2023,717659,2023-06-22,0.0,4.0,0.0,59
670764,2023,717649,2023-06-23,2.15,4.0,0.5375,60
670764,2023,717632,2023-06-24,0.9,4.0,0.225,61
670764,2023,717619,2023-06-25,0.9,4.0,0.225,62
670764,2023,717548,2023-06-30,1.8,5.0,0.36,63
670764,2023,717534,2023-07-01,0.0,3.0,0.0,64
670764,2023,717519,2023-07-02,0.0,2.0,0.0,65
670764,2023,717491,2023-07-05,1.4,4.0,0.35,66
670764,2023,717472,2023-07-06,0.7,4.0,0.175,67
670764,2023,717460,2023-07-07,0.0,1.0,0.0,68
670764,2023,717441,2023-07-08,0.9,4.0,0.225,69
670764,2023,717429,2023-07-09,3.3499999999999996,4.0,0.8374999999999999,70
670764,2023,717411,2023-07-15,0.0,4.0,0.0,71
670764,2023,717393,2023-07-15,0.0,2.0,0.0,72
670764,2023,717367,2023-07-17,0.0,3.0,0.0,73
670764,2023,717346,2023-07-19,0.9,3.0,0.3,74
670764,2023,717328,2023-07-20,1.8,3.0,0.6,75
670764,2023,716754,2023-09-02,0.9,4.0,0.225,76
670764,2023,716729,2023-09-03,2.7,4.0,0.675,77
670764,2023,716683,2023-09-07,0.7,4.0,0.175,78
670764,2023,716671,2023-09-08,0.0,4.0,0.0,79
670764,2023,716656,2023-09-09,2.3,4.0,0.575,80
670764,2023,716645,2023-09-10,0.0,1.0,0.0,81
670764,2023,716629,2023-09-11,2.7,5.0,0.54,82
670764,2023,716613,2023-09-12,0.0,4.0,0.0,83
670764,2023,716586,2023-09-14,0.0,3.0,0.0,84
670764,2023,716583,2023-09-15,0.9,4.0,0.225,85
670764,2023,716524,2023-09-19,1.4,4.0,0.35,86
670764,2023,716501,2023-09-20,0.7,4.0,0.175,87
670764,2023,716498,2023-09-21,1.25,4.0,0.3125,88
670764,2023,716463,2023-09-23,0.0,4.0,0.0,89
670764,2023,716452,2023-09-24,1.6,4.0,0.4,90
670764,2023,716428,2023-09-26,0.2,3.0,0.06666666666666667,91
670764,2023,716419,2023-09-27,0.9,4.0,0.225,92
670764,2023,716383,2023-09-30,0.9,5.0,0.18,93
671218,2023,718643,2023-04-09,0.9,3.0,0.3,1
671218,2023,718641,2023-04-10,0.9,4.0,0.225,2
671218,2023,718612,2023-04-12,1.8,4.0,0.45,3
671218,2023,718585,2023-04-14,0.0,3.0,0.0,4
671218,2023,718571,2023-04-15,0.0,1.0,0.0,5
671218,2023,718544,2023-04-17,2.15,2.0,1.075,6
671218,2023,718511,2023-04-19,0.7,5.0,0.13999999999999999,7
671218,2023,718480,2023-04-21,0.0,3.0,0.0,8
671218,2023,718478,2023-04-22,1.25,2.0,0.625,9
671218,2023,717031,2023-08-11,1.25,1.0,1.25,10
671218,2023,717029,2023-08-12,2.7,4.0,0.675,11
671218,2023,717008,2023-08-13,1.25,4.0,0.3125,12
671218,2023,716999,2023-08-14,0.0,1.0,0.0,13
671218,2023,716989,2023-08-15,0.9,1.0,0.9,14
671218,2023,716975,2023-08-16,0.0,2.0,0.0,15
671218,2023,716927,2023-08-20,0.0,3.0,0.0,16
671218,2023,716911,2023-08-21,0.7,1.0,0.7,17
671218,2023,716848,2023-08-26,1.6,4.0,0.4,18
671218,2023,716819,2023-08-27,0.0,2.0,0.0,19
671218,2023,716823,2023-08-28,0.0,2.0,0.0,20
671218,2023,716456,2023-09-23,0.0,1.0,0.0,21
671218,2023,716441,2023-09-25,0.0,3.0,0.0,22
671218,2023,716426,2023-09-27,0.0,1.0,0.0,23
671218,2023,716381,2023-09-30,0.0,3.0,0.0,24
677649,2023,718752,2023-04-01,0.0,1.0,0.0,1
677649,2023,718739,2023-04-02,0.9,3.0,0.3,2
677649,2023,718726,2023-04-03,0.0,2.0,0.0,3
677649,2023,718709,2023-04-04,0.0,3.0,0.0,4
677649,2023,718694,2023-04-05,0.9,3.0,0.3,5
677649,2023,718669,2023-04-08,0.0,2.0,0.0,6
677649,2023,718630,2023-04-10,0.9,1.0,0.9,7
677649,2023,718595,2023-04-12,0.0,1.0,0.0,8
677649,2023,718552,2023-04-16,0.0,4.0,0.0,9
677649,2023,718522,2023-04-18,1.8,5.0,0.36,10
677649,2023,718514,2023-04-19,1.25,5.0,0.25,11
677649,2023,718490,2023-04-21,1.6,3.0,0.5333333333333333,12
677649,2023,718469,2023-04-22,2.9,2.0,1.45,13
677649,2023,718453,2023-04-23,1.25,4.0,0.3125,14
677649,2023,718445,2023-04-24,3.05,4.0,0.7625,15
677649,2023,718434,2023-04-25,0.7,4.0,0.175,16
677649,2023,718424,2023-04-26,0.7,3.0,0.2333333333333333,17
677649,2023,718397,2023-04-27,1.8,4.0,0.45,18
677649,2023,718388,2023-04-28,0.9,4.0,0.225,19
677649,2023,718374,2023-04-29,2.9,3.0,0.9666666666666667,20
677649,2023,718356,2023-04-30,0.9,5.0,0.18,21
677649,2023,718342,2023-05-02,4.15,4.0,1.0375,22
677649,2023,718325,2023-05-03,0.9,4.0,0.225,23
677649,2023,718294,2023-05-05,0.7,5.0,0.13999999999999999,24
677649,2023,718275,2023-05-06,1.8,5.0,0.36,25
677649,2023,718264,2023-05-07,2.9,5.0,0.58,26
677649,2023,718251,2023-05-08,0.0,3.0,0.0,27
677649,2023,718239,2023-05-09,0.9,4.0,0.225,28
677649,2023,718229,2023-05-10,1.6,4.0,0.4,29
677649,2023,718217,2023-05-11,0.0,4.0,0.0,30
677649,2023,718200,2023-05-12,2.5,5.0,0.5,31
677649,2023,718190,2023-05-13,2.0,4.0,0.5,32
677649,2023,718172,2023-05-14,2.7,4.0,0.675,33
677649,2023,718165,2023-05-15,0.0,4.0,0.0,34
677649,2023,718148,2023-05-16,2.0,4.0,0.5,35
677649,2023,718126,2023-05-17,1.25,4.0,0.3125,36
677649,2023,718114,2023-05-19,3.75,4.0,0.9375,37
677649,2023,718100,2023-05-20,2.9,3.0,0.9666666666666667,38
677649,2023,718076,2023-05-21,0.7,4.0,0.175,39
677649,2023,718065,2023-05-23,0.0,3.0,0.0,40
677649,2023,717912,2023-06-03,2.3,3.0,0.7666666666666666,41
677649,2023,717879,2023-06-05,1.95,4.0,0.4875,42
677649,2023,717868,2023-06-06,3.4,4.0,0.85,43
677649,2023,717827,2023-06-09,0.0,3.0,0.0,44
677649,2023,717813,2023-06-10,2.15,5.0,0.43,45
677649,2023,717801,2023-06-11,0.0,4.0,0.0,46
677649,2023,717792,2023-06-12,2.0,3.0,0.6666666666666666,47
677649,2023,717780,2023-06-13,0.0,4.0,0.0,48
677649,2023,717765,2023-06-14,0.0,4.0,0.0,49
677649,2023,717751,2023-06-15,0.0,1.0,0.0,50
677649,2023,717723,2023-06-17,2.5,4.0,0.625,51
677649,2023,717709,2023-06-18,3.95,5.0,0.79,52
677649,2023,717695,2023-06-19,2.5,4.0,0.625,53
677649,2023,717675,2023-06-20,0.0,4.0,0.0,54
677649,2023,717667,2023-06-21,2.9,4.0,0.725,55
677649,2023,717655,2023-06-23,1.8,4.0,0.45,56
677649,2023,717636,2023-06-24,0.0,4.0,0.0,57
677649,2023,717622,2023-06-25,2.5,4.0,0.625,58
677649,2023,717606,2023-06-26,2.15,4.0,0.5375,59
677649,2023,717599,2023-06-27,2.9,4.0,0.725,60
677649,2023,717580,2023-06-28,3.6,5.0,0.72,61
677649,2023,717570,2023-06-29,2.9,4.0,0.725,62
677649,2023,717554,2023-06-30,0.0,4.0,0.0,63
677649,2023,717542,2023-07-01,0.0,4.0,0.0,64
677649,2023,717520,2023-07-02,0.0,4.0,0.0,65
677649,2023,717501,2023-07-04,0.9,5.0,0.18,66
677649,2023,717471,2023-07-06,2.15,4.0,0.5375,67
677649,2023,717465,2023-07-07,1.25,4.0,0.3125,68
677649,2023,717450,2023-07-08,0.9,4.0,0.225,69
677649,2023,717432,2023-07-09,0.9,4.0,0.225,70
677649,2023,717415,2023-07-14,0.0,4.0,0.0,71
677649,2023,717377,2023-07-16,0.0,2.0,0.0,72
677649,2023,717367,2023-07-17,2.0,3.0,0.6666666666666666,73
677649,2023,717354,2023-07-18,0.7,4.0,0.175,74
677649,2023,717316,2023-07-21,0.7,4.0,0.175,75
677649,2023,717305,2023-07-22,1.6,4.0,0.4,76
677649,2023,717284,2023-07-23,2.15,4.0,0.5375,77
677649,2023,717274,2023-07-24,1.6,5.0,0.32,78
677649,2023,717255,2023-07-25,0.0,4.0,0.0,79
677649,2023,717239,2023-07-26,1.6,6.0,0.26666666666666666,80
677649,2023,717224,2023-07-28,0.0,4.0,0.0,81
677649,2023,717191,2023-07-30,1.6,4.0,0.4,82
677649,2023,717168,2023-08-01,0.0,3.0,0.0,83
677649,2023,717152,2023-08-02,0.0,1.0,0.0,84
677649,2023,717149,2023-08-03,0.9,2.0,0.45,85
677649,2023,717133,2023-08-04,0.0,3.0,0.0,86
677649,2023,717124,2023-08-05,0.0,4.0,0.0,87
677649,2023,717102,2023-08-06,2.7,2.0,1.35,88
677649,2023,717081,2023-08-07,0.2,3.0,0.06666666666666667,89
677649,2023,717069,2023-08-08,0.9,4.0,0.225,90
677649,2023,717063,2023-08-09,1.4,3.0,0.4666666666666666,91
677649,2023,717031,2023-08-11,0.9,4.0,0.225,92
677649,2023,717029,2023-08-12,3.75,5.0,0.75,93
677649,2023,717008,2023-08-13,2.5,4.0,0.625,94
677649,2023,716997,2023-08-14,0.7,5.0,0.13999999999999999,95
677649,2023,716985,2023-08-15,1.8,4.0,0.45,96
677649,2023,716971,2023-08-16,0.9,3.0,0.3,97
677649,2023,716950,2023-08-18,1.25,1.0,1.25,98
677649,2023,716938,2023-08-19,0.9,4.0,0.225,99
677649,2023,716918,2023-08-20,2.5,4.0,0.625,100
677649,2023,716906,2023-08-21,0.0,4.0,0.0,101
677649,2023,716889,2023-08-22,2.5,4.0,0.625,102
677649,2023,716867,2023-08-24,1.6,4.0,0.4,103
677649,2023,716850,2023-08-25,0.0,3.0,0.0,104
677649,2023,716839,2023-08-26,1.6,4.0,0.4,105
677649,2023,716824,2023-08-27,0.9,3.0,0.3,106
677649,2023,716818,2023-08-28,1.25,4.0,0.3125,107
677649,2023,716799,2023-08-29,0.9,4.0,0.225,108
677649,2023,716783,2023-08-30,0.0,4.0,0.0,109
677649,2023,716772,2023-09-01,0.0,3.0,0.0,110
677649,2023,716752,2023-09-02,0.0,4.0,0.0,111
677649,2023,716705,2023-09-05,0.9,4.0,0.225,112
677649,2023,716665,2023-09-08,0.9,4.0,0.225,113
677649,2023,716657,2023-09-09,0.9,3.0,0.3,114
677649,2023,716616,2023-09-12,0.0,2.0,0.0,115
677649,2023,716594,2023-09-13,0.0,2.0,0.0,116
677649,2023,716587,2023-09-14,2.15,5.0,0.43,117
677649,2023,716575,2023-09-15,0.0,3.0,0.0,118
677649,2023,716549,2023-09-17,1.25,1.0,1.25,119
677649,2023,716507,2023-09-20,0.9,1.0,0.9,120
677649,2023,716422,2023-09-26,0.0,2.0,0.0,121
677649,2023,716379,2023-09-29,0.7,1.0,0.7,122
673548,2023,718575,2023-04-14,2.0,5.0,0.4,1
673548,2023,718564,2023-04-15,0.9,4.0,0.225,2
673548,2023,718547,2023-04-16,0.7,5.0,0.13999999999999999,3
673548,2023,718536,2023-04-17,2.7,5.0,0.54,4
673548,2023,718523,2023-04-18,3.9,5.0,0.78,5
673548,2023,718499,2023-04-20,1.6,4.0,0.4,6
673548,2023,718491,2023-04-21,2.85,5.0,0.5700000000000001,7
673548,2023,718479,2023-04-22,0.7,4.0,0.175,8
673548,2023,718451,2023-04-23,0.9,4.0,0.225,9
673548,2023,718426,2023-04-25,0.0,4.0,0.0,10
673548,2023,718407,2023-04-26,0.9,4.0,0.225,11
673548,2023,718406,2023-04-27,1.25,4.0,0.3125,12
673548,2023,718391,2023-04-28,0.0,4.0,0.0,13
673548,2023,718375,2023-04-29,0.9,5.0,0.18,14
673548,2023,718364,2023-04-30,1.6,4.0,0.4,15
673548,2023,718349,2023-05-01,1.6,4.0,0.4,16
673548,2023,718344,2023-05-02,0.9,3.0,0.3,17
673548,2023,718333,2023-05-03,1.8,4.0,0.45,18
673548,2023,718317,2023-05-04,1.25,4.0,0.3125,19
673548,2023,718303,2023-05-05,0.9,4.0,0.225,20
673548,2023,718289,2023-05-06,0.0,4.0,0.0,21
673548,2023,718256,2023-05-08,0.9,4.0,0.225,22
673548,2023,718240,2023-05-09,1.4,4.0,0.35,23
673548,2023,718221,2023-05-10,2.8499999999999996,5.0,0.57,24
673548,2023,718209,2023-05-12,1.25,5.0,0.25,25
673548,2023,718195,2023-05-13,2.65,4.0,0.6625,26
673548,2023,718175,2023-05-14,2.0,4.0,0.5,27
673548,2023,718158,2023-05-15,0.0,4.0,0.0,28
673548,2023,718152,2023-05-16,2.9,4.0,0.725,29
673548,2023,718127,2023-05-17,6.3,5.0,1.26,30
673548,2023,718116,2023-05-19,2.85,5.0,0.5700000000000001,31
673548,2023,718097,2023-05-20,0.0,3.0,0.0,32
673548,2023,718088,2023-05-21,0.9,4.0,0.225,33
673548,2023,718055,2023-05-23,2.7,5.0,0.54,34
673548,2023,718038,2023-05-24,1.95,4.0,0.4875,35
673548,2023,718024,2023-05-25,2.5,4.0,0.625,36
673548,2023,718007,2023-05-27,0.7,4.0,0.175,37
673548,2023,717987,2023-05-28,0.7,5.0,0.13999999999999999,38
673548,2023,717976,2023-05-29,0.9,3.0,0.3,39
673548,2023,717961,2023-05-30,2.5,4.0,0.625,40
673548,2023,717950,2023-05-31,2.15,4.0,0.5375,41
673548,2023,717921,2023-06-02,0.7,4.0,0.175,42
673548,2023,717903,2023-06-03,0.0,4.0,0.0,43
673548,2023,717889,2023-06-04,0.0,4.0,0.0,44
673548,2023,717880,2023-06-05,0.0,4.0,0.0,45
673548,2023,717861,2023-06-06,1.6,5.0,0.32,46
673548,2023,717855,2023-06-07,0.0,4.0,0.0,47
673548,2023,717838,2023-06-08,2.15,4.0,0.5375,48
673548,2023,717823,2023-06-09,3.75,4.0,0.9375,49
673548,2023,717782,2023-06-13,1.6,5.0,0.32,50
673548,2023,717763,2023-06-14,2.8499999999999996,5.0,0.57,51
673548,2023,717747,2023-06-15,0.7,5.0,0.13999999999999999,52
673548,2023,717744,2023-06-16,0.9,5.0,0.18,53
673548,2023,717729,2023-06-17,0.0,4.0,0.0,54
673548,2023,717708,2023-06-18,0.0,4.0,0.0,55
673548,2023,717698,2023-06-19,1.25,5.0,0.25,56
673548,2023,717686,2023-06-20,0.9,4.0,0.225,57
673548,2023,717671,2023-06-21,2.5,5.0,0.5,58
673548,2023,717637,2023-06-24,0.9,5.0,0.18,59
673548,2023,717623,2023-06-25,0.0,5.0,0.0,60
673548,2023,717596,2023-06-27,1.6,4.0,0.4,61
673548,2023,717546,2023-07-01,0.7,4.0,0.175,62
673548,2023,717521,2023-07-02,0.7,5.0,0.13999999999999999,63
673548,2023,717511,2023-07-03,0.0,1.0,0.0,64
673548,2023,717503,2023-07-04,3.2,5.0,0.64,65
673548,2023,717483,2023-07-05,2.7,4.0,0.675,66
673548,2023,717474,2023-07-06,1.6,4.0,0.4,67
673548,2023,717464,2023-07-07,0.9,4.0,0.225,68
673548,2023,717447,2023-07-08,0.9,4.0,0.225,69
673548,2023,717433,2023-07-09,2.0,4.0,0.5,70
673548,2023,717419,2023-07-14,0.0,4.0,0.0,71
673548,2023,717403,2023-07-15,0.9,5.0,0.18,72
673548,2023,717376,2023-07-16,0.7,4.0,0.175,73
673548,2023,717370,2023-07-17,0.9,5.0,0.18,74
673548,2023,717353,2023-07-18,4.7,6.0,0.7833333333333333,75
673548,2023,717336,2023-07-19,2.5,4.0,0.625,76
673548,2023,717322,2023-07-20,1.25,5.0,0.25,77
673548,2023,717325,2023-07-21,0.0,4.0,0.0,78
673548,2023,717308,2023-07-22,2.7,5.0,0.54,79
673548,2023,717286,2023-07-23,0.7,4.0,0.175,80
673548,2023,717263,2023-07-25,1.8,5.0,0.36,81
673548,2023,717240,2023-07-26,2.0999999999999996,5.0,0.41999999999999993,82
673548,2023,717238,2023-07-27,0.7,5.0,0.13999999999999999,83
673548,2023,717226,2023-07-28,1.25,4.0,0.3125,84
673548,2023,717213,2023-07-29,1.25,4.0,0.3125,85
673548,2023,717195,2023-07-30,0.0,4.0,0.0,86
673548,2023,717188,2023-07-31,0.0,5.0,0.0,87
673548,2023,717153,2023-08-02,2.9,5.0,0.58,88
673548,2023,717141,2023-08-04,0.0,3.0,0.0,89
673548,2023,717092,2023-08-07,0.0,1.0,0.0,90
673548,2023,717062,2023-08-09,4.5,4.0,1.125,91
673548,2023,717041,2023-08-11,1.95,4.0,0.4875,92
673548,2023,717026,2023-08-12,0.9,4.0,0.225,93
673548,2023,717012,2023-08-13,0.9,4.0,0.225,94
673548,2023,716986,2023-08-15,2.0,4.0,0.5,95
673548,2023,716968,2023-08-16,0.0,3.0,0.0,96
673548,2023,716955,2023-08-18,1.8,4.0,0.45,97
673548,2023,716937,2023-08-19,0.9,4.0,0.225,98
673548,2023,716917,2023-08-20,2.0,3.0,0.6666666666666666,99
673548,2023,716913,2023-08-21,3.8,4.0,0.95,100
673548,2023,716896,2023-08-22,2.5,4.0,0.625,101
673548,2023,716885,2023-08-23,1.95,4.0,0.4875,102
673548,2023,716870,2023-08-24,1.25,5.0,0.25,103
673548,2023,716862,2023-08-25,1.8,4.0,0.45,104
673548,2023,716842,2023-08-26,2.85,5.0,0.5700000000000001,105
673548,2023,716834,2023-08-27,3.9,5.0,0.78,106
673548,2023,716810,2023-08-28,0.0,4.0,0.0,107
673548,2023,716798,2023-08-29,0.7,4.0,0.175,108
673548,2023,716779,2023-08-30,0.0,3.0,0.0,109
673548,2023,718700,2023-09-01,2.7,5.0,0.54,110
673548,2023,716770,2023-09-01,1.25,4.0,0.3125,111
673548,2023,716753,2023-09-02,1.6,4.0,0.4,112
673548,2023,716738,2023-09-03,2.15,5.0,0.43,113
673548,2023,716723,2023-09-04,3.25,4.0,0.8125,114
673548,2023,716708,2023-09-05,5.05,5.0,1.01,115
673548,2023,716699,2023-09-06,2.15,4.0,0.5375,116
673548,2023,716685,2023-09-07,1.6,4.0,0.4,117
673548,2023,716678,2023-09-08,0.9,2.0,0.45,118
673548,2023,716660,2023-09-09,0.7,4.0,0.175,119
673548,2023,716638,2023-09-10,1.25,4.0,0.3125,120
673548,2023,716625,2023-09-11,0.9,4.0,0.225,121
673548,2023,716609,2023-09-12,3.8,4.0,0.95,122
673548,2023,716599,2023-09-13,0.7,5.0,0.13999999999999999,123
673548,2023,716567,2023-09-15,2.0,4.0,0.5,124
673548,2023,716558,2023-09-16,1.6,4.0,0.4,125
673548,2023,716536,2023-09-17,0.0,4.0,0.0,126
673548,2023,716518,2023-09-19,4.85,5.0,0.97,127
673548,2023,716497,2023-09-20,1.6,4.0,0.4,128
673548,2023,716493,2023-09-21,0.0,5.0,0.0,129
673548,2023,716486,2023-09-22,3.8,4.0,0.95,130
673548,2023,716469,2023-09-23,0.9,4.0,0.225,131
673548,2023,716449,2023-09-24,2.85,4.0,0.7125,132
673548,2023,716429,2023-09-26,2.5,5.0,0.5,133
673548,2023,716412,2023-09-27,0.7,5.0,0.13999999999999999,134
673548,2023,716399,2023-09-28,3.05,4.0,0.7625,135
673548,2023,716385,2023-09-29,1.6,4.0,0.4,136
673548,2023,716373,2023-09-30,1.6,5.0,0.32,137
687263,2023,718576,2023-04-15,0.0,4.0,0.0,1
687263,2023,718559,2023-04-16,0.0,4.0,0.0,2
687263,2023,718540,2023-04-17,1.8,5.0,0.36,3
687263,2023,718529,2023-04-18,0.7,4.0,0.175,4
687263,2023,718504,2023-04-19,3.2,4.0,0.8,5
687263,2023,718496,2023-04-20,0.7,4.0,0.175,6
687263,2023,718485,2023-04-21,1.4,3.0,0.4666666666666666,7
687263,2023,718466,2023-04-22,1.8,4.0,0.45,8
687263,2023,718452,2023-04-23,0.9,3.0,0.3,9
687263,2023,718437,2023-04-24,2.85,5.0,0.5700000000000001,10
687263,2023,718425,2023-04-25,0.0,4.0,0.0,11
687263,2023,718408,2023-04-26,1.25,4.0,0.3125,12
687263,2023,718386,2023-04-28,1.8,3.0,0.6,13
687263,2023,718376,2023-04-29,2.5,5.0,0.5,14
687263,2023,718365,2023-04-30,0.7,4.0,0.175,15
687263,2023,718338,2023-05-02,1.8,5.0,0.36,16
687263,2023,718320,2023-05-03,0.9,3.0,0.3,17
687263,2023,718311,2023-05-04,0.9,5.0,0.18,18
687263,2023,718294,2023-05-05,1.6,5.0,0.32,19
687263,2023,718275,2023-05-06,0.7,4.0,0.175,20
687263,2023,718254,2023-05-08,0.9,3.0,0.3,21
687263,2023,718237,2023-05-09,2.0,3.0,0.6666666666666666,22
687263,2023,718235,2023-05-10,0.0,3.0,0.0,23
687263,2023,718205,2023-05-12,2.15,4.0,0.5375,24
687263,2023,718191,2023-05-13,2.0,4.0,0.5,25
687263,2023,718182,2023-05-14,1.25,3.0,0.4166666666666667,26
687263,2023,718171,2023-05-15,0.0,5.0,0.0,27
687263,2023,718154,2023-05-16,0.9,3.0,0.3,28
687263,2023,718137,2023-05-17,0.0,3.0,0.0,29
687263,2023,718128,2023-05-18,1.6,5.0,0.32,30
687263,2023,718106,2023-05-19,1.8,3.0,0.6,31
687263,2023,718096,2023-05-20,1.25,4.0,0.3125,32
687263,2023,718080,2023-05-21,1.95,4.0,0.4875,33
687263,2023,718070,2023-05-22,0.7,3.0,0.2333333333333333,34
687263,2023,718053,2023-05-23,0.9,3.0,0.3,35
687263,2023,718034,2023-05-24,4.15,3.0,1.3833333333333335,36
687263,2023,718015,2023-05-26,0.0,4.0,0.0,37
687263,2023,717998,2023-05-27,1.4,5.0,0.27999999999999997,38
687263,2023,717984,2023-05-28,1.95,2.0,0.975,39
687263,2023,717971,2023-05-29,0.7,4.0,0.175,40
687263,2023,717959,2023-05-30,0.0,4.0,0.0,41
687263,2023,717943,2023-05-31,0.0,5.0,0.0,42
687263,2023,717936,2023-06-01,1.8,4.0,0.45,43
687263,2023,717926,2023-06-02,0.7,2.0,0.35,44
687263,2023,717899,2023-06-04,0.0,3.0,0.0,45
687263,2023,717861,2023-06-06,0.0,1.0,0.0,46
687263,2023,717855,2023-06-07,1.6,4.0,0.4,47
687263,2023,717838,2023-06-08,1.6,4.0,0.4,48
687263,2023,717824,2023-06-09,1.4,3.0,0.4666666666666666,49
687263,2023,717809,2023-06-10,1.8,3.0,0.6,50
687263,2023,717799,2023-06-11,5.8,4.0,1.45,51
687263,2023,717792,2023-06-12,2.5,5.0,0.5,52
687263,2023,717780,2023-06-13,2.2,3.0,0.7333333333333334,53
687263,2023,717405,2023-07-14,0.0,5.0,0.0,54
687263,2023,717389,2023-07-15,2.0,6.0,0.3333333333333333,55
687263,2023,717381,2023-07-16,1.25,5.0,0.25,56
687263,2023,717369,2023-07-17,0.9,5.0,0.18,57
687263,2023,717352,2023-07-18,2.3,4.0,0.575,58
687263,2023,717339,2023-07-19,1.8,5.0,0.36,59
687263,2023,717312,2023-07-21,2.0,4.0,0.5,60
687263,2023,717247,2023-07-27,0.9,5.0,0.18,61
687263,2023,717187,2023-07-31,0.0,4.0,0.0,62
687263,2023,717176,2023-08-01,0.7,3.0,0.2333333333333333,63
687263,2023,717165,2023-08-02,1.25,4.0,0.3125,64
687263,2023,717144,2023-08-03,0.0,3.0,0.0,65
687263,2023,716623,2023-09-11,1.4,6.0,0.2333333333333333,66
687263,2023,716606,2023-09-12,0.0,4.0,0.0,67
687263,2023,716602,2023-09-13,0.9,4.0,0.225,68
687263,2023,716570,2023-09-15,0.0,4.0,0.0,69
687263,2023,716554,2023-09-16,0.7,5.0,0.13999999999999999,70
687263,2023,716544,2023-09-17,0.7,4.0,0.175,71
687263,2023,716524,2023-09-19,2.0,4.0,0.5,72
687263,2023,716501,2023-09-20,2.15,5.0,0.43,73
687263,2023,716498,2023-09-21,0.9,5.0,0.18,74
687263,2023,716475,2023-09-22,0.7,5.0,0.13999999999999999,75
687263,2023,716445,2023-09-24,2.85,5.0,0.5700000000000001,76
687263,2023,716440,2023-09-25,0.0,4.0,0.0,77
687263,2023,716422,2023-09-26,0.9,5.0,0.18,78
687263,2023,716420,2023-09-27,1.4,4.0,0.35,79
687263,2023,716386,2023-09-29,1.6,4.0,0.4,80
687263,2023,716371,2023-09-30,0.7,4.0,0.175,81
687263,2023,716365,2023-10-01,2.85,5.0,0.5700000000000001,82
462101,2023,718768,2023-03-30,0.9,4.0,0.225,1
462101,2023,718764,2023-03-31,0.9,4.0,0.225,2
462101,2023,718760,2023-04-01,0.0,4.0,0.0,3
462101,2023,718740,2023-04-02,0.7,5.0,0.13999999999999999,4
462101,2023,718730,2023-04-03,0.0,3.0,0.0,5
462101,2023,718695,2023-04-05,1.8,4.0,0.45,6
462101,2023,718687,2023-04-06,2.85,5.0,0.5700000000000001,7
462101,2023,718679,2023-04-07,0.0,4.0,0.0,8
462101,2023,718662,2023-04-08,0.9,5.0,0.18,9
462101,2023,718653,2023-04-09,0.0,3.0,0.0,10
462101,2023,718640,2023-04-10,0.9,4.0,0.225,11
462101,2023,718616,2023-04-11,0.0,3.0,0.0,12
462101,2023,718605,2023-04-12,0.0,3.0,0.0,13
462101,2023,718583,2023-04-14,2.5,4.0,0.625,14
462101,2023,718570,2023-04-15,2.5,3.0,0.8333333333333334,15
462101,2023,718553,2023-04-16,0.0,3.0,0.0,16
462101,2023,718525,2023-04-18,0.9,4.0,0.225,17
462101,2023,718543,2023-04-18,1.6,3.0,0.5333333333333333,18
462101,2023,718510,2023-04-19,0.9,2.0,0.45,19
462101,2023,718486,2023-04-21,2.3,5.0,0.45999999999999996,20
462101,2023,718477,2023-04-22,0.9,5.0,0.18,21
462101,2023,718457,2023-04-23,0.0,3.0,0.0,22
462101,2023,718444,2023-04-24,0.0,4.0,0.0,23
462101,2023,718433,2023-04-25,1.6,3.0,0.5333333333333333,24
462101,2023,718420,2023-04-26,0.0,4.0,0.0,25
462101,2023,718396,2023-04-27,0.0,4.0,0.0,26
462101,2023,718393,2023-04-28,1.4,4.0,0.35,27
462101,2023,718373,2023-04-29,0.9,4.0,0.225,28
462101,2023,718355,2023-04-30,3.05,5.0,0.61,29
462101,2023,718340,2023-05-02,0.2,3.0,0.06666666666666667,30
462101,2023,718322,2023-05-03,0.7,4.0,0.175,31
462101,2023,718310,2023-05-04,1.6,5.0,0.32,32
462101,2023,718305,2023-05-05,3.4,3.0,1.1333333333333333,33
462101,2023,718281,2023-05-06,0.0,4.0,0.0,34
462101,2023,718262,2023-05-07,1.8,5.0,0.36,35
462101,2023,718253,2023-05-08,1.6,4.0,0.4,36
462101,2023,718238,2023-05-09,0.0,3.0,0.0,37
462101,2023,718222,2023-05-10,0.9,3.0,0.3,38
462101,2023,718207,2023-05-12,0.0,3.0,0.0,39
462101,2023,717915,2023-06-03,0.0,2.0,0.0,40
462101,2023,717891,2023-06-04,0.0,3.0,0.0,41
462101,2023,717857,2023-06-08,0.0,3.0,0.0,42
462101,2023,717828,2023-06-09,2.5,4.0,0.625,43
462101,2023,717820,2023-06-10,0.9,3.0,0.3,44
462101,2023,717795,2023-06-11,0.0,4.0,0.0,45
462101,2023,717760,2023-06-14,1.4,4.0,0.35,46
462101,2023,717748,2023-06-15,1.25,4.0,0.3125,47
462101,2023,717733,2023-06-16,0.0,3.0,0.0,48
462101,2023,717722,2023-06-17,0.9,5.0,0.18,49
462101,2023,717704,2023-06-18,1.25,3.0,0.4166666666666667,50
462101,2023,717695,2023-06-19,1.8,4.0,0.45,51
462101,2023,717675,2023-06-20,2.9,4.0,0.725,52
462101,2023,717667,2023-06-21,0.7,4.0,0.175,53
462101,2023,717645,2023-06-23,0.0,4.0,0.0,54
462101,2023,717629,2023-06-24,1.8,4.0,0.45,55
462101,2023,717614,2023-06-25,0.7,3.0,0.2333333333333333,56
462101,2023,717608,2023-06-26,0.0,2.0,0.0,57
462101,2023,717592,2023-06-27,0.7,4.0,0.175,58
462101,2023,717551,2023-06-30,1.6,4.0,0.4,59
462101,2023,717468,2023-07-06,1.8,4.0,0.45,60
462101,2023,717455,2023-07-07,0.0,2.0,0.0,61
462101,2023,717424,2023-07-09,2.5,4.0,0.625,62
462101,2023,717391,2023-07-16,1.95,4.0,0.4875,63
462101,2023,717359,2023-07-18,0.7,1.0,0.7,64
462101,2023,717341,2023-07-19,0.0,3.0,0.0,65
462101,2023,717330,2023-07-20,1.6,4.0,0.4,66
462101,2023,717314,2023-07-21,2.15,4.0,0.5375,67
462101,2023,717293,2023-07-22,0.0,3.0,0.0,68
462101,2023,717204,2023-07-30,0.0,3.0,0.0,69
462101,2023,717168,2023-08-01,0.0,3.0,0.0,70
462101,2023,717152,2023-08-02,0.0,1.0,0.0,71
462101,2023,717132,2023-08-04,1.25,3.0,0.4166666666666667,72
462101,2023,717115,2023-08-05,4.15,4.0,1.0375,73
462101,2023,717108,2023-08-06,3.4,5.0,0.6799999999999999,74
462101,2023,717088,2023-08-07,0.9,3.0,0.3,75
462101,2023,717075,2023-08-08,0.0,4.0,0.0,76
462101,2023,717054,2023-08-09,2.15,4.0,0.5375,77
462101,2023,717036,2023-08-11,0.9,4.0,0.225,78
462101,2023,717023,2023-08-12,0.0,2.0,0.0,79
462101,2023,717006,2023-08-13,1.8,5.0,0.36,80
462101,2023,716986,2023-08-15,1.8,5.0,0.36,81
462101,2023,716968,2023-08-16,0.9,4.0,0.225,82
462101,2023,716947,2023-08-18,3.8,4.0,0.95,83
462101,2023,716933,2023-08-19,2.8499999999999996,5.0,0.57,84
462101,2023,716916,2023-08-20,0.0,3.0,0.0,85
462101,2023,716905,2023-08-21,2.15,5.0,0.43,86
462101,2023,716893,2023-08-22,0.0,4.0,0.0,87
462101,2023,716881,2023-08-23,0.9,4.0,0.225,88
462101,2023,716864,2023-08-24,2.0,3.0,0.6666666666666666,89
462101,2023,716786,2023-08-30,3.2,5.0,0.64,90
462101,2023,716734,2023-09-03,1.6,3.0,0.5333333333333333,91
462101,2023,716681,2023-09-04,0.0,1.0,0.0,92
462101,2023,716704,2023-09-05,1.8,4.0,0.45,93
462101,2023,716688,2023-09-06,3.95,5.0,0.79,94
462101,2023,716675,2023-09-08,0.0,4.0,0.0,95
462101,2023,716648,2023-09-10,0.0,3.0,0.0,96
462101,2023,716611,2023-09-12,1.8,4.0,0.45,97
462101,2023,716631,2023-09-12,0.9,1.0,0.9,98
462101,2023,716598,2023-09-13,0.0,3.0,0.0,99
462101,2023,716573,2023-09-15,2.0,4.0,0.5,100
462101,2023,716556,2023-09-16,2.15,3.0,0.7166666666666667,101
462101,2023,716542,2023-09-17,1.25,4.0,0.3125,102
462101,2023,716539,2023-09-18,0.9,4.0,0.225,103
462101,2023,716525,2023-09-19,0.0,4.0,0.0,104
462101,2023,716478,2023-09-22,0.9,4.0,0.225,105
462101,2023,716453,2023-09-24,1.25,3.0,0.4166666666666667,106
462101,2023,716427,2023-09-26,1.25,4.0,0.3125,107
462101,2023,716417,2023-09-27,0.0,4.0,0.0,108
462101,2023,716391,2023-09-29,1.8,4.0,0.45,109
462101,2023,716356,2023-10-01,0.0,5.0,0.0,110
572204,2023,718749,2023-04-01,6.0,4.0,1.5,1
572204,2023,718736,2023-04-02,0.0,4.0,0.0,2
572204,2023,718718,2023-04-03,0.0,1.0,0.0,3
572204,2023,718703,2023-04-04,0.0,2.0,0.0,4
572204,2023,718683,2023-04-06,0.7,2.0,0.35,5
572204,2023,718671,2023-04-07,0.7,3.0,0.2333333333333333,6
572204,2023,718639,2023-04-09,1.6,2.0,0.8,7
572204,2023,718624,2023-04-11,1.6,3.0,0.5333333333333333,8
572204,2023,718612,2023-04-12,2.7,3.0,0.9,9
572204,2023,718575,2023-04-14,0.0,3.0,0.0,10
572204,2023,718547,2023-04-16,0.7,4.0,0.175,11
572204,2023,718532,2023-04-17,0.9,4.0,0.225,12
572204,2023,718508,2023-04-19,0.0,1.0,0.0,13
572204,2023,718499,2023-04-20,0.0,4.0,0.0,14
572204,2023,718491,2023-04-21,0.0,3.0,0.0,15
572204,2023,718432,2023-04-25,0.7,2.0,0.35,16
572204,2023,718403,2023-04-27,0.0,3.0,0.0,17
572204,2023,718382,2023-04-28,0.7,1.0,0.7,18
572204,2023,718369,2023-04-29,0.0,3.0,0.0,19
572204,2023,718359,2023-04-30,0.0,1.0,0.0,20
572204,2023,718295,2023-05-05,0.0,1.0,0.0,21
572204,2023,718279,2023-05-06,0.0,3.0,0.0,22
572204,2023,718266,2023-05-07,0.0,1.0,0.0,23
572204,2023,718257,2023-05-08,0.7,1.0,0.7,24
572204,2023,718241,2023-05-09,0.7,4.0,0.175,25
572204,2023,718228,2023-05-10,0.7,2.0,0.35,26
572204,2023,718201,2023-05-12,0.7,3.0,0.2333333333333333,27
572204,2023,718159,2023-05-15,0.7,1.0,0.7,28
572204,2023,718136,2023-05-17,0.0,4.0,0.0,29
572204,2023,718124,2023-05-18,0.7,1.0,0.7,30
572204,2023,718113,2023-05-19,0.0,3.0,0.0,31
572204,2023,718083,2023-05-21,0.0,1.0,0.0,32
572204,2023,718002,2023-05-27,0.0,1.0,0.0,33
572204,2023,717994,2023-05-28,4.5,4.0,1.125,34
572204,2023,717954,2023-05-31,0.9,3.0,0.3,35
572204,2023,717905,2023-06-03,0.7,1.0,0.7,36
572204,2023,717149,2023-08-03,0.7,4.0,0.175,37
572204,2023,717132,2023-08-04,1.6,4.0,0.4,38
572204,2023,717108,2023-08-06,0.9,4.0,0.225,39
572204,2023,717054,2023-08-09,1.6,3.0,0.5333333333333333,40
572204,2023,717036,2023-08-11,0.7,4.0,0.175,41
572204,2023,717023,2023-08-12,0.0,1.0,0.0,42
572204,2023,716947,2023-08-18,0.0,3.0,0.0,43
572204,2023,716916,2023-08-20,0.9,2.0,0.45,44
572204,2023,716905,2023-08-21,0.0,1.0,0.0,45
572204,2023,716881,2023-08-23,3.25,4.0,0.8125,46
572204,2023,716864,2023-08-24,0.0,2.0,0.0,47
572204,2023,716841,2023-08-26,0.0,4.0,0.0,48
572204,2023,716826,2023-08-27,0.0,1.0,0.0,49
572204,2023,716815,2023-08-28,0.0,1.0,0.0,50
572204,2023,716749,2023-09-02,0.9,1.0,0.9,51
572204,2023,716734,2023-09-03,0.0,3.0,0.0,52
572204,2023,716681,2023-09-04,0.9,3.0,0.3,53
572204,2023,716658,2023-09-09,0.0,3.0,0.0,54
572204,2023,716631,2023-09-12,0.0,4.0,0.0,55
572204,2023,716573,2023-09-15,0.0,1.0,0.0,56
572204,2023,716542,2023-09-17,3.4,4.0,0.85,57
572204,2023,716525,2023-09-19,0.7,2.0,0.35,58
572204,2023,716513,2023-09-20,1.4,3.0,0.4666666666666666,59
572204,2023,716478,2023-09-22,2.15,4.0,0.5375,60
572204,2023,716453,2023-09-24,0.0,2.0,0.0,61
572204,2023,716427,2023-09-26,0.7,4.0,0.175,62
572204,2023,716417,2023-09-27,1.8,4.0,0.45,63
572204,2023,716443,2023-09-28,0.0,3.0,0.0,64
572204,2023,716391,2023-09-29,0.0,4.0,0.0,65
572204,2023,716374,2023-09-30,0.0,4.0,0.0,66
572204,2023,716356,2023-10-01,1.4,5.0,0.27999999999999997,67
571970,2024,745444,2024-03-20,2.3,5.0,0.45999999999999996,1
571970,2024,746175,2024-03-21,2.15,6.0,0.35833333333333334,2
571970,2024,746165,2024-03-28,0.9,4.0,0.225,3
571970,2024,746167,2024-03-29,0.9,4.0,0.225,4
571970,2024,746168,2024-03-30,0.9,5.0,0.18,5
571970,2024,746166,2024-03-31,2.9,2.0,1.45,6
571970,2024,746170,2024-04-01,0.0,4.0,0.0,7
571970,2024,746169,2024-04-02,1.95,4.0,0.4875,8
571970,2024,746163,2024-04-03,1.6,4.0,0.4,9
571970,2024,746897,2024-04-05,0.0,5.0,0.0,10
571970,2024,746896,2024-04-06,2.15,4.0,0.5375,11
571970,2024,745925,2024-04-08,1.4,4.0,0.35,12
571970,2024,745924,2024-04-09,0.7,5.0,0.13999999999999999,13
571970,2024,745923,2024-04-10,2.0,4.0,0.5,14
571970,2024,746162,2024-04-12,2.7,4.0,0.675,15
571970,2024,746161,2024-04-13,0.7,4.0,0.175,16
571970,2024,746164,2024-04-14,2.0,4.0,0.5,17
571970,2024,746158,2024-04-15,2.15,4.0,0.5375,18
571970,2024,746157,2024-04-16,0.0,1.0,0.0,19
571970,2024,746159,2024-04-17,1.25,4.0,0.3125,20
571970,2024,746160,2024-04-19,0.0,2.0,0.0,21
571970,2024,746156,2024-04-20,0.7,5.0,0.13999999999999999,22
571970,2024,746154,2024-04-21,0.7,4.0,0.175,23
571970,2024,744863,2024-04-23,1.4,4.0,0.35,24
571970,2024,744864,2024-04-24,3.55,5.0,0.71,25
571970,2024,744949,2024-04-26,3.8,6.0,0.6333333333333333,26
571970,2024,744947,2024-04-28,1.25,4.0,0.3125,27
571970,2024,747211,2024-04-29,0.7,5.0,0.13999999999999999,28
571970,2024,747210,2024-04-30,0.7,3.0,0.2333333333333333,29
571970,2024,746152,2024-05-03,0.7,4.0,0.175,30
571970,2024,746155,2024-05-04,6.9,5.0,1.3800000000000001,31
571970,2024,746149,2024-05-06,0.7,4.0,0.175,32
571970,2024,746147,2024-05-07,3.25,4.0,0.8125,33
571970,2024,746151,2024-05-08,0.0,3.0,0.0,34
571970,2024,745421,2024-05-10,0.0,4.0,0.0,35
571970,2024,745422,2024-05-11,0.7,4.0,0.175,36
571970,2024,745419,2024-05-12,0.0,4.0,0.0,37
571970,2024,745343,2024-05-13,1.6,5.0,0.32,38
571970,2024,745342,2024-05-14,0.0,5.0,0.0,39
571970,2024,745341,2024-05-15,0.0,4.0,0.0,40
571970,2024,746109,2024-08-19,2.0,4.0,0.5,41
571970,2024,746107,2024-08-20,3.4,4.0,0.85,42
571970,2024,746110,2024-08-21,2.5,4.0,0.625,43
571970,2024,746111,2024-08-23,0.7,1.0,0.7,44
571970,2024,746108,2024-08-24,1.95,4.0,0.4875,45
571970,2024,746106,2024-08-25,0.7,4.0,0.175,46
571970,2024,746105,2024-08-27,0.0,4.0,0.0,47
571970,2024,746103,2024-08-28,0.0,3.0,0.0,48
571970,2024,747156,2024-08-30,2.85,4.0,0.7125,49
571970,2024,747158,2024-08-31,2.5,3.0,0.8333333333333334,50
571970,2024,747157,2024-09-01,0.0,4.0,0.0,51
571970,2024,746185,2024-09-03,0.0,4.0,0.0,52
571970,2024,746178,2024-09-04,1.4,4.0,0.35,53
571970,2024,746104,2024-09-06,0.0,1.0,0.0,54
571970,2024,746099,2024-09-07,1.6,3.0,0.5333333333333333,55
571970,2024,746098,2024-09-08,3.4,4.0,0.85,56
571970,2024,746101,2024-09-09,0.0,4.0,0.0,57
571970,2024,746097,2024-09-10,2.0,4.0,0.5,58
571970,2024,746100,2024-09-11,3.4000000000000004,4.0,0.8500000000000001,59
571970,2024,747069,2024-09-13,0.0,4.0,0.0,60
571970,2024,747070,2024-09-14,0.0,4.0,0.0,61
571970,2024,747071,2024-09-15,2.9,5.0,0.58,62
571970,2024,747067,2024-09-16,1.4,4.0,0.35,63
571970,2024,746015,2024-09-17,3.4,5.0,0.6799999999999999,64
571970,2024,746011,2024-09-19,3.9,6.0,0.65,65
571970,2024,746094,2024-09-20,1.25,3.0,0.4166666666666667,66
571970,2024,746096,2024-09-21,1.4,5.0,0.27999999999999997,67
571970,2024,746093,2024-09-24,0.9,4.0,0.225,68
571970,2024,746095,2024-09-25,1.4,4.0,0.35,69
571970,2024,746088,2024-09-26,0.7,4.0,0.175,70
571970,2024,746499,2024-09-28,3.9,6.0,0.65,71
571970,2024,746496,2024-09-29,0.0,4.0,0.0,72
572233,2024,747224,2024-03-28,2.85,5.0,0.5700000000000001,1
572233,2024,747223,2024-03-29,2.0,5.0,0.4,2
572233,2024,747221,2024-03-30,1.6,5.0,0.32,3
572233,2024,747222,2024-03-31,2.7,4.0,0.675,4
572233,2024,747218,2024-04-01,0.0,4.0,0.0,5
572233,2024,747220,2024-04-02,2.9,4.0,0.725,6
572233,2024,747219,2024-04-03,0.7,5.0,0.13999999999999999,7
572233,2024,747143,2024-04-05,0.0,5.0,0.0,8
572233,2024,747140,2024-04-06,0.9,5.0,0.18,9
572233,2024,747141,2024-04-07,1.8,4.0,0.45,10
572233,2024,746569,2024-04-08,3.2,5.0,0.64,11
572233,2024,746571,2024-04-09,2.5,4.0,0.625,12
572233,2024,746573,2024-04-10,2.3,5.0,0.45999999999999996,13
572233,2024,747217,2024-04-12,0.7,4.0,0.175,14
572233,2024,747215,2024-04-13,1.4,4.0,0.35,15
572233,2024,747216,2024-04-14,2.7,4.0,0.675,16
572233,2024,747213,2024-04-15,0.7,5.0,0.13999999999999999,17
572233,2024,747214,2024-04-16,2.0999999999999996,6.0,0.3499999999999999,18
572233,2024,747212,2024-04-17,0.0,4.0,0.0,19
572233,2024,745356,2024-04-18,0.7,3.0,0.2333333333333333,20
572233,2024,745352,2024-04-19,3.05,6.0,0.5083333333333333,21
572233,2024,745354,2024-04-20,0.9,4.0,0.225,22
572233,2024,745353,2024-04-21,0.0,2.0,0.0,23
572233,2024,745191,2024-04-22,0.7,5.0,0.13999999999999999,24
572233,2024,745193,2024-04-23,3.6,5.0,0.72,25
572233,2024,745188,2024-04-24,0.9,4.0,0.225,26
572233,2024,745269,2024-04-26,1.6,4.0,0.4,27
572233,2024,745266,2024-04-27,0.9,4.0,0.225,28
572233,2024,745265,2024-04-28,3.25,4.0,0.8125,29
572233,2024,747211,2024-04-29,1.4,4.0,0.35,30
572233,2024,747210,2024-04-30,4.9,5.0,0.9800000000000001,31
572233,2024,747207,2024-05-01,0.7,4.0,0.175,32
572233,2024,747208,2024-05-03,0.0,3.0,0.0,33
572233,2024,747209,2024-05-04,0.9,3.0,0.3,34
572233,2024,747206,2024-05-05,2.85,4.0,0.7125,35
572233,2024,746718,2024-05-07,0.0,4.0,0.0,36
572233,2024,746717,2024-05-08,1.6,4.0,0.4,37
572233,2024,746715,2024-05-09,2.85,5.0,0.5700000000000001,38
572233,2024,747043,2024-05-10,1.6,4.0,0.4,39
572233,2024,747041,2024-05-11,0.7,5.0,0.13999999999999999,40
572233,2024,747042,2024-05-12,0.0,5.0,0.0,41
572233,2024,747204,2024-05-13,1.6,5.0,0.32,42
572233,2024,747205,2024-05-14,0.0,4.0,0.0,43
572233,2024,747203,2024-05-15,2.9,4.0,0.725,44
572233,2024,747201,2024-05-17,0.0,3.0,0.0,45
572233,2024,747202,2024-05-18,0.7,4.0,0.175,46
572233,2024,747198,2024-05-19,0.9,4.0,0.225,47
572233,2024,746146,2024-05-20,0.0,4.0,0.0,48
572233,2024,746145,2024-05-21,2.7,5.0,0.54,49
572233,2024,746143,2024-05-22,3.25,4.0,0.8125,50
572233,2024,747200,2024-05-24,0.9,4.0,0.225,51
572233,2024,747199,2024-05-25,2.15,4.0,0.5375,52
572233,2024,747197,2024-05-26,0.9,4.0,0.225,53
572233,2024,745017,2024-05-28,2.15,4.0,0.5375,54
572233,2024,745011,2024-05-29,1.6,5.0,0.32,55
572233,2024,745819,2024-05-30,1.4,4.0,0.35,56
572233,2024,745820,2024-05-31,2.0,5.0,0.4,57
572233,2024,745812,2024-06-01,2.7,5.0,0.54,58
572233,2024,745813,2024-06-02,0.9,5.0,0.18,59
572233,2024,747194,2024-06-03,1.25,4.0,0.3125,60
572233,2024,747196,2024-06-04,1.25,4.0,0.3125,61
572233,2024,747195,2024-06-05,0.0,1.0,0.0,62
572233,2024,745408,2024-06-06,1.25,5.0,0.25,63
572233,2024,745406,2024-06-07,0.0,4.0,0.0,64
572233,2024,745410,2024-06-08,1.25,4.0,0.3125,65
572233,2024,745407,2024-06-09,1.8,5.0,0.36,66
572233,2024,747190,2024-06-11,0.0,5.0,0.0,67
572233,2024,747193,2024-06-12,2.9,4.0,0.725,68
572233,2024,747192,2024-06-13,4.0,5.0,0.8,69
572233,2024,747191,2024-06-14,0.0,4.0,0.0,70
572233,2024,747187,2024-06-15,0.0,4.0,0.0,71
572233,2024,747189,2024-06-16,4.15,5.0,0.8300000000000001,72
572233,2024,744843,2024-06-18,0.9,5.0,0.18,73
572233,2024,744842,2024-06-19,0.9,4.0,0.225,74
572233,2024,744841,2024-06-20,2.9,5.0,0.58,75
572233,2024,745562,2024-06-21,1.25,5.0,0.25,76
572233,2024,745564,2024-06-22,0.7,3.0,0.2333333333333333,77
572233,2024,745566,2024-06-23,0.0,4.0,0.0,78
572233,2024,747188,2024-06-25,0.9,4.0,0.225,79
572233,2024,747184,2024-06-26,1.25,4.0,0.3125,80
572233,2024,747185,2024-06-27,0.0,3.0,0.0,81
572233,2024,747183,2024-06-28,0.0,4.0,0.0,82
572233,2024,747186,2024-06-29,2.15,3.0,0.7166666666666667,83
572233,2024,747182,2024-06-30,3.05,4.0,0.7625,84
572233,2024,746133,2024-07-02,2.9,5.0,0.58,85
572233,2024,746128,2024-07-03,6.85,6.0,1.1416666666666666,86
572233,2024,746126,2024-07-04,4.7,4.0,1.175,87
572233,2024,745398,2024-07-05,0.0,5.0,0.0,88
572233,2024,745395,2024-07-06,1.8,5.0,0.36,89
572233,2024,745391,2024-07-07,0.9,4.0,0.225,90
572233,2024,747181,2024-07-08,0.7,5.0,0.13999999999999999,91
572233,2024,747180,2024-07-09,1.25,4.0,0.3125,92
572233,2024,747179,2024-07-10,0.7,4.0,0.175,93
572233,2024,747178,2024-07-11,0.0,3.0,0.0,94
572233,2024,747175,2024-07-12,2.3,4.0,0.575,95
572233,2024,747177,2024-07-13,2.5,5.0,0.5,96
572233,2024,747176,2024-07-14,0.9,5.0,0.18,97
572233,2024,746854,2024-07-19,2.3,5.0,0.45999999999999996,98
572233,2024,746852,2024-07-20,0.0,4.0,0.0,99
572233,2024,746853,2024-07-21,0.7,4.0,0.175,100
572233,2024,746280,2024-07-22,2.15,5.0,0.43,101
572233,2024,746281,2024-07-23,0.7,4.0,0.175,102
572233,2024,746279,2024-07-24,2.0,5.0,0.4,103
572233,2024,747174,2024-07-26,0.7,4.0,0.175,104
572233,2024,747171,2024-07-27,2.3,5.0,0.45999999999999996,105
572233,2024,747173,2024-07-28,0.0,4.0,0.0,106
572233,2024,747172,2024-07-29,0.0,1.0,0.0,107
572233,2024,745293,2024-09-03,0.9,5.0,0.18,108
572233,2024,745289,2024-09-05,1.25,4.0,0.3125,109
572233,2024,746343,2024-09-06,1.4,3.0,0.4666666666666666,110
572233,2024,746344,2024-09-07,0.9,5.0,0.18,111
572233,2024,747152,2024-09-10,4.0,4.0,1.0,112
572233,2024,747154,2024-09-11,1.25,4.0,0.3125,113
572233,2024,747153,2024-09-13,3.3499999999999996,4.0,0.8374999999999999,114
572233,2024,747148,2024-09-14,0.0,1.0,0.0,115
572233,2024,747151,2024-09-15,3.2,6.0,0.5333333333333333,116
572233,2024,746502,2024-09-16,0.9,4.0,0.225,117
572233,2024,746503,2024-09-17,2.0,4.0,0.5,118
572233,2024,746500,2024-09-18,0.9,5.0,0.18,119
572233,2024,745937,2024-09-19,0.9,4.0,0.225,120
572233,2024,745934,2024-09-20,0.0,5.0,0.0,121
572233,2024,745936,2024-09-21,0.0,5.0,0.0,122
572233,2024,745929,2024-09-22,0.7,1.0,0.7,123
572233,2024,747150,2024-09-23,1.25,4.0,0.3125,124
572233,2024,747149,2024-09-24,0.0,4.0,0.0,125
572233,2024,747144,2024-09-25,2.15,5.0,0.43,126
572233,2024,747145,2024-09-27,0.0,4.0,0.0,127
572233,2024,747146,2024-09-28,1.6,4.0,0.4,128
572233,2024,747147,2024-09-29,2.65,5.0,0.53,129
621043,2024,746335,2024-03-28,3.75,5.0,0.75,1
621043,2024,746333,2024-03-30,0.0,5.0,0.0,2
621043,2024,746332,2024-03-31,0.0,2.0,0.0,3
621043,2024,746009,2024-04-02,2.0999999999999996,4.0,0.5249999999999999,4
621043,2024,746008,2024-04-03,2.3,5.0,0.45999999999999996,5
621043,2024,745928,2024-04-04,3.05,4.0,0.7625,6
621043,2024,745926,2024-04-06,2.3,5.0,0.45999999999999996,7
621043,2024,745925,2024-04-08,0.0,4.0,0.0,8
621043,2024,745924,2024-04-09,2.0,4.0,0.5,9
621043,2024,745923,2024-04-10,1.8,4.0,0.45,10
621043,2024,746491,2024-04-12,0.0,2.0,0.0,11
621043,2024,746804,2024-04-29,0.0,4.0,0.0,12
621043,2024,746806,2024-04-30,0.9,5.0,0.18,13
621043,2024,746800,2024-05-01,2.3,5.0,0.45999999999999996,14
621043,2024,745914,2024-05-03,0.9,4.0,0.225,15
621043,2024,745911,2024-05-04,0.0,4.0,0.0,16
621043,2024,745913,2024-05-05,2.3,4.0,0.575,17
621043,2024,745912,2024-05-06,2.5,4.0,0.625,18
621043,2024,745915,2024-05-07,0.0,4.0,0.0,19
621043,2024,745906,2024-05-08,2.0,4.0,0.5,20
621043,2024,744940,2024-05-10,2.15,4.0,0.5375,21
621043,2024,744943,2024-05-11,2.85,5.0,0.5700000000000001,22
621043,2024,744941,2024-05-12,0.7,4.0,0.175,23
621043,2024,745909,2024-05-14,0.9,4.0,0.225,24
621043,2024,745908,2024-05-15,1.8,4.0,0.45,25
621043,2024,745907,2024-05-16,1.25,4.0,0.3125,26
621043,2024,746641,2024-05-17,0.7,4.0,0.175,27
621043,2024,746642,2024-05-18,1.6,3.0,0.5333333333333333,28
621043,2024,746636,2024-05-19,0.9,4.0,0.225,29
621043,2024,744857,2024-05-20,2.0,4.0,0.5,30
621043,2024,744860,2024-05-21,2.3,4.0,0.575,31
621043,2024,744856,2024-05-22,2.0,4.0,0.5,32
621043,2024,745905,2024-05-24,2.15,4.0,0.5375,33
621043,2024,745901,2024-05-25,0.7,4.0,0.175,34
621043,2024,745902,2024-05-26,2.15,4.0,0.5375,35
621043,2024,745904,2024-05-27,0.0,4.0,0.0,36
621043,2024,745903,2024-05-28,1.25,4.0,0.3125,37
621043,2024,745900,2024-05-29,0.9,5.0,0.18,38
621043,2024,745898,2024-05-30,2.5,4.0,0.625,39
621043,2024,746387,2024-05-31,1.25,4.0,0.3125,40
621043,2024,746384,2024-06-01,0.9,4.0,0.225,41
621043,2024,745739,2024-06-04,0.0,4.0,0.0,42
621043,2024,745740,2024-06-05,0.0,4.0,0.0,43
621043,2024,745738,2024-06-06,2.9,5.0,0.58,44
621043,2024,745496,2024-06-07,2.5,4.0,0.625,45
621043,2024,745492,2024-06-08,0.0,4.0,0.0,46
621043,2024,745491,2024-06-09,2.7,5.0,0.54,47
621043,2024,745897,2024-06-10,2.15,4.0,0.5375,48
621043,2024,745899,2024-06-11,1.6,4.0,0.4,49
621043,2024,745896,2024-06-12,4.5,6.0,0.75,50
621043,2024,745894,2024-06-13,3.8,4.0,0.95,51
621043,2024,745892,2024-06-14,1.8,4.0,0.45,52
621043,2024,745895,2024-06-16,4.9,5.0,0.9800000000000001,53
621043,2024,745891,2024-06-16,1.8,5.0,0.36,54
621043,2024,745893,2024-06-18,3.75,5.0,0.75,55
621043,2024,745887,2024-06-19,0.0,5.0,0.0,56
621043,2024,745889,2024-06-20,0.0,1.0,0.0,57
621043,2024,745649,2024-06-21,0.7,5.0,0.13999999999999999,58
621043,2024,745644,2024-06-22,3.05,6.0,0.5083333333333333,59
621043,2024,745648,2024-06-23,0.7,4.0,0.175,60
621043,2024,747188,2024-06-25,0.0,4.0,0.0,61
621043,2024,747184,2024-06-26,3.75,5.0,0.75,62
621043,2024,747185,2024-06-27,3.6999999999999997,5.0,0.74,63
621043,2024,745238,2024-06-28,2.9,4.0,0.725,64
621043,2024,745239,2024-06-29,0.9,4.0,0.225,65
621043,2024,745886,2024-07-02,2.0,4.0,0.5,66
621043,2024,745888,2024-07-03,1.95,4.0,0.4875,67
621043,2024,745890,2024-07-04,1.6,4.0,0.4,68
621043,2024,745884,2024-07-05,2.0,6.0,0.3333333333333333,69
621043,2024,745885,2024-07-06,0.9,5.0,0.18,70
621043,2024,745883,2024-07-07,0.7,1.0,0.7,71
621043,2024,746771,2024-07-08,2.0,5.0,0.4,72
621043,2024,746773,2024-07-10,2.7,4.0,0.675,73
621043,2024,746772,2024-07-10,2.7,4.0,0.675,74
621043,2024,745312,2024-07-12,0.9,5.0,0.18,75
621043,2024,745858,2024-09-14,1.25,2.0,0.625,76
621043,2024,746588,2024-09-16,2.65,5.0,0.53,77
621043,2024,746582,2024-09-18,3.6,5.0,0.72,78
621043,2024,746579,2024-09-19,1.4,5.0,0.27999999999999997,79
621043,2024,746905,2024-09-20,2.5,6.0,0.4166666666666667,80
621043,2024,746903,2024-09-22,0.7,3.0,0.2333333333333333,81
621043,2024,746906,2024-09-22,0.0,4.0,0.0,82
621043,2024,745851,2024-09-24,2.15,5.0,0.43,83
621043,2024,745854,2024-09-25,2.85,4.0,0.7125,84
621043,2024,745853,2024-09-26,3.8,5.0,0.76,85
621043,2024,745847,2024-09-27,0.7,4.0,0.175,86
573262,2024,745445,2024-03-28,0.0,4.0,0.0,1
573262,2024,746170,2024-04-01,0.7,1.0,0.7,2
573262,2024,746169,2024-04-02,0.7,2.0,0.35,3
573262,2024,746163,2024-04-03,0.0,4.0,0.0,4
573262,2024,745361,2024-04-05,0.0,2.0,0.0,5
573262,2024,745359,2024-04-06,1.6,4.0,0.4,6
573262,2024,745362,2024-04-07,0.0,2.0,0.0,7
573262,2024,745363,2024-04-08,0.0,4.0,0.0,8
573262,2024,745357,2024-04-09,2.0,3.0,0.6666666666666666,9
573262,2024,745112,2024-04-12,0.7,2.0,0.35,10
573262,2024,745110,2024-04-13,0.9,5.0,0.18,11
573262,2024,746080,2024-04-15,0.7,4.0,0.175,12
573262,2024,746076,2024-04-17,0.0,1.0,0.0,13
573262,2024,745356,2024-04-18,0.9,4.0,0.225,14
573262,2024,745354,2024-04-20,1.8,4.0,0.45,15
573262,2024,745353,2024-04-21,2.0,3.0,0.6666666666666666,16
573262,2024,745351,2024-04-22,0.0,1.0,0.0,17
573262,2024,745348,2024-04-23,1.8,3.0,0.6,18
573262,2024,745347,2024-04-26,0.9,3.0,0.3,19
573262,2024,745350,2024-04-27,0.0,1.0,0.0,20
573262,2024,745349,2024-04-28,2.9,3.0,0.9666666666666667,21
573262,2024,746968,2024-04-30,0.7,3.0,0.2333333333333333,22
573262,2024,746966,2024-05-01,0.9,3.0,0.3,23
573262,2024,746969,2024-05-02,2.0,2.0,1.0,24
573262,2024,745589,2024-05-03,0.9,4.0,0.225,25
573262,2024,745587,2024-05-05,0.9,4.0,0.225,26
573262,2024,745585,2024-05-06,0.0,3.0,0.0,27
573262,2024,746559,2024-05-07,1.25,3.0,0.4166666666666667,28
573262,2024,746562,2024-05-08,2.5,4.0,0.625,29
573262,2024,746563,2024-05-09,0.0,3.0,0.0,30
573262,2024,745340,2024-05-10,0.7,1.0,0.7,31
573262,2024,745344,2024-05-11,0.0,2.0,0.0,32
573262,2024,745345,2024-05-12,0.0,5.0,0.0,33
573262,2024,745343,2024-05-13,0.7,5.0,0.13999999999999999,34
573262,2024,745342,2024-05-14,2.15,4.0,0.5375,35
573262,2024,745341,2024-05-15,2.9,4.0,0.725,36
573262,2024,745335,2024-05-17,2.85,5.0,0.5700000000000001,37
573262,2024,745339,2024-05-18,0.7,5.0,0.13999999999999999,38
573262,2024,745336,2024-05-19,1.8,4.0,0.45,39
573262,2024,745503,2024-05-21,0.0,3.0,0.0,40
573262,2024,745502,2024-05-22,0.0,5.0,0.0,41
573262,2024,745500,2024-05-23,0.0,2.0,0.0,42
573262,2024,745822,2024-05-24,2.9,4.0,0.725,43
573262,2024,745823,2024-05-25,1.6,5.0,0.32,44
573262,2024,745824,2024-05-26,0.0,2.0,0.0,45
573262,2024,745338,2024-05-27,1.95,4.0,0.4875,46
573262,2024,745337,2024-05-28,0.7,4.0,0.175,47
573262,2024,745331,2024-05-31,1.25,4.0,0.3125,48
573262,2024,745332,2024-06-01,0.7,4.0,0.175,49
573262,2024,745330,2024-06-02,0.0,1.0,0.0,50
573262,2024,747194,2024-06-03,0.0,3.0,0.0,51
573262,2024,747196,2024-06-04,2.0,1.0,2.0,52
573262,2024,747195,2024-06-05,1.6,6.0,0.26666666666666666,53
573262,2024,745008,2024-06-07,1.6,5.0,0.32,54
573262,2024,745001,2024-06-08,0.7,2.0,0.35,55
573262,2024,745003,2024-06-09,2.0,4.0,0.5,56
573262,2024,745334,2024-06-10,1.6,3.0,0.5333333333333333,57
573262,2024,745327,2024-06-11,0.0,3.0,0.0,58
573262,2024,745328,2024-06-12,2.3,4.0,0.575,59
573262,2024,745326,2024-06-14,1.25,1.0,1.25,60
573262,2024,745329,2024-06-15,0.0,4.0,0.0,61
573262,2024,745321,2024-06-16,0.7,1.0,0.7,62
573262,2024,746868,2024-06-17,3.2,5.0,0.64,63
573262,2024,746867,2024-06-18,0.7,3.0,0.2333333333333333,64
573262,2024,746864,2024-06-19,0.9,4.0,0.225,65
573262,2024,747102,2024-07-02,1.8,2.0,0.9,66
573262,2024,747103,2024-07-04,0.7,2.0,0.35,67
573262,2024,746620,2024-07-05,0.0,4.0,0.0,68
573262,2024,746615,2024-07-06,0.0,1.0,0.0,69
573262,2024,746616,2024-07-07,0.0,2.0,0.0,70
573262,2024,745316,2024-07-09,0.0,1.0,0.0,71
573262,2024,745318,2024-07-10,0.0,2.0,0.0,72
573262,2024,745313,2024-07-11,2.9,4.0,0.725,73
573262,2024,745312,2024-07-12,1.25,4.0,0.3125,74
573262,2024,745311,2024-07-13,1.8,4.0,0.45,75
573262,2024,745314,2024-07-14,4.8,4.0,1.2,76
573262,2024,746531,2024-07-19,1.6,3.0,0.5333333333333333,77
573262,2024,746527,2024-07-20,1.6,3.0,0.5333333333333333,78
573262,2024,746528,2024-07-21,0.9,3.0,0.3,79
573262,2024,746124,2024-07-22,0.0,4.0,0.0,80
573262,2024,746118,2024-07-23,0.0,3.0,0.0,81
573262,2024,746119,2024-07-24,3.2,5.0,0.64,82
573262,2024,746117,2024-07-25,0.9,4.0,0.225,83
573262,2024,745315,2024-07-26,3.4,5.0,0.6799999999999999,84
573262,2024,745307,2024-07-27,1.6,4.0,0.4,85
573262,2024,745310,2024-07-27,1.6,4.0,0.4,86
573262,2024,745305,2024-07-28,0.9,4.0,0.225,87
573262,2024,745309,2024-07-30,0.0,3.0,0.0,88
573262,2024,745306,2024-07-31,0.9,3.0,0.3,89
573262,2024,746681,2024-08-03,0.7,4.0,0.175,90
573262,2024,746680,2024-08-04,0.9,4.0,0.225,91
573262,2024,744821,2024-08-05,1.25,4.0,0.3125,92
573262,2024,744822,2024-08-07,3.6,4.0,0.9,93
573262,2024,744819,2024-08-08,2.15,5.0,0.43,94
573262,2024,745308,2024-08-09,0.0,4.0,0.0,95
573262,2024,745304,2024-08-10,1.8,4.0,0.45,96
573262,2024,745303,2024-08-11,0.0,2.0,0.0,97
573262,2024,745300,2024-08-12,0.9,4.0,0.225,98
573262,2024,745302,2024-08-13,0.9,4.0,0.225,99
573262,2024,745301,2024-08-14,0.0,4.0,0.0,100
573262,2024,745298,2024-08-15,1.6,4.0,0.4,101
573262,2024,745626,2024-08-17,0.7,2.0,0.35,102
573262,2024,745621,2024-08-18,0.7,4.0,0.175,103
573262,2024,745294,2024-08-19,0.0,4.0,0.0,104
573262,2024,745295,2024-08-20,2.15,4.0,0.5375,105
573262,2024,745297,2024-08-21,0.0,1.0,0.0,106
573262,2024,745217,2024-08-23,0.0,4.0,0.0,107
573262,2024,745218,2024-08-24,4.15,5.0,0.8300000000000001,108
573262,2024,745212,2024-08-25,0.9,4.0,0.225,109
573262,2024,745946,2024-08-27,2.0,4.0,0.5,110
573262,2024,745943,2024-08-28,0.0,4.0,0.0,111
573262,2024,745299,2024-08-30,3.0,4.0,0.75,112
573262,2024,745296,2024-08-31,0.0,4.0,0.0,113
573262,2024,745292,2024-09-01,2.7,5.0,0.54,114
573262,2024,745293,2024-09-03,3.6,5.0,0.72,115
573262,2024,745290,2024-09-04,0.7,3.0,0.2333333333333333,116
573262,2024,745289,2024-09-05,0.9,3.0,0.3,117
573262,2024,745371,2024-09-06,0.0,4.0,0.0,118
573262,2024,745372,2024-09-07,0.7,5.0,0.13999999999999999,119
573262,2024,745291,2024-09-10,2.7,4.0,0.675,120
573262,2024,745285,2024-09-11,3.25,4.0,0.8125,121
573262,2024,745288,2024-09-12,0.0,4.0,0.0,122
573262,2024,745286,2024-09-13,0.7,4.0,0.175,123
573262,2024,745287,2024-09-15,0.7,4.0,0.175,124
573262,2024,746987,2024-09-17,3.6,5.0,0.72,125
573262,2024,746988,2024-09-18,2.0,5.0,0.4,126
573262,2024,746985,2024-09-19,0.7,4.0,0.175,127
573262,2024,746256,2024-09-20,0.9,4.0,0.225,128
573262,2024,746255,2024-09-21,2.0,4.0,0.5,129
573262,2024,746253,2024-09-22,0.0,4.0,0.0,130
573262,2024,747149,2024-09-24,0.9,5.0,0.18,131
573262,2024,747144,2024-09-25,1.25,4.0,0.3125,132
573262,2024,745280,2024-09-27,2.15,5.0,0.43,133
573262,2024,745281,2024-09-28,0.0,3.0,0.0,134
573262,2024,745282,2024-09-29,0.0,2.0,0.0,135
641487,2024,745283,2024-03-28,0.0,4.0,0.0,1
641487,2024,745276,2024-03-29,2.7,4.0,0.675,2
641487,2024,745278,2024-03-30,1.8,5.0,0.36,3
641487,2024,745279,2024-03-31,0.7,4.0,0.175,4
641487,2024,745277,2024-04-01,0.0,4.0,0.0,5
641487,2024,745273,2024-04-02,0.0,5.0,0.0,6
641487,2024,745275,2024-04-03,1.6,3.0,0.5333333333333333,7
641487,2024,746007,2024-04-05,1.6,5.0,0.32,8
641487,2024,746006,2024-04-06,0.9,5.0,0.18,9
641487,2024,746003,2024-04-07,0.0,4.0,0.0,10
641487,2024,744956,2024-04-08,2.0,4.0,0.5,11
641487,2024,744957,2024-04-09,0.7,4.0,0.175,12
641487,2024,744950,2024-04-10,1.6,5.0,0.32,13
641487,2024,745274,2024-04-12,1.6,4.0,0.4,14
641487,2024,745272,2024-04-13,0.9,5.0,0.18,15
641487,2024,745271,2024-04-14,1.6,4.0,0.4,16
641487,2024,745268,2024-04-15,0.7,5.0,0.13999999999999999,17
641487,2024,745270,2024-04-16,1.8,5.0,0.36,18
641487,2024,746570,2024-04-20,1.8,5.0,0.36,19
641487,2024,746568,2024-04-21,2.3,5.0,0.45999999999999996,20
641487,2024,746572,2024-04-21,2.5,5.0,0.5,21
641487,2024,745026,2024-04-23,2.85,4.0,0.7125,22
641487,2024,745746,2024-05-20,0.0,2.0,0.0,23
641487,2024,745742,2024-05-21,0.9,5.0,0.18,24
641487,2024,745743,2024-05-22,2.3,4.0,0.575,25
641487,2024,745741,2024-05-23,0.9,4.0,0.225,26
641487,2024,744853,2024-05-24,2.9,4.0,0.725,27
641487,2024,744851,2024-05-25,0.0,3.0,0.0,28
641487,2024,744855,2024-05-26,1.95,5.0,0.39,29
641487,2024,745254,2024-05-27,2.15,4.0,0.5375,30
641487,2024,745258,2024-05-28,1.25,4.0,0.3125,31
641487,2024,745250,2024-05-29,0.0,5.0,0.0,32
641487,2024,745249,2024-05-30,1.4,4.0,0.35,33
641487,2024,745253,2024-05-31,2.5,4.0,0.625,34
641487,2024,745251,2024-06-01,2.7,5.0,0.54,35
641487,2024,745252,2024-06-02,0.0,4.0,0.0,36
641487,2024,745656,2024-06-04,1.25,5.0,0.25,37
641487,2024,745654,2024-06-05,1.25,4.0,0.3125,38
641487,2024,745657,2024-06-06,1.6,5.0,0.32,39
641487,2024,746302,2024-06-07,1.6,6.0,0.26666666666666666,40
641487,2024,746300,2024-06-08,2.9,3.0,0.9666666666666667,41
641487,2024,746297,2024-06-09,2.9,5.0,0.58,42
641487,2024,745248,2024-06-10,1.4,5.0,0.27999999999999997,43
641487,2024,745244,2024-06-11,0.0,4.0,0.0,44
641487,2024,745246,2024-06-12,0.0,4.0,0.0,45
641487,2024,745245,2024-06-13,0.7,4.0,0.175,46
641487,2024,745247,2024-06-14,1.6,4.0,0.4,47
641487,2024,745241,2024-06-15,0.7,5.0,0.13999999999999999,48
641487,2024,745242,2024-06-16,0.0,4.0,0.0,49
641487,2024,746627,2024-06-18,4.65,5.0,0.93,50
641487,2024,746625,2024-06-19,0.0,3.0,0.0,51
641487,2024,746626,2024-06-20,0.9,4.0,0.225,52
641487,2024,746052,2024-06-21,0.9,4.0,0.225,53
641487,2024,746048,2024-06-22,1.8,5.0,0.36,54
641487,2024,746051,2024-06-23,1.6,5.0,0.32,55
641487,2024,745078,2024-06-24,2.3,5.0,0.45999999999999996,56
641487,2024,745076,2024-06-25,1.95,4.0,0.4875,57
641487,2024,745073,2024-06-26,2.85,4.0,0.7125,58
641487,2024,745238,2024-06-28,0.7,5.0,0.13999999999999999,59
641487,2024,745239,2024-06-29,0.9,4.0,0.225,60
641487,2024,745243,2024-06-30,1.6,5.0,0.32,61
641487,2024,745240,2024-07-02,0.0,4.0,0.0,62
641487,2024,745234,2024-07-03,0.0,4.0,0.0,63
641487,2024,745236,2024-07-04,2.15,4.0,0.5375,64
641487,2024,745237,2024-07-05,2.3,5.0,0.45999999999999996,65
641487,2024,745235,2024-07-06,0.0,4.0,0.0,66
641487,2024,745233,2024-07-07,0.9,6.0,0.15,67
641487,2024,745393,2024-07-09,0.7,5.0,0.13999999999999999,68
641487,2024,745394,2024-07-10,0.7,4.0,0.175,69
641487,2024,746204,2024-07-11,4.15,4.0,1.0375,70
641487,2024,746207,2024-07-12,0.9,5.0,0.18,71
641487,2024,746202,2024-07-13,0.7,4.0,0.175,72
641487,2024,746201,2024-07-14,2.0,5.0,0.4,73
641487,2024,745228,2024-07-19,0.0,4.0,0.0,74
641487,2024,745229,2024-07-20,0.0,4.0,0.0,75
641487,2024,745230,2024-07-21,0.9,4.0,0.225,76
641487,2024,745232,2024-07-22,0.7,1.0,0.7,77
641487,2024,745211,2024-08-28,0.7,4.0,0.175,78
641487,2024,746184,2024-08-30,1.4,6.0,0.2333333333333333,79
641487,2024,746182,2024-08-31,2.0999999999999996,5.0,0.41999999999999993,80
641487,2024,746183,2024-09-01,0.0,1.0,0.0,81
641487,2024,745619,2024-09-02,0.7,5.0,0.13999999999999999,82
641487,2024,745615,2024-09-03,0.9,4.0,0.225,83
641487,2024,745614,2024-09-04,0.9,6.0,0.15,84
641487,2024,745131,2024-09-06,3.0,5.0,0.6,85
641487,2024,745125,2024-09-07,0.0,4.0,0.0,86
641487,2024,745128,2024-09-08,2.8499999999999996,5.0,0.57,87
641487,2024,745210,2024-09-10,0.9,4.0,0.225,88
641487,2024,745214,2024-09-11,1.25,3.0,0.4166666666666667,89
641487,2024,745208,2024-09-12,0.0,4.0,0.0,90
641487,2024,745207,2024-09-13,0.9,4.0,0.225,91
641487,2024,745209,2024-09-14,0.7,4.0,0.175,92
641487,2024,745206,2024-09-15,2.5,4.0,0.625,93
641487,2024,745205,2024-09-17,0.0,4.0,0.0,94
641487,2024,745199,2024-09-18,2.3,4.0,0.575,95
641487,2024,745204,2024-09-19,0.9,4.0,0.225,96
641487,2024,744960,2024-09-20,1.6,4.0,0.4,97
641487,2024,744958,2024-09-21,3.2,5.0,0.64,98
641487,2024,744955,2024-09-22,0.7,4.0,0.175,99
641487,2024,746334,2024-09-23,0.9,4.0,0.225,100
641487,2024,746336,2024-09-24,0.0,4.0,0.0,101
641487,2024,746331,2024-09-25,1.25,4.0,0.3125,102
641487,2024,745202,2024-09-27,0.0,3.0,0.0,103
641487,2024,745203,2024-09-28,0.0,5.0,0.0,104
641487,2024,745201,2024-09-29,1.8,3.0,0.6,105
657656,2024,745687,2024-03-28,0.7,5.0,0.13999999999999999,1
657656,2024,745684,2024-03-30,1.25,2.0,0.625,2
657656,2024,745683,2024-03-31,1.8,4.0,0.45,3
657656,2024,745277,2024-04-01,1.4,4.0,0.35,4
657656,2024,745928,2024-04-04,0.7,4.0,0.175,5
657656,2024,746654,2024-04-08,1.6,4.0,0.4,6
657656,2024,746653,2024-04-09,1.4,4.0,0.35,7
657656,2024,746655,2024-04-10,2.3,5.0,0.45999999999999996,8
657656,2024,746656,2024-04-13,1.25,2.0,0.625,9
657656,2024,746658,2024-04-13,0.0,4.0,0.0,10
657656,2024,746648,2024-04-14,0.0,3.0,0.0,11
657656,2024,746976,2024-04-16,0.7,3.0,0.2333333333333333,12
657656,2024,746970,2024-04-18,1.8,4.0,0.45,13
657656,2024,746651,2024-04-20,1.25,4.0,0.3125,14
657656,2024,746652,2024-04-21,0.7,4.0,0.175,15
657656,2024,746647,2024-04-23,0.0,1.0,0.0,16
657656,2024,747129,2024-04-26,0.0,4.0,0.0,17
657656,2024,747131,2024-04-27,0.0,1.0,0.0,18
657656,2024,747125,2024-04-28,0.0,1.0,0.0,19
657656,2024,746398,2024-04-30,0.0,1.0,0.0,20
657656,2024,746645,2024-05-03,0.0,1.0,0.0,21
657656,2024,746644,2024-05-04,2.7,4.0,0.675,22
657656,2024,746643,2024-05-05,0.0,3.0,0.0,23
657656,2024,746639,2024-05-06,0.0,1.0,0.0,24
657656,2024,746640,2024-05-08,0.0,1.0,0.0,25
657656,2024,746801,2024-05-10,0.9,3.0,0.3,26
657656,2024,746797,2024-05-11,0.0,3.0,0.0,27
657656,2024,746641,2024-05-17,0.0,3.0,0.0,28
657656,2024,747113,2024-06-15,0.9,4.0,0.225,29
657656,2024,747109,2024-06-16,0.9,3.0,0.3,30
657656,2024,747107,2024-06-18,0.0,1.0,0.0,31
657656,2024,747106,2024-06-19,2.9,4.0,0.725,32
657656,2024,745729,2024-06-21,3.75,5.0,0.75,33
657656,2024,745731,2024-06-22,0.0,3.0,0.0,34
657656,2024,745727,2024-06-23,0.9,3.0,0.3,35
657656,2024,745160,2024-06-24,0.9,4.0,0.225,36
657656,2024,745157,2024-06-26,0.0,5.0,0.0,37
657656,2024,745158,2024-06-26,1.25,3.0,0.4166666666666667,38
657656,2024,747094,2024-07-21,1.25,4.0,0.3125,39
657656,2024,747091,2024-07-24,0.0,1.0,0.0,40
657656,2024,745794,2024-07-25,0.9,4.0,0.225,41
657656,2024,745792,2024-07-26,0.0,1.0,0.0,42
657656,2024,745795,2024-07-28,2.0,4.0,0.5,43
657656,2024,745959,2024-07-29,0.7,2.0,0.35,44
657656,2024,745958,2024-07-30,0.9,4.0,0.225,45
657656,2024,745960,2024-07-31,0.9,1.0,0.9,46
657656,2024,747088,2024-08-04,0.0,1.0,0.0,47
657656,2024,747086,2024-08-06,0.0,1.0,0.0,48
657656,2024,747081,2024-08-08,1.8,5.0,0.36,49
657656,2024,746523,2024-08-09,2.0,4.0,0.5,50
657656,2024,746520,2024-08-10,0.9,1.0,0.9,51
657656,2024,745300,2024-08-12,0.0,2.0,0.0,52
657656,2024,745302,2024-08-13,2.9,5.0,0.58,53
657656,2024,745301,2024-08-14,2.5,5.0,0.5,54
657656,2024,745298,2024-08-15,0.7,3.0,0.2333333333333333,55
657656,2024,746189,2024-08-16,0.9,4.0,0.225,56
657656,2024,746190,2024-08-17,3.95,5.0,0.79,57
657656,2024,746186,2024-08-18,2.7,4.0,0.675,58
657656,2024,747083,2024-08-20,0.9,4.0,0.225,59
657656,2024,747084,2024-08-21,0.9,3.0,0.3,60
657656,2024,747082,2024-08-22,0.9,4.0,0.225,61
657656,2024,747080,2024-08-23,2.7,4.0,0.675,62
657656,2024,747077,2024-08-24,3.8,4.0,0.95,63
657656,2024,747078,2024-08-25,0.7,4.0,0.175,64
657656,2024,745865,2024-08-26,0.0,5.0,0.0,65
657656,2024,745864,2024-08-27,3.05,5.0,0.61,66
657656,2024,745866,2024-08-28,1.8,4.0,0.45,67
657656,2024,745531,2024-08-29,1.25,4.0,0.3125,68
657656,2024,745533,2024-08-30,0.0,4.0,0.0,69
657656,2024,745532,2024-08-31,0.9,3.0,0.3,70
657656,2024,745536,2024-09-01,0.7,1.0,0.7,71
657656,2024,747079,2024-09-03,1.6,4.0,0.4,72
657656,2024,747073,2024-09-05,0.9,3.0,0.3,73
657656,2024,747076,2024-09-07,0.9,4.0,0.225,74
657656,2024,747072,2024-09-08,0.0,1.0,0.0,75
657656,2024,744807,2024-09-10,3.05,5.0,0.61,76
657656,2024,744804,2024-09-11,2.15,4.0,0.5375,77
657656,2024,747069,2024-09-13,0.0,4.0,0.0,78
657656,2024,747067,2024-09-16,1.6,4.0,0.4,79
657656,2024,746659,2024-09-17,2.5,5.0,0.5,80
657656,2024,746662,2024-09-18,1.25,4.0,0.3125,81
657656,2024,746663,2024-09-19,2.9,5.0,0.58,82
657656,2024,746013,2024-09-20,3.8,4.0,0.95,83
657656,2024,746012,2024-09-21,2.15,5.0,0.43,84
657656,2024,746010,2024-09-22,0.0,4.0,0.0,85
657656,2024,747068,2024-09-24,0.9,4.0,0.225,86
657656,2024,747065,2024-09-27,1.25,4.0,0.3125,87
657656,2024,747066,2024-09-28,0.9,4.0,0.225,88
657656,2024,747061,2024-09-29,0.9,4.0,0.225,89
657656,2024,747064,2024-09-30,0.7,4.0,0.175,90
657656,2024,747139,2024-09-30,3.8,5.0,0.76,91
664040,2024,745116,2024-03-28,1.6,4.0,0.4,1
664040,2024,745117,2024-03-29,2.9,5.0,0.58,2
664040,2024,745115,2024-03-31,0.0,3.0,0.0,3
664040,2024,745109,2024-04-01,0.7,4.0,0.175,4
664040,2024,745114,2024-04-03,0.0,2.0,0.0,5
664040,2024,746576,2024-04-05,0.0,3.0,0.0,6
664040,2024,746575,2024-04-06,1.6,5.0,0.32,7
664040,2024,746574,2024-04-07,1.25,4.0,0.3125,8
664040,2024,745093,2024-05-20,0.0,3.0,0.0,9
664040,2024,745090,2024-05-21,0.0,4.0,0.0,10
664040,2024,745089,2024-05-22,0.7,5.0,0.13999999999999999,11
664040,2024,745087,2024-05-24,1.6,4.0,0.4,12
664040,2024,745086,2024-05-25,0.7,3.0,0.2333333333333333,13
664040,2024,745088,2024-05-26,1.6,1.0,1.6,14
664040,2024,745091,2024-05-28,0.7,4.0,0.175,15
664040,2024,745084,2024-05-29,2.85,3.0,0.9500000000000001,16
664040,2024,745081,2024-05-30,0.7,1.0,0.7,17
664040,2024,747032,2024-05-31,0.7,4.0,0.175,18
664040,2024,747029,2024-06-01,0.9,5.0,0.18,19
664040,2024,747030,2024-06-02,0.9,2.0,0.45,20
664040,2024,746060,2024-06-04,3.95,5.0,0.79,21
664040,2024,746056,2024-06-05,1.8,4.0,0.45,22
664040,2024,745082,2024-06-08,0.0,4.0,0.0,23
664040,2024,745085,2024-06-09,0.9,4.0,0.225,24
664040,2024,745080,2024-06-10,1.4,4.0,0.35,25
664040,2024,745077,2024-06-11,2.0,5.0,0.4,26
664040,2024,745079,2024-06-12,0.0,5.0,0.0,27
664040,2024,745075,2024-06-13,1.8,4.0,0.45,28
664040,2024,747113,2024-06-15,1.4,5.0,0.27999999999999997,29
664040,2024,747109,2024-06-16,3.6,4.0,0.9,30
664040,2024,745893,2024-06-18,2.9,4.0,0.725,31
664040,2024,745887,2024-06-19,0.0,3.0,0.0,32
664040,2024,745889,2024-06-20,1.25,5.0,0.25,33
664040,2024,745483,2024-06-21,0.9,5.0,0.18,34
664040,2024,745486,2024-06-22,0.7,2.0,0.35,35
664040,2024,745070,2024-06-28,0.0,1.0,0.0,36
664040,2024,745071,2024-06-29,2.7,4.0,0.675,37
664040,2024,746282,2024-07-02,2.7,5.0,0.54,38
664040,2024,746283,2024-07-03,0.0,3.0,0.0,39
664040,2024,746285,2024-07-04,4.8500000000000005,6.0,0.8083333333333335,40
664040,2024,744992,2024-07-05,1.95,5.0,0.39,41
664040,2024,744995,2024-07-06,0.0,2.0,0.0,42
664040,2024,744993,2024-07-07,0.9,4.0,0.225,43
664040,2024,745074,2024-07-09,0.0,1.0,0.0,44
664040,2024,745069,2024-07-10,2.5,5.0,0.5,45
664040,2024,745065,2024-07-11,2.7,4.0,0.675,46
664040,2024,745064,2024-07-12,1.6,4.0,0.4,47
664040,2024,745067,2024-07-13,0.9,4.0,0.225,48
664040,2024,745066,2024-07-14,2.0,4.0,0.5,49
664040,2024,745721,2024-07-19,2.0,4.0,0.5,50
664040,2024,745722,2024-07-21,0.0,4.0,0.0,51
664040,2024,745717,2024-07-22,0.7,4.0,0.175,52
664040,2024,744904,2024-07-23,2.0,4.0,0.5,53
664040,2024,744905,2024-07-24,0.7,4.0,0.175,54
664040,2024,744907,2024-07-25,6.8,6.0,1.1333333333333333,55
664040,2024,745068,2024-07-26,0.0,1.0,0.0,56
664040,2024,745059,2024-07-27,3.2,4.0,0.8,57
664040,2024,745063,2024-07-28,1.8,4.0,0.45,58
664040,2024,745060,2024-07-30,1.95,5.0,0.39,59
664040,2024,745061,2024-07-31,0.9,4.0,0.225,60
664040,2024,746354,2024-08-02,0.0,4.0,0.0,61
664040,2024,746358,2024-08-03,2.7,5.0,0.54,62
664040,2024,746356,2024-08-04,2.15,4.0,0.5375,63
664040,2024,745141,2024-08-06,2.0,4.0,0.5,64
664040,2024,745142,2024-08-07,0.0,5.0,0.0,65
664040,2024,745143,2024-08-08,3.25,5.0,0.65,66
664040,2024,745062,2024-08-09,0.7,4.0,0.175,67
664040,2024,745056,2024-08-10,0.0,5.0,0.0,68
664040,2024,745057,2024-08-11,1.95,4.0,0.4875,69
664040,2024,745055,2024-08-13,0.9,4.0,0.225,70
664040,2024,745053,2024-08-14,0.9,4.0,0.225,71
664040,2024,745054,2024-08-16,0.9,5.0,0.18,72
664040,2024,745049,2024-08-17,3.95,5.0,0.79,73
664040,2024,745051,2024-08-18,3.5999999999999996,5.0,0.72,74
664040,2024,745620,2024-08-19,0.0,4.0,0.0,75
664040,2024,745624,2024-08-20,0.0,4.0,0.0,76
664040,2024,745622,2024-08-21,0.0,4.0,0.0,77
664040,2024,745623,2024-08-22,0.7,4.0,0.175,78
664040,2024,746111,2024-08-23,1.25,4.0,0.3125,79
664040,2024,746108,2024-08-24,2.5,6.0,0.4166666666666667,80
664040,2024,746106,2024-08-25,0.9,4.0,0.225,81
664040,2024,745215,2024-08-26,0.0,4.0,0.0,82
664040,2024,745211,2024-08-28,1.6,4.0,0.4,83
664040,2024,745050,2024-08-31,3.05,5.0,0.61,84
664040,2024,745048,2024-09-01,0.9,4.0,0.225,85
664040,2024,745046,2024-09-02,0.9,5.0,0.18,86
664040,2024,745047,2024-09-03,0.0,4.0,0.0,87
664040,2024,745045,2024-09-04,0.9,3.0,0.3,88
664040,2024,745042,2024-09-05,0.7,4.0,0.175,89
664040,2024,745534,2024-09-09,2.0,1.0,2.0,90
664040,2024,745535,2024-09-10,0.0,1.0,0.0,91
664040,2024,745525,2024-09-11,2.3,4.0,0.575,92
664040,2024,746591,2024-09-12,2.0,5.0,0.4,93
664040,2024,746586,2024-09-13,0.9,4.0,0.225,94
664040,2024,746584,2024-09-14,0.0,4.0,0.0,95
664040,2024,746585,2024-09-15,1.8,4.0,0.45,96
664040,2024,745044,2024-09-17,2.0,5.0,0.4,97
664040,2024,745040,2024-09-18,0.9,4.0,0.225,98
664040,2024,745041,2024-09-19,0.9,4.0,0.225,99
664040,2024,745043,2024-09-20,0.0,4.0,0.0,100
664040,2024,745038,2024-09-21,0.9,4.0,0.225,101
664040,2024,745036,2024-09-22,2.0,4.0,0.5,102
664040,2024,746421,2024-09-24,2.0,4.0,0.5,103
664040,2024,746420,2024-09-25,0.0,4.0,0.0,104
664040,2024,746415,2024-09-26,1.8,4.0,0.45,105
664040,2024,746904,2024-09-27,0.0,4.0,0.0,106
664040,2024,746902,2024-09-28,3.6,5.0,0.72,107
669221,2024,745604,2024-03-29,0.9,3.0,0.3,1
669221,2024,747118,2024-05-27,0.9,4.0,0.225,2
669221,2024,747115,2024-05-28,0.9,3.0,0.3,3
669221,2024,747114,2024-05-30,0.0,4.0,0.0,4
669221,2024,747116,2024-05-31,0.7,3.0,0.2333333333333333,5
669221,2024,747110,2024-06-02,1.95,4.0,0.4875,6
669221,2024,746949,2024-06-04,1.6,4.0,0.4,7
669221,2024,744844,2024-06-06,0.0,4.0,0.0,8
669221,2024,744845,2024-06-07,0.0,4.0,0.0,9
669221,2024,744848,2024-06-08,2.0,3.0,0.6666666666666666,10
669221,2024,747027,2024-06-11,0.0,4.0,0.0,11
669221,2024,747028,2024-06-12,0.0,4.0,0.0,12
669221,2024,747112,2024-06-14,0.9,4.0,0.225,13
669221,2024,747113,2024-06-15,1.6,4.0,0.4,14
669221,2024,747108,2024-06-17,0.0,3.0,0.0,15
669221,2024,747106,2024-06-19,5.8,4.0,1.45,16
669221,2024,745729,2024-06-21,2.15,5.0,0.43,17
669221,2024,745727,2024-06-23,0.7,4.0,0.175,18
669221,2024,745160,2024-06-24,0.7,4.0,0.175,19
669221,2024,745157,2024-06-26,2.3,5.0,0.45999999999999996,20
669221,2024,745158,2024-06-26,0.9,1.0,0.9,21
669221,2024,746816,2024-06-27,1.6,4.0,0.4,22
669221,2024,747105,2024-06-28,0.9,4.0,0.225,23
669221,2024,747104,2024-06-29,0.0,1.0,0.0,24
669221,2024,747101,2024-06-30,2.15,4.0,0.5375,25
669221,2024,747102,2024-07-02,2.0,4.0,0.5,26
669221,2024,747103,2024-07-04,0.9,3.0,0.3,27
669221,2024,747099,2024-07-06,0.0,4.0,0.0,28
669221,2024,747181,2024-07-08,2.9,4.0,0.725,29
669221,2024,747180,2024-07-09,0.9,3.0,0.3,30
669221,2024,747179,2024-07-10,0.0,1.0,0.0,31
669221,2024,747178,2024-07-11,0.0,3.0,0.0,32
669221,2024,745392,2024-07-13,0.0,4.0,0.0,33
669221,2024,747096,2024-07-20,0.0,4.0,0.0,34
669221,2024,747095,2024-07-22,2.0999999999999996,4.0,0.5249999999999999,35
669221,2024,747091,2024-07-24,2.7,4.0,0.675,36
669221,2024,745793,2024-07-27,1.4,4.0,0.35,37
669221,2024,745959,2024-07-29,2.0,4.0,0.5,38
669221,2024,745958,2024-07-30,1.8,5.0,0.36,39
669221,2024,747092,2024-08-01,0.9,3.0,0.3,40
669221,2024,747089,2024-08-02,0.0,3.0,0.0,41
669221,2024,747088,2024-08-04,2.3,3.0,0.7666666666666666,42
669221,2024,747085,2024-08-07,0.0,4.0,0.0,43
669221,2024,746523,2024-08-09,2.85,4.0,0.7125,44
669221,2024,746520,2024-08-10,1.6,4.0,0.4,45
669221,2024,745300,2024-08-12,0.9,4.0,0.225,46
669221,2024,745301,2024-08-14,2.7,5.0,0.54,47
669221,2024,746189,2024-08-16,1.6,4.0,0.4,48
669221,2024,746190,2024-08-17,0.0,1.0,0.0,49
669221,2024,746186,2024-08-18,0.9,4.0,0.225,50
669221,2024,747083,2024-08-20,0.0,4.0,0.0,51
669221,2024,747084,2024-08-21,0.9,4.0,0.225,52
669221,2024,747082,2024-08-22,0.9,3.0,0.3,53
669221,2024,747080,2024-08-23,0.0,4.0,0.0,54
669221,2024,747078,2024-08-25,0.9,4.0,0.225,55
669221,2024,745866,2024-08-28,0.7,4.0,0.175,56
669221,2024,745533,2024-08-30,3.4,4.0,0.85,57
669221,2024,747079,2024-09-03,0.0,4.0,0.0,58
669221,2024,747073,2024-09-05,0.0,3.0,0.0,59
669221,2024,747072,2024-09-08,0.9,5.0,0.18,60
669221,2024,747090,2024-09-09,0.0,3.0,0.0,61
669221,2024,744807,2024-09-10,3.6,5.0,0.72,62
669221,2024,744804,2024-09-11,0.0,4.0,0.0,63
669221,2024,747070,2024-09-14,0.7,4.0,0.175,64
669221,2024,747067,2024-09-16,1.95,4.0,0.4875,65
669221,2024,746662,2024-09-18,0.7,4.0,0.175,66
669221,2024,746013,2024-09-20,0.9,4.0,0.225,67
669221,2024,746010,2024-09-22,0.7,4.0,0.175,68
669221,2024,747065,2024-09-27,2.0,3.0,0.6666666666666666,69
669221,2024,747061,2024-09-29,0.0,4.0,0.0,70
669221,2024,747064,2024-09-30,1.4,3.0,0.4666666666666666,71
663993,2024,747135,2024-04-20,0.7,4.0,0.175,1
663993,2024,747133,2024-04-21,1.8,4.0,0.45,2
663993,2024,745026,2024-04-23,2.15,4.0,0.5375,3
663993,2024,745028,2024-04-24,1.4,4.0,0.35,4
663993,2024,745027,2024-04-25,2.0,4.0,0.5,5
663993,2024,745025,2024-04-26,0.9,4.0,0.225,6
663993,2024,745020,2024-04-27,0.9,4.0,0.225,7
663993,2024,745022,2024-04-28,1.8,4.0,0.45,8
663993,2024,745018,2024-04-30,2.5,5.0,0.5,9
663993,2024,745023,2024-05-01,1.4,4.0,0.35,10
663993,2024,745021,2024-05-02,1.95,4.0,0.4875,11
663993,2024,746318,2024-05-03,0.0,4.0,0.0,12
663993,2024,746311,2024-05-04,3.95,6.0,0.6583333333333333,13
663993,2024,746314,2024-05-05,1.6,5.0,0.32,14
663993,2024,745669,2024-05-06,1.6,4.0,0.4,15
663993,2024,745668,2024-05-07,3.55,6.0,0.5916666666666667,16
663993,2024,745659,2024-05-08,3.2,6.0,0.5333333333333333,17
663993,2024,745664,2024-05-08,2.15,4.0,0.5375,18
663993,2024,746553,2024-05-10,0.0,4.0,0.0,19
663993,2024,746554,2024-05-11,2.3,4.0,0.575,20
663993,2024,746555,2024-05-12,0.7,4.0,0.175,21
663993,2024,745019,2024-05-13,1.6,4.0,0.4,22
663993,2024,745014,2024-05-14,2.0,5.0,0.4,23
663993,2024,745015,2024-05-15,0.7,4.0,0.175,24
663993,2024,745016,2024-05-17,0.0,4.0,0.0,25
663993,2024,745013,2024-05-18,0.7,6.0,0.11666666666666665,26
663993,2024,745012,2024-05-19,0.9,4.0,0.225,27
663993,2024,745578,2024-05-21,0.9,4.0,0.225,28
663993,2024,745576,2024-05-22,0.0,4.0,0.0,29
663993,2024,745573,2024-05-23,1.6,4.0,0.4,30
663993,2024,745905,2024-05-24,0.7,4.0,0.175,31
663993,2024,745901,2024-05-25,0.7,4.0,0.175,32
663993,2024,745902,2024-05-26,2.7,4.0,0.675,33
663993,2024,745017,2024-05-28,0.9,3.0,0.3,34
663993,2024,745011,2024-05-29,0.0,4.0,0.0,35
663993,2024,746059,2024-05-31,0.9,3.0,0.3,36
663993,2024,746062,2024-06-01,0.0,1.0,0.0,37
663993,2024,746061,2024-06-02,0.9,1.0,0.9,38
663993,2024,745009,2024-06-03,0.0,1.0,0.0,39
663993,2024,745010,2024-06-04,1.6,3.0,0.5333333333333333,40
663993,2024,745007,2024-06-05,2.5,5.0,0.5,41
663993,2024,745008,2024-06-07,0.9,4.0,0.225,42
663993,2024,745001,2024-06-08,0.7,4.0,0.175,43
663993,2024,745003,2024-06-09,1.95,4.0,0.4875,44
663993,2024,746139,2024-06-11,0.9,4.0,0.225,45
663993,2024,746137,2024-06-12,0.9,4.0,0.225,46
663993,2024,746136,2024-06-13,0.7,4.0,0.175,47
663993,2024,745247,2024-06-14,1.25,4.0,0.3125,48
663993,2024,745241,2024-06-15,0.9,4.0,0.225,49
663993,2024,745242,2024-06-16,1.25,3.0,0.4166666666666667,50
663993,2024,745005,2024-06-17,0.0,4.0,0.0,51
663993,2024,745004,2024-06-18,1.25,4.0,0.3125,52
663993,2024,745002,2024-06-19,0.7,4.0,0.175,53
663993,2024,745006,2024-06-21,3.05,4.0,0.7625,54
663993,2024,744997,2024-06-22,1.4,4.0,0.35,55
663993,2024,745000,2024-06-23,1.8,4.0,0.45,56
663993,2024,745974,2024-06-24,0.0,4.0,0.0,57
663993,2024,745973,2024-06-25,0.0,3.0,0.0,58
663993,2024,745975,2024-06-26,2.9,5.0,0.58,59
663993,2024,747020,2024-06-27,0.9,4.0,0.225,60
663993,2024,747017,2024-06-28,0.0,3.0,0.0,61
663993,2024,747018,2024-06-29,4.15,4.0,1.0375,62
663993,2024,747016,2024-06-30,1.8,5.0,0.36,63
663993,2024,744999,2024-07-02,4.0,4.0,1.0,64
663993,2024,744998,2024-07-03,1.8,4.0,0.45,65
663993,2024,744996,2024-07-04,0.7,4.0,0.175,66
663993,2024,744992,2024-07-05,0.9,4.0,0.225,67
663993,2024,744995,2024-07-06,0.9,4.0,0.225,68
663993,2024,744993,2024-07-07,1.6,5.0,0.32,69
663993,2024,746208,2024-07-08,2.7,4.0,0.675,70
663993,2024,746206,2024-07-09,0.7,4.0,0.175,71
663993,2024,746205,2024-07-10,0.7,4.0,0.175,72
663993,2024,746371,2024-07-12,0.0,4.0,0.0,73
663993,2024,746369,2024-07-13,0.9,5.0,0.18,74
663993,2024,746370,2024-07-14,1.4,4.0,0.35,75
663993,2024,744990,2024-07-19,2.0,4.0,0.5,76
663993,2024,744994,2024-07-20,0.9,4.0,0.225,77
663993,2024,744991,2024-07-21,1.6,3.0,0.5333333333333333,78
663993,2024,744988,2024-07-22,2.3,4.0,0.575,79
663993,2024,744985,2024-07-23,0.7,4.0,0.175,80
663993,2024,744989,2024-07-24,3.6,5.0,0.72,81
663993,2024,744984,2024-07-25,2.85,4.0,0.7125,82
663993,2024,744906,2024-07-26,1.4,4.0,0.35,83
663993,2024,744908,2024-07-27,0.7,4.0,0.175,84
663993,2024,744902,2024-07-28,1.8,4.0,0.45,85
663993,2024,745147,2024-07-29,3.6,5.0,0.72,86
663993,2024,745149,2024-07-30,1.6,4.0,0.4,87
663993,2024,745148,2024-07-31,0.7,4.0,0.175,88
663993,2024,744986,2024-08-02,0.9,4.0,0.225,89
663993,2024,744987,2024-08-03,0.0,4.0,0.0,90
663993,2024,744979,2024-08-04,0.0,4.0,0.0,91
663993,2024,744982,2024-08-05,0.7,4.0,0.175,92
663993,2024,744981,2024-08-07,2.5,4.0,0.625,93
663993,2024,745708,2024-08-10,3.4,5.0,0.6799999999999999,94
663993,2024,745712,2024-08-10,0.7,4.0,0.175,95
663993,2024,745711,2024-08-11,2.7,5.0,0.54,96
663993,2024,746921,2024-08-12,0.0,4.0,0.0,97
663993,2024,746924,2024-08-13,1.6,4.0,0.4,98
663993,2024,746919,2024-08-14,0.0,5.0,0.0,99
663993,2024,744980,2024-08-15,0.9,4.0,0.225,100
663993,2024,744974,2024-08-16,1.6,4.0,0.4,101
663993,2024,744977,2024-08-17,0.0,4.0,0.0,102
663993,2024,744975,2024-08-18,2.3,5.0,0.45999999999999996,103
663993,2024,744976,2024-08-19,0.0,3.0,0.0,104
663993,2024,744978,2024-08-20,0.0,3.0,0.0,105
663993,2024,744973,2024-08-21,0.0,4.0,0.0,106
663993,2024,746597,2024-08-23,2.7,4.0,0.675,107
663993,2024,746599,2024-08-24,0.7,4.0,0.175,108
663993,2024,746595,2024-08-25,0.0,4.0,0.0,109
663993,2024,746755,2024-08-27,0.9,4.0,0.225,110
663993,2024,746752,2024-08-28,1.6,4.0,0.4,111
663993,2024,746748,2024-08-29,2.15,4.0,0.5375,112
663993,2024,744969,2024-08-30,2.9,4.0,0.725,113
663993,2024,744971,2024-08-31,1.6,4.0,0.4,114
663993,2024,744970,2024-09-01,0.0,1.0,0.0,115
663993,2024,744972,2024-09-02,0.9,4.0,0.225,116
663993,2024,744968,2024-09-03,0.7,4.0,0.175,117
663993,2024,744964,2024-09-04,2.7,5.0,0.54,118
663993,2024,744966,2024-09-05,2.15,4.0,0.5375,119
663993,2024,744967,2024-09-06,2.0999999999999996,4.0,0.5249999999999999,120
663993,2024,744963,2024-09-07,1.6,4.0,0.4,121
663993,2024,744965,2024-09-08,3.6,4.0,0.9,122
663993,2024,747152,2024-09-10,0.7,4.0,0.175,123
663993,2024,747154,2024-09-11,2.3,4.0,0.575,124
663993,2024,745208,2024-09-12,2.9,4.0,0.725,125
663993,2024,745207,2024-09-13,2.7,4.0,0.675,126
663993,2024,745209,2024-09-14,0.9,4.0,0.225,127
663993,2024,745206,2024-09-15,0.0,3.0,0.0,128
663993,2024,744961,2024-09-17,1.6,6.0,0.26666666666666666,129
663993,2024,744959,2024-09-18,0.7,3.0,0.2333333333333333,130
663993,2024,744962,2024-09-19,0.7,3.0,0.2333333333333333,131
663993,2024,744960,2024-09-20,0.9,4.0,0.225,132
663993,2024,744958,2024-09-21,0.9,5.0,0.18,133
663993,2024,744955,2024-09-22,0.7,4.0,0.175,134
663993,2024,745605,2024-09-24,2.7,4.0,0.675,135
663993,2024,745607,2024-09-25,0.9,4.0,0.225,136
663993,2024,745609,2024-09-26,0.9,4.0,0.225,137
663993,2024,746173,2024-09-27,0.0,4.0,0.0,138
663993,2024,746171,2024-09-28,4.85,5.0,0.97,139
663993,2024,746174,2024-09-29,3.25,3.0,1.0833333333333333,140
666139,2024,745098,2024-05-06,2.15,5.0,0.43,1
666139,2024,745095,2024-05-07,0.9,4.0,0.225,2
666139,2024,745097,2024-05-08,0.0,1.0,0.0,3
666139,2024,745094,2024-05-10,1.6,4.0,0.4,4
666139,2024,745092,2024-05-12,1.95,5.0,0.39,5
666139,2024,746961,2024-05-13,1.25,4.0,0.3125,6
666139,2024,746962,2024-05-14,3.25,4.0,0.8125,7
666139,2024,746960,2024-05-15,0.9,5.0,0.18,8
666139,2024,746959,2024-05-16,2.7,5.0,0.54,9
666139,2024,744934,2024-05-17,0.0,4.0,0.0,10
666139,2024,744937,2024-05-19,0.0,4.0,0.0,11
666139,2024,745093,2024-05-20,0.9,3.0,0.3,12
666139,2024,745090,2024-05-21,0.9,4.0,0.225,13
666139,2024,745089,2024-05-22,0.0,1.0,0.0,14
666139,2024,746056,2024-06-05,1.25,4.0,0.3125,15
666139,2024,745083,2024-06-07,0.0,1.0,0.0,16
666139,2024,745082,2024-06-08,0.0,3.0,0.0,17
666139,2024,745085,2024-06-09,0.7,4.0,0.175,18
666139,2024,745077,2024-06-11,0.7,4.0,0.175,19
666139,2024,745079,2024-06-12,0.0,3.0,0.0,20
666139,2024,745075,2024-06-13,0.9,1.0,0.9,21
666139,2024,747113,2024-06-15,0.0,4.0,0.0,22
666139,2024,747109,2024-06-16,0.7,4.0,0.175,23
666139,2024,745893,2024-06-18,2.9,4.0,0.725,24
666139,2024,745887,2024-06-19,0.0,3.0,0.0,25
666139,2024,745889,2024-06-20,1.25,3.0,0.4166666666666667,26
666139,2024,745483,2024-06-21,4.9,5.0,0.9800000000000001,27
666139,2024,745486,2024-06-22,1.4,4.0,0.35,28
666139,2024,745485,2024-06-23,3.05,4.0,0.7625,29
666139,2024,745078,2024-06-24,0.9,5.0,0.18,30
666139,2024,745076,2024-06-25,1.6,5.0,0.32,31
666139,2024,745073,2024-06-26,0.7,4.0,0.175,32
666139,2024,745071,2024-06-29,0.0,4.0,0.0,33
666139,2024,746282,2024-07-02,0.9,5.0,0.18,34
666139,2024,746283,2024-07-03,0.7,4.0,0.175,35
666139,2024,746285,2024-07-04,1.95,3.0,0.65,36
666139,2024,744992,2024-07-05,0.9,4.0,0.225,37
666139,2024,744995,2024-07-06,0.0,1.0,0.0,38
666139,2024,744993,2024-07-07,0.0,4.0,0.0,39
666139,2024,745069,2024-07-10,0.0,5.0,0.0,40
666139,2024,745065,2024-07-11,0.0,1.0,0.0,41
666139,2024,745064,2024-07-12,2.15,4.0,0.5375,42
666139,2024,745067,2024-07-13,1.6,4.0,0.4,43
666139,2024,745066,2024-07-14,0.0,4.0,0.0,44
666139,2024,745721,2024-07-19,0.9,4.0,0.225,45
666139,2024,745722,2024-07-21,1.8,2.0,0.9,46
666139,2024,744904,2024-07-23,0.9,4.0,0.225,47
666139,2024,744905,2024-07-24,0.9,2.0,0.45,48
666139,2024,744907,2024-07-25,0.9,6.0,0.15,49
666139,2024,745068,2024-07-26,0.0,1.0,0.0,50
666139,2024,745063,2024-07-28,0.0,4.0,0.0,51
666139,2024,745060,2024-07-30,2.15,5.0,0.43,52
666139,2024,745061,2024-07-31,2.85,4.0,0.7125,53
666139,2024,746354,2024-08-02,0.7,2.0,0.35,54
666139,2024,746358,2024-08-03,6.15,5.0,1.23,55
666139,2024,746356,2024-08-04,0.0,4.0,0.0,56
666139,2024,745141,2024-08-06,0.7,4.0,0.175,57
666139,2024,745142,2024-08-07,2.15,3.0,0.7166666666666667,58
666139,2024,745143,2024-08-08,0.0,1.0,0.0,59
666139,2024,745062,2024-08-09,0.0,1.0,0.0,60
666139,2024,745056,2024-08-10,0.9,3.0,0.3,61
666139,2024,745057,2024-08-11,1.25,3.0,0.4166666666666667,62
666139,2024,745055,2024-08-13,0.9,4.0,0.225,63
666139,2024,745053,2024-08-14,0.7,4.0,0.175,64
666139,2024,745054,2024-08-16,2.15,4.0,0.5375,65
666139,2024,745049,2024-08-17,1.6,4.0,0.4,66
666139,2024,745051,2024-08-18,0.9,4.0,0.225,67
666139,2024,745620,2024-08-19,0.9,4.0,0.225,68
666139,2024,745624,2024-08-20,0.0,3.0,0.0,69
666139,2024,745622,2024-08-21,0.7,4.0,0.175,70
666139,2024,745623,2024-08-22,0.7,4.0,0.175,71
666139,2024,746111,2024-08-23,0.9,4.0,0.225,72
666139,2024,746108,2024-08-24,0.9,5.0,0.18,73
666139,2024,746106,2024-08-25,0.0,3.0,0.0,74
666139,2024,745215,2024-08-26,2.9,3.0,0.9666666666666667,75
666139,2024,745213,2024-08-27,1.8,4.0,0.45,76
666139,2024,745211,2024-08-28,2.0,4.0,0.5,77
666139,2024,745052,2024-08-30,2.5,5.0,0.5,78
666139,2024,745050,2024-08-31,2.85,4.0,0.7125,79
666139,2024,745048,2024-09-01,0.0,3.0,0.0,80
666139,2024,745046,2024-09-02,1.8,4.0,0.45,81
666139,2024,745047,2024-09-03,1.6,4.0,0.4,82
666139,2024,745045,2024-09-04,1.25,4.0,0.3125,83
666139,2024,745042,2024-09-05,0.0,4.0,0.0,84
666139,2024,746993,2024-09-06,1.8,4.0,0.45,85
666139,2024,746986,2024-09-07,0.7,4.0,0.175,86
666139,2024,746989,2024-09-08,0.0,4.0,0.0,87
666139,2024,745534,2024-09-09,0.9,1.0,0.9,88
666139,2024,745535,2024-09-10,1.8,5.0,0.36,89
666139,2024,745525,2024-09-11,0.0,3.0,0.0,90
666139,2024,746591,2024-09-12,1.6,4.0,0.4,91
666139,2024,746586,2024-09-13,0.0,4.0,0.0,92
666139,2024,746584,2024-09-14,1.6,4.0,0.4,93
666139,2024,746585,2024-09-15,0.0,3.0,0.0,94
666139,2024,745044,2024-09-17,2.9,4.0,0.725,95
666139,2024,745040,2024-09-18,2.15,4.0,0.5375,96
666139,2024,745041,2024-09-19,0.7,4.0,0.175,97
666139,2024,745043,2024-09-20,0.9,3.0,0.3,98
666139,2024,745038,2024-09-21,1.4,3.0,0.4666666666666666,99
666139,2024,745036,2024-09-22,0.0,2.0,0.0,100
666139,2024,746421,2024-09-24,0.0,1.0,0.0,101
666139,2024,746420,2024-09-25,0.9,4.0,0.225,102
666139,2024,746415,2024-09-26,0.0,4.0,0.0,103
666139,2024,746904,2024-09-27,2.15,4.0,0.5375,104
666139,2024,746902,2024-09-28,1.6,5.0,0.32,105
666139,2024,746901,2024-09-29,0.9,4.0,0.225,106
666176,2024,747060,2024-03-28,0.0,1.0,0.0,1
666176,2024,747063,2024-03-30,1.6,1.0,1.6,2
666176,2024,747062,2024-03-31,0.0,3.0,0.0,3
666176,2024,746085,2024-04-01,0.9,2.0,0.45,4
666176,2024,746083,2024-04-03,0.7,4.0,0.175,5
666176,2024,746251,2024-04-07,0.0,1.0,0.0,6
666176,2024,746250,2024-04-09,0.0,1.0,0.0,7
666176,2024,746247,2024-04-10,2.9,4.0,0.725,8
666176,2024,746979,2024-04-13,0.0,1.0,0.0,9
666176,2024,746975,2024-04-14,0.0,3.0,0.0,10
666176,2024,745106,2024-04-15,0.9,2.0,0.45,11
666176,2024,745108,2024-04-16,0.9,5.0,0.18,12
666176,2024,746729,2024-04-19,1.8,3.0,0.6,13
666176,2024,746242,2024-04-22,2.7,4.0,0.675,14
666176,2024,746246,2024-04-23,2.8499999999999996,4.0,0.7124999999999999,15
666176,2024,746244,2024-04-24,1.6,4.0,0.4,16
666176,2024,746243,2024-04-26,0.7,4.0,0.175,17
666176,2024,746245,2024-04-27,3.8,4.0,0.95,18
666176,2024,746237,2024-04-28,1.25,4.0,0.3125,19
666176,2024,746236,2024-04-29,2.0,4.0,0.5,20
666176,2024,746239,2024-04-30,1.25,4.0,0.3125,21
666176,2024,746238,2024-05-01,0.0,5.0,0.0,22
666176,2024,746645,2024-05-03,0.0,4.0,0.0,23
666176,2024,746644,2024-05-04,0.7,3.0,0.2333333333333333,24
666176,2024,746643,2024-05-05,0.7,3.0,0.2333333333333333,25
666176,2024,745509,2024-05-06,0.0,3.0,0.0,26
666176,2024,745508,2024-05-07,0.9,5.0,0.18,27
666176,2024,745507,2024-05-08,2.9,4.0,0.725,28
666176,2024,746241,2024-05-09,2.3,4.0,0.575,29
666176,2024,746240,2024-05-10,2.0,3.0,0.6666666666666666,30
666176,2024,746232,2024-05-11,2.0,4.0,0.5,31
666176,2024,746234,2024-05-12,0.0,3.0,0.0,32
666176,2024,746233,2024-05-13,0.9,4.0,0.225,33
666176,2024,746235,2024-05-14,0.7,4.0,0.175,34
666176,2024,745016,2024-05-17,1.95,5.0,0.39,35
666176,2024,745013,2024-05-18,3.4000000000000004,5.0,0.68,36
666176,2024,745012,2024-05-19,1.6,4.0,0.4,37
666176,2024,746390,2024-05-20,2.0,4.0,0.5,38
666176,2024,746385,2024-05-21,0.0,5.0,0.0,39
666176,2024,746386,2024-05-22,0.0,4.0,0.0,40
666176,2024,746227,2024-05-24,2.0,4.0,0.5,41
666176,2024,746226,2024-05-25,0.9,4.0,0.225,42
666176,2024,746230,2024-05-26,0.0,4.0,0.0,43
666176,2024,746229,2024-05-28,0.0,3.0,0.0,44
666176,2024,746228,2024-05-29,0.0,3.0,0.0,45
666176,2024,746225,2024-05-30,0.9,4.0,0.225,46
666176,2024,745253,2024-05-31,2.0,1.0,2.0,47
666176,2024,745251,2024-06-01,0.0,3.0,0.0,48
666176,2024,745252,2024-06-02,0.0,4.0,0.0,49
666176,2024,746224,2024-06-03,2.15,3.0,0.7166666666666667,50
666176,2024,746222,2024-06-04,0.7,3.0,0.2333333333333333,51
666176,2024,746221,2024-06-05,0.0,3.0,0.0,52
666176,2024,746220,2024-06-07,0.0,3.0,0.0,53
666176,2024,746223,2024-06-08,0.7,4.0,0.175,54
666176,2024,746216,2024-06-09,0.0,1.0,0.0,55
666176,2024,747190,2024-06-11,1.8,4.0,0.45,56
666176,2024,747193,2024-06-12,2.7,5.0,0.54,57
666176,2024,747192,2024-06-13,0.7,4.0,0.175,58
666176,2024,745326,2024-06-14,0.9,4.0,0.225,59
666176,2024,745329,2024-06-15,0.0,4.0,0.0,60
666176,2024,745321,2024-06-16,0.9,4.0,0.225,61
666176,2024,746215,2024-06-17,0.7,3.0,0.2333333333333333,62
666176,2024,746217,2024-06-18,0.0,4.0,0.0,63
666176,2024,746219,2024-06-19,0.0,1.0,0.0,64
666176,2024,746131,2024-06-21,0.9,4.0,0.225,65
666176,2024,746132,2024-06-22,0.0,3.0,0.0,66
666176,2024,746218,2024-06-24,0.0,4.0,0.0,67
666176,2024,746213,2024-06-25,1.25,3.0,0.4166666666666667,68
666176,2024,746210,2024-06-27,0.0,3.0,0.0,69
666176,2024,746214,2024-06-28,1.25,3.0,0.4166666666666667,70
666176,2024,746211,2024-06-29,0.7,4.0,0.175,71
666176,2024,746209,2024-06-30,2.9,4.0,0.725,72
666176,2024,745647,2024-07-02,0.9,4.0,0.225,73
666176,2024,745643,2024-07-03,0.9,3.0,0.3,74
666176,2024,745641,2024-07-04,0.7,4.0,0.175,75
666176,2024,746859,2024-07-05,0.0,3.0,0.0,76
666176,2024,746856,2024-07-06,2.7,5.0,0.54,77
666176,2024,746855,2024-07-07,0.0,3.0,0.0,78
666176,2024,746208,2024-07-08,0.9,4.0,0.225,79
666176,2024,746206,2024-07-09,0.0,4.0,0.0,80
666176,2024,746204,2024-07-11,0.0,1.0,0.0,81
666176,2024,746207,2024-07-12,2.3,4.0,0.575,82
666176,2024,746202,2024-07-13,2.15,3.0,0.7166666666666667,83
666176,2024,746201,2024-07-14,2.0,3.0,0.6666666666666666,84
666176,2024,745640,2024-07-19,1.6,4.0,0.4,85
666176,2024,745638,2024-07-20,2.5,4.0,0.625,86
666176,2024,745633,2024-07-21,1.6,5.0,0.32,87
666176,2024,745232,2024-07-22,1.6,4.0,0.4,88
666176,2024,745227,2024-07-23,0.0,3.0,0.0,89
666176,2024,745231,2024-07-24,0.0,4.0,0.0,90
666176,2024,746200,2024-07-26,0.7,4.0,0.175,91
666176,2024,746203,2024-07-27,1.25,3.0,0.4166666666666667,92
666176,2024,746195,2024-07-28,0.7,4.0,0.175,93
666176,2024,746197,2024-07-30,3.4,5.0,0.6799999999999999,94
666176,2024,746198,2024-07-31,0.7,3.0,0.2333333333333333,95
666176,2024,746196,2024-08-01,0.9,4.0,0.225,96
666176,2024,746193,2024-08-02,0.9,3.0,0.3,97
666176,2024,746194,2024-08-03,0.9,4.0,0.225,98
666176,2024,746191,2024-08-04,1.25,3.0,0.4166666666666667,99
666176,2024,745709,2024-08-07,1.6,4.0,0.4,100
666176,2024,745713,2024-08-07,1.6,4.0,0.4,101
666176,2024,745710,2024-08-08,2.15,5.0,0.43,102
666176,2024,744818,2024-08-09,2.0,4.0,0.5,103
666176,2024,744820,2024-08-10,2.5,5.0,0.5,104
666176,2024,744816,2024-08-11,1.6,5.0,0.32,105
666176,2024,746192,2024-08-12,2.0,3.0,0.6666666666666666,106
666176,2024,746187,2024-08-13,0.0,3.0,0.0,107
666176,2024,746189,2024-08-16,0.0,3.0,0.0,108
666176,2024,746190,2024-08-17,0.9,4.0,0.225,109
666176,2024,746186,2024-08-18,0.9,3.0,0.3,110
666176,2024,746270,2024-08-19,1.25,3.0,0.4166666666666667,111
666176,2024,746266,2024-08-20,2.15,5.0,0.43,112
666176,2024,746267,2024-08-21,0.9,4.0,0.225,113
666176,2024,744894,2024-08-22,3.05,4.0,0.7625,114
666176,2024,744889,2024-08-23,1.25,3.0,0.4166666666666667,115
666176,2024,744890,2024-08-24,0.7,3.0,0.2333333333333333,116
666176,2024,744892,2024-08-25,0.0,3.0,0.0,117
666176,2024,746429,2024-08-27,1.6,4.0,0.4,118
666176,2024,746430,2024-08-28,1.4,3.0,0.4666666666666666,119
666176,2024,746432,2024-08-29,0.0,4.0,0.0,120
666176,2024,746184,2024-08-30,0.9,4.0,0.225,121
666176,2024,746182,2024-08-31,4.0,3.0,1.3333333333333333,122
666176,2024,746183,2024-09-01,0.7,3.0,0.2333333333333333,123
666176,2024,746185,2024-09-03,0.0,4.0,0.0,124
666176,2024,746178,2024-09-04,0.9,4.0,0.225,125
666176,2024,744966,2024-09-05,0.7,4.0,0.175,126
666176,2024,744967,2024-09-06,0.0,1.0,0.0,127
669394,2024,746089,2024-03-28,2.7,5.0,0.54,1
669394,2024,746091,2024-03-29,1.8,4.0,0.45,2
669394,2024,746087,2024-03-30,1.95,4.0,0.4875,3
669394,2024,746090,2024-03-31,0.9,5.0,0.18,4
669394,2024,746085,2024-04-01,0.9,5.0,0.18,5
669394,2024,746086,2024-04-02,0.0,4.0,0.0,6
669394,2024,746083,2024-04-03,0.9,4.0,0.225,7
669394,2024,745200,2024-04-04,5.4,4.0,1.35,8
669394,2024,745197,2024-04-06,0.0,4.0,0.0,9
669394,2024,745198,2024-04-07,1.25,5.0,0.25,10
669394,2024,745761,2024-04-08,0.0,3.0,0.0,11
669394,2024,745762,2024-04-09,0.0,4.0,0.0,12
669394,2024,745763,2024-04-10,2.0,4.0,0.5,13
669394,2024,746084,2024-04-12,0.0,4.0,0.0,14
669394,2024,746082,2024-04-13,1.4,4.0,0.35,15
669394,2024,746079,2024-04-14,0.0,1.0,0.0,16
669394,2024,746149,2024-05-06,0.0,4.0,0.0,17
669394,2024,746147,2024-05-07,0.0,4.0,0.0,18
669394,2024,746151,2024-05-08,0.9,4.0,0.225,19
669394,2024,746071,2024-05-10,0.0,4.0,0.0,20
669394,2024,746069,2024-05-11,0.9,4.0,0.225,21
669394,2024,746068,2024-05-12,0.0,5.0,0.0,22
669394,2024,746471,2024-05-13,0.0,4.0,0.0,23
669394,2024,746473,2024-05-14,0.0,1.0,0.0,24
669394,2024,746472,2024-05-15,0.9,4.0,0.225,25
669394,2024,746065,2024-05-17,2.15,5.0,0.43,26
669394,2024,746067,2024-05-18,0.0,5.0,0.0,27
669394,2024,746064,2024-05-19,0.0,4.0,0.0,28
669394,2024,746066,2024-05-20,0.7,4.0,0.175,29
669394,2024,746058,2024-05-21,0.9,4.0,0.225,30
669394,2024,746063,2024-05-22,0.0,3.0,0.0,31
669394,2024,747200,2024-05-24,2.9,4.0,0.725,32
669394,2024,747199,2024-05-25,3.05,4.0,0.7625,33
669394,2024,747197,2024-05-26,1.6,5.0,0.32,34
669394,2024,745416,2024-05-27,0.0,4.0,0.0,35
669394,2024,745412,2024-05-28,1.8,4.0,0.45,36
669394,2024,745414,2024-05-29,1.8,5.0,0.36,37
669394,2024,746059,2024-05-31,2.7,5.0,0.54,38
669394,2024,746062,2024-06-01,1.6,4.0,0.4,39
669394,2024,746061,2024-06-02,0.9,4.0,0.225,40
669394,2024,746060,2024-06-04,1.8,5.0,0.36,41
669394,2024,746053,2024-06-07,1.25,4.0,0.3125,42
669394,2024,746057,2024-06-08,0.0,4.0,0.0,43
669394,2024,746054,2024-06-09,2.0,4.0,0.5,44
669394,2024,745815,2024-06-11,0.9,4.0,0.225,45
669394,2024,745811,2024-06-12,1.6,4.0,0.4,46
669394,2024,745809,2024-06-13,2.7,4.0,0.675,47
669394,2024,744847,2024-06-14,1.95,4.0,0.4875,48
669394,2024,744846,2024-06-15,2.5,4.0,0.625,49
669394,2024,744839,2024-06-16,0.0,4.0,0.0,50
669394,2024,746055,2024-06-17,0.0,5.0,0.0,51
669394,2024,746049,2024-06-18,0.9,5.0,0.18,52
669394,2024,746050,2024-06-19,0.7,4.0,0.175,53
669394,2024,746052,2024-06-21,0.0,4.0,0.0,54
669394,2024,746051,2024-06-23,0.9,4.0,0.225,55
669394,2024,746298,2024-06-24,0.9,4.0,0.225,56
669394,2024,746293,2024-06-25,1.95,4.0,0.4875,57
669394,2024,746291,2024-06-26,0.0,4.0,0.0,58
669394,2024,745565,2024-06-27,3.8,5.0,0.76,59
669394,2024,745560,2024-06-28,0.9,3.0,0.3,60
669394,2024,745559,2024-06-29,0.0,4.0,0.0,61
669394,2024,745555,2024-06-30,2.15,5.0,0.43,62
669394,2024,746047,2024-07-02,2.9,4.0,0.725,63
669394,2024,746045,2024-07-03,0.9,4.0,0.225,64
669394,2024,746043,2024-07-04,0.0,5.0,0.0,65
669394,2024,746046,2024-07-05,1.6,4.0,0.4,66
669394,2024,746044,2024-07-06,1.6,4.0,0.4,67
669394,2024,746039,2024-07-07,2.0,5.0,0.4,68
669394,2024,746368,2024-07-09,1.6,4.0,0.4,69
669394,2024,746366,2024-07-10,0.0,4.0,0.0,70
669394,2024,746367,2024-07-11,0.9,4.0,0.225,71
669394,2024,746687,2024-07-13,4.7,5.0,0.9400000000000001,72
669394,2024,746686,2024-07-14,1.25,4.0,0.3125,73
669394,2024,746040,2024-07-19,3.25,4.0,0.8125,74
669394,2024,746041,2024-07-20,1.6,4.0,0.4,75
669394,2024,746042,2024-07-21,2.7,4.0,0.675,76
669394,2024,746034,2024-07-22,1.25,5.0,0.25,77
669394,2024,746036,2024-07-23,0.9,4.0,0.225,78
669394,2024,746035,2024-07-24,0.0,4.0,0.0,79
669394,2024,746037,2024-07-25,0.7,1.0,0.7,80
669394,2024,745964,2024-07-26,2.9,5.0,0.58,81
669394,2024,745966,2024-07-27,2.8499999999999996,5.0,0.57,82
669394,2024,745961,2024-07-28,1.4,4.0,0.35,83
669394,2024,745060,2024-07-30,2.9,5.0,0.58,84
669394,2024,745061,2024-07-31,2.0,4.0,0.5,85
669394,2024,747092,2024-08-01,2.5,4.0,0.625,86
669394,2024,747089,2024-08-02,2.0,4.0,0.5,87
669394,2024,747087,2024-08-03,2.9,5.0,0.58,88
669394,2024,747088,2024-08-04,0.7,5.0,0.13999999999999999,89
669394,2024,746038,2024-08-05,0.9,5.0,0.18,90
669394,2024,746033,2024-08-06,0.0,4.0,0.0,91
669394,2024,746031,2024-08-07,4.0,4.0,1.0,92
669394,2024,746030,2024-08-08,1.95,5.0,0.39,93
669394,2024,746032,2024-08-09,2.9,4.0,0.725,94
669394,2024,746026,2024-08-10,4.3,6.0,0.7166666666666667,95
669394,2024,746025,2024-08-11,3.8,4.0,0.95,96
669394,2024,745548,2024-08-13,2.7,5.0,0.54,97
669394,2024,745544,2024-08-14,2.5,5.0,0.5,98
669394,2024,745784,2024-08-16,2.0,4.0,0.5,99
669394,2024,745785,2024-08-17,1.95,4.0,0.4875,100
669394,2024,745786,2024-08-18,0.0,4.0,0.0,101
669394,2024,746027,2024-08-19,0.0,5.0,0.0,102
669394,2024,746029,2024-08-20,1.25,4.0,0.3125,103
669394,2024,746028,2024-08-21,2.7,4.0,0.675,104
669394,2024,746024,2024-08-23,0.9,5.0,0.18,105
669394,2024,746022,2024-08-24,0.7,4.0,0.175,106
669394,2024,746023,2024-08-25,1.25,4.0,0.3125,107
669394,2024,746513,2024-08-26,2.3,4.0,0.575,108
669394,2024,746510,2024-08-27,1.95,5.0,0.39,109
669394,2024,746512,2024-08-28,0.9,4.0,0.225,110
669394,2024,746514,2024-08-29,2.5,6.0,0.4166666666666667,111
669394,2024,745299,2024-08-30,1.25,4.0,0.3125,112
669394,2024,745296,2024-08-31,0.0,4.0,0.0,113
669394,2024,746020,2024-09-03,0.9,4.0,0.225,114
669394,2024,746019,2024-09-04,0.9,4.0,0.225,115
669394,2024,746021,2024-09-05,1.25,4.0,0.3125,116
669394,2024,746016,2024-09-06,0.7,3.0,0.2333333333333333,117
669394,2024,746017,2024-09-08,0.0,4.0,0.0,118
669394,2024,745454,2024-09-09,0.0,4.0,0.0,119
669394,2024,745446,2024-09-10,0.9,5.0,0.18,120
669394,2024,745450,2024-09-11,0.9,4.0,0.225,121
669394,2024,744805,2024-09-12,2.7,4.0,0.675,122
669394,2024,744800,2024-09-13,0.9,4.0,0.225,123
669394,2024,744803,2024-09-14,0.0,4.0,0.0,124
669394,2024,744801,2024-09-15,0.9,4.0,0.225,125
669394,2024,746015,2024-09-17,2.0,5.0,0.4,126
669394,2024,746014,2024-09-18,0.7,4.0,0.175,127
669394,2024,746011,2024-09-19,2.0,3.0,0.6666666666666666,128
669394,2024,746013,2024-09-20,2.15,3.0,0.7166666666666667,129
669394,2024,746012,2024-09-21,0.9,4.0,0.225,130
669394,2024,746010,2024-09-22,2.9,4.0,0.725,131
669394,2024,745851,2024-09-24,0.0,5.0,0.0,132
669394,2024,745854,2024-09-25,3.25,5.0,0.65,133
669394,2024,745853,2024-09-26,2.15,5.0,0.43,134
669394,2024,744879,2024-09-27,3.05,6.0,0.5083333333333333,135
669394,2024,744878,2024-09-28,0.9,5.0,0.18,136
669394,2024,744880,2024-09-29,0.9,4.0,0.225,137
672279,2024,746168,2024-03-30,0.0,1.0,0.0,1
672279,2024,745439,2024-04-02,0.8999999999999999,3.0,0.3,2
672279,2024,745200,2024-04-04,0.7,4.0,0.175,3
672279,2024,745198,2024-04-07,1.6,1.0,1.6,4
672279,2024,747217,2024-04-12,0.0,1.0,0.0,5
672279,2024,747216,2024-04-14,0.0,2.0,0.0,6
672279,2024,745674,2024-04-16,0.2,3.0,0.06666666666666667,7
672279,2024,745671,2024-04-17,0.0,2.0,0.0,8
672279,2024,745190,2024-04-20,2.5,4.0,0.625,9
672279,2024,745192,2024-04-21,1.6,3.0,0.5333333333333333,10
672279,2024,745191,2024-04-22,1.4,3.0,0.4666666666666666,11
672279,2024,745193,2024-04-23,0.0,3.0,0.0,12
672279,2024,745188,2024-04-24,0.0,3.0,0.0,13
672279,2024,745835,2024-04-26,0.0,4.0,0.0,14
672279,2024,745833,2024-04-27,0.2,3.0,0.06666666666666667,15
672279,2024,745834,2024-04-28,0.9,3.0,0.3,16
672279,2024,746481,2024-04-30,0.9,2.0,0.45,17
672279,2024,746478,2024-05-01,1.8,2.0,0.9,18
672279,2024,745187,2024-05-03,0.9,3.0,0.3,19
672279,2024,745183,2024-05-04,0.9,3.0,0.3,20
672279,2024,745186,2024-05-07,0.9,2.0,0.45,21
672279,2024,745995,2024-05-09,1.8,4.0,0.45,22
672279,2024,745993,2024-05-10,0.9,3.0,0.3,23
672279,2024,745990,2024-05-12,2.15,4.0,0.5375,24
672279,2024,746233,2024-05-13,0.0,2.0,0.0,25
672279,2024,746235,2024-05-14,1.8,4.0,0.45,26
672279,2024,746231,2024-05-15,0.2,3.0,0.06666666666666667,27
672279,2024,745178,2024-05-17,0.0,4.0,0.0,28
672279,2024,745177,2024-05-18,1.6,2.0,0.8,29
672279,2024,745179,2024-05-19,0.0,2.0,0.0,30
672279,2024,745181,2024-05-20,2.9,4.0,0.725,31
672279,2024,745180,2024-05-21,0.0,3.0,0.0,32
672279,2024,745173,2024-05-22,0.7,3.0,0.2333333333333333,33
672279,2024,745176,2024-05-25,0.0,3.0,0.0,34
672279,2024,745172,2024-05-26,0.0,4.0,0.0,35
672279,2024,746708,2024-05-27,0.0,2.0,0.0,36
672279,2024,746709,2024-05-28,0.9,1.0,0.9,37
672279,2024,746706,2024-05-29,0.9,4.0,0.225,38
672279,2024,745574,2024-05-31,0.0,3.0,0.0,39
672279,2024,745575,2024-06-01,1.25,3.0,0.4166666666666667,40
672279,2024,745572,2024-06-02,0.9,4.0,0.225,41
672279,2024,746382,2024-06-03,0.0,3.0,0.0,42
672279,2024,746380,2024-06-04,0.0,2.0,0.0,43
672279,2024,746379,2024-06-05,0.2,2.0,0.1,44
672279,2024,745174,2024-06-06,0.9,3.0,0.3,45
672279,2024,745167,2024-06-09,0.9,3.0,0.3,46
672279,2024,745170,2024-06-11,0.0,4.0,0.0,47
672279,2024,745171,2024-06-12,0.9,3.0,0.3,48
672279,2024,745168,2024-06-13,0.9,3.0,0.3,49
672279,2024,746866,2024-06-16,0.9,4.0,0.225,50
672279,2024,746055,2024-06-17,2.9,4.0,0.725,51
672279,2024,746049,2024-06-18,2.15,5.0,0.43,52
672279,2024,746050,2024-06-19,0.0,2.0,0.0,53
672279,2024,745164,2024-06-20,0.0,2.0,0.0,54
672279,2024,745163,2024-06-22,0.0,1.0,0.0,55
672279,2024,745160,2024-06-24,1.8,3.0,0.6,56
672279,2024,745158,2024-06-26,1.8,3.0,0.6,57
672279,2024,745157,2024-06-26,1.25,2.0,0.625,58
672279,2024,745162,2024-06-27,1.6,1.0,1.6,59
672279,2024,745161,2024-06-28,1.25,3.0,0.4166666666666667,60
672279,2024,745159,2024-06-29,0.9,3.0,0.3,61
672279,2024,745154,2024-06-30,0.0,3.0,0.0,62
672279,2024,745482,2024-07-02,0.0,4.0,0.0,63
672279,2024,745487,2024-07-03,0.0,3.0,0.0,64
672279,2024,744836,2024-07-05,1.8,5.0,0.36,65
672279,2024,744835,2024-07-06,0.9,5.0,0.18,66
672279,2024,744832,2024-07-07,0.0,1.0,0.0,67
672279,2024,744833,2024-07-08,1.8,4.0,0.45,68
672279,2024,745156,2024-07-10,0.0,2.0,0.0,69
672279,2024,745153,2024-07-12,0.0,2.0,0.0,70
672279,2024,745152,2024-07-13,0.7,2.0,0.35,71
672279,2024,747096,2024-07-20,1.6,4.0,0.4,72
672279,2024,747093,2024-07-20,0.9,3.0,0.3,73
672279,2024,747094,2024-07-21,1.8,4.0,0.45,74
672279,2024,745475,2024-07-23,1.25,3.0,0.4166666666666667,75
672279,2024,745146,2024-07-26,1.6,3.0,0.5333333333333333,76
672279,2024,745150,2024-07-27,0.9,4.0,0.225,77
672279,2024,745145,2024-07-28,1.8,3.0,0.6,78
672279,2024,745147,2024-07-29,0.9,3.0,0.3,79
672279,2024,745149,2024-07-30,1.6,4.0,0.4,80
672279,2024,745148,2024-07-31,2.0,3.0,0.6666666666666666,81
672279,2024,746849,2024-08-01,1.8,4.0,0.45,82
672279,2024,746845,2024-08-02,1.6,3.0,0.5333333333333333,83
672279,2024,746846,2024-08-03,0.0,3.0,0.0,84
672279,2024,745947,2024-09-02,0.7,4.0,0.175,85
672279,2024,745944,2024-09-03,1.1,4.0,0.275,86
672279,2024,745938,2024-09-04,0.0,4.0,0.0,87
672279,2024,745131,2024-09-06,1.8,3.0,0.6,88
672279,2024,745125,2024-09-07,0.0,3.0,0.0,89
672279,2024,745128,2024-09-08,0.0,4.0,0.0,90
672279,2024,745126,2024-09-10,0.0,2.0,0.0,91
672279,2024,745127,2024-09-11,0.9,3.0,0.3,92
672279,2024,745129,2024-09-12,1.6,4.0,0.4,93
672279,2024,744882,2024-09-13,0.0,5.0,0.0,94
672279,2024,744883,2024-09-15,0.7,3.0,0.2333333333333333,95
672279,2024,745130,2024-09-16,0.0,3.0,0.0,96
672279,2024,745122,2024-09-17,1.25,3.0,0.4166666666666667,97
672279,2024,745121,2024-09-18,0.7,4.0,0.175,98
672279,2024,745120,2024-09-19,0.7,3.0,0.2333333333333333,99
672279,2024,745124,2024-09-21,1.6,4.0,0.4,100
672279,2024,745118,2024-09-22,0.0,1.0,0.0,101
672279,2024,746504,2024-09-24,0.9,2.0,0.45,102
672279,2024,746501,2024-09-25,0.0,3.0,0.0,103
672279,2024,745280,2024-09-27,1.4,4.0,0.35,104
672279,2024,745281,2024-09-28,0.7,4.0,0.175,105
672279,2024,745282,2024-09-29,0.7,3.0,0.2333333333333333,106
672761,2024,745520,2024-04-08,0.0,1.0,0.0,1
672761,2024,746491,2024-04-12,0.7,1.0,0.7,2
672761,2024,746490,2024-04-13,2.15,3.0,0.7166666666666667,3
672761,2024,746488,2024-04-15,0.0,2.0,0.0,4
672761,2024,746486,2024-04-16,0.0,4.0,0.0,5
672761,2024,745922,2024-04-19,3.4000000000000004,5.0,0.68,6
672761,2024,745921,2024-04-20,1.6,4.0,0.4,7
672761,2024,745102,2024-04-23,1.6,4.0,0.4,8
672761,2024,745099,2024-04-24,0.7,4.0,0.175,9
672761,2024,746482,2024-04-26,0.0,1.0,0.0,10
672761,2024,746484,2024-04-27,1.6,5.0,0.32,11
672761,2024,746483,2024-04-28,2.9,4.0,0.725,12
672761,2024,746477,2024-04-30,0.0,4.0,0.0,13
672761,2024,746481,2024-04-30,5.6,5.0,1.1199999999999999,14
672761,2024,746478,2024-05-01,0.9,4.0,0.225,15
672761,2024,745756,2024-05-03,1.4,4.0,0.35,16
672761,2024,745750,2024-05-04,1.8,4.0,0.45,17
672761,2024,746639,2024-05-06,0.7,2.0,0.35,18
672761,2024,746638,2024-05-07,2.5,5.0,0.5,19
672761,2024,746640,2024-05-08,0.0,4.0,0.0,20
672761,2024,746479,2024-05-10,0.9,4.0,0.225,21
672761,2024,746480,2024-05-11,1.95,5.0,0.39,22
672761,2024,746471,2024-05-13,2.15,4.0,0.5375,23
672761,2024,746473,2024-05-14,1.8,4.0,0.45,24
672761,2024,746472,2024-05-15,0.0,4.0,0.0,25
672761,2024,747201,2024-05-17,2.65,5.0,0.53,26
672761,2024,747202,2024-05-18,3.2,5.0,0.64,27
672761,2024,747198,2024-05-19,1.6,4.0,0.4,28
672761,2024,746307,2024-05-20,0.9,4.0,0.225,29
672761,2024,746309,2024-05-21,0.9,4.0,0.225,30
672761,2024,746474,2024-05-23,0.0,1.0,0.0,31
672761,2024,746475,2024-05-24,0.0,4.0,0.0,32
672761,2024,746470,2024-05-25,0.0,4.0,0.0,33
672761,2024,746469,2024-05-26,1.8,4.0,0.45,34
672761,2024,746468,2024-05-29,0.0,4.0,0.0,35
672761,2024,746467,2024-05-29,2.5,5.0,0.5,36
672761,2024,746955,2024-05-31,1.25,5.0,0.25,37
672761,2024,746952,2024-06-01,0.7,4.0,0.175,38
672761,2024,746953,2024-06-02,3.05,5.0,0.61,39
672761,2024,745009,2024-06-03,0.0,4.0,0.0,40
672761,2024,745010,2024-06-04,0.9,4.0,0.225,41
672761,2024,746466,2024-06-07,0.7,4.0,0.175,42
672761,2024,746461,2024-06-08,0.0,1.0,0.0,43
672761,2024,746463,2024-06-09,1.8,5.0,0.36,44
672761,2024,746464,2024-06-11,0.0,4.0,0.0,45
672761,2024,746462,2024-06-12,3.4,5.0,0.6799999999999999,46
672761,2024,746465,2024-06-13,0.0,4.0,0.0,47
672761,2024,746378,2024-06-14,0.0,4.0,0.0,48
672761,2024,746381,2024-06-15,3.6,6.0,0.6,49
672761,2024,746377,2024-06-16,0.9,4.0,0.225,50
672761,2024,747108,2024-06-17,0.0,1.0,0.0,51
672761,2024,747107,2024-06-18,0.0,4.0,0.0,52
672761,2024,747106,2024-06-19,1.8,4.0,0.45,53
672761,2024,746460,2024-06-21,0.0,3.0,0.0,54
672761,2024,746459,2024-06-22,1.25,4.0,0.3125,55
672761,2024,746457,2024-06-23,4.1,5.0,0.82,56
672761,2024,746458,2024-06-24,1.25,4.0,0.3125,57
672761,2024,746454,2024-06-25,1.8,4.0,0.45,58
672761,2024,746456,2024-06-26,0.0,3.0,0.0,59
672761,2024,746210,2024-06-27,0.9,3.0,0.3,60
672761,2024,746214,2024-06-28,0.7,4.0,0.175,61
672761,2024,746211,2024-06-29,1.8,5.0,0.36,62
672761,2024,746209,2024-06-30,1.95,4.0,0.4875,63
672761,2024,745886,2024-07-02,0.0,4.0,0.0,64
672761,2024,745888,2024-07-03,2.0,4.0,0.5,65
672761,2024,745890,2024-07-04,0.0,3.0,0.0,66
672761,2024,746693,2024-07-05,1.6,5.0,0.32,67
672761,2024,746694,2024-07-06,2.9,2.0,1.45,68
672761,2024,746691,2024-07-07,0.9,4.0,0.225,69
672761,2024,746455,2024-07-08,1.8,4.0,0.45,70
672761,2024,746451,2024-07-09,0.9,5.0,0.18,71
672761,2024,746453,2024-07-10,1.25,4.0,0.3125,72
672761,2024,746452,2024-07-11,1.6,5.0,0.32,73
672761,2024,746450,2024-07-12,1.6,2.0,0.8,74
672761,2024,746447,2024-07-13,1.1,2.0,0.55,75
672761,2024,746449,2024-07-14,0.9,5.0,0.18,76
672761,2024,744911,2024-07-19,2.9,4.0,0.725,77
672761,2024,744910,2024-07-20,0.7,4.0,0.175,78
672761,2024,744909,2024-07-21,0.7,4.0,0.175,79
672761,2024,746612,2024-07-22,2.15,4.0,0.5375,80
672761,2024,746614,2024-07-23,2.0,4.0,0.5,81
672761,2024,746611,2024-07-24,0.0,4.0,0.0,82
672761,2024,746609,2024-07-25,0.9,4.0,0.225,83
672761,2024,746448,2024-07-26,0.0,4.0,0.0,84
672761,2024,746446,2024-07-27,0.0,4.0,0.0,85
672761,2024,746445,2024-07-28,0.0,4.0,0.0,86
672761,2024,746444,2024-07-29,2.0,2.0,1.0,87
672761,2024,746441,2024-07-30,0.0,4.0,0.0,88
672761,2024,746442,2024-08-01,1.6,4.0,0.4,89
672761,2024,746443,2024-08-02,0.7,4.0,0.175,90
672761,2024,746440,2024-08-03,0.9,6.0,0.15,91
672761,2024,746439,2024-08-04,0.9,5.0,0.18,92
672761,2024,745221,2024-08-06,1.8,4.0,0.45,93
672761,2024,745223,2024-08-07,2.7,5.0,0.54,94
672761,2024,745226,2024-08-08,0.0,4.0,0.0,95
672761,2024,745308,2024-08-09,0.7,2.0,0.35,96
672761,2024,746427,2024-09-12,0.0,1.0,0.0,97
672761,2024,746423,2024-09-13,0.9,3.0,0.3,98
672761,2024,746422,2024-09-14,0.7,4.0,0.175,99
672761,2024,746419,2024-09-15,0.0,1.0,0.0,100
672761,2024,746260,2024-09-16,1.25,2.0,0.625,101
672761,2024,746261,2024-09-17,1.25,2.0,0.625,102
672761,2024,746254,2024-09-18,1.6,5.0,0.32,103
672761,2024,746983,2024-09-21,0.0,5.0,0.0,104
672761,2024,746421,2024-09-24,2.65,4.0,0.6625,105
672761,2024,746420,2024-09-25,1.6,4.0,0.4,106
672761,2024,746415,2024-09-26,0.0,4.0,0.0,107
672761,2024,746417,2024-09-27,0.9,4.0,0.225,108
672761,2024,746414,2024-09-28,2.3,4.0,0.575,109
672761,2024,746416,2024-09-29,1.8,4.0,0.45,110
670242,2024,746335,2024-03-28,0.0,1.0,0.0,1
670242,2024,746333,2024-03-30,1.4,3.0,0.4666666666666666,2
670242,2024,746332,2024-03-31,1.25,4.0,0.3125,3
670242,2024,746009,2024-04-02,0.0,2.0,0.0,4
670242,2024,745928,2024-04-04,0.7,2.0,0.35,5
670242,2024,745926,2024-04-06,1.4,4.0,0.35,6
670242,2024,745925,2024-04-08,0.0,1.0,0.0,7
670242,2024,745924,2024-04-09,0.0,4.0,0.0,8
670242,2024,746491,2024-04-12,0.0,1.0,0.0,9
670242,2024,746489,2024-04-13,2.7,6.0,0.45,10
670242,2024,746490,2024-04-13,0.0,3.0,0.0,11
670242,2024,746492,2024-04-14,0.7,1.0,0.7,12
670242,2024,747053,2024-04-15,0.0,1.0,0.0,13
670242,2024,745883,2024-07-07,1.6,2.0,0.8,14
670242,2024,746771,2024-07-08,3.25,4.0,0.8125,15
670242,2024,746772,2024-07-10,2.9,4.0,0.725,16
670242,2024,746773,2024-07-10,2.3,4.0,0.575,17
670242,2024,745312,2024-07-12,1.6,4.0,0.4,18
670242,2024,745311,2024-07-13,1.25,5.0,0.25,19
670242,2024,745314,2024-07-14,0.0,3.0,0.0,20
670242,2024,745880,2024-07-20,0.0,2.0,0.0,21
670242,2024,745882,2024-07-21,0.9,2.0,0.45,22
670242,2024,745878,2024-07-23,1.25,3.0,0.4166666666666667,23
670242,2024,745877,2024-07-24,2.7,3.0,0.9,24
670242,2024,746448,2024-07-26,3.4,5.0,0.6799999999999999,25
670242,2024,746445,2024-07-28,2.15,4.0,0.5375,26
670242,2024,745791,2024-07-29,0.0,1.0,0.0,27
670242,2024,745789,2024-07-31,3.25,5.0,0.65,28
670242,2024,745875,2024-08-02,0.7,4.0,0.175,29
670242,2024,745879,2024-08-04,3.7,5.0,0.74,30
670242,2024,746847,2024-08-05,2.5,4.0,0.625,31
670242,2024,746842,2024-08-07,1.95,4.0,0.4875,32
670242,2024,745871,2024-08-09,2.0,3.0,0.6666666666666666,33
670242,2024,745873,2024-08-10,0.9,4.0,0.225,34
670242,2024,745872,2024-08-11,0.9,4.0,0.225,35
670242,2024,745874,2024-08-12,1.6,4.0,0.4,36
670242,2024,745867,2024-08-13,2.85,5.0,0.5700000000000001,37
670242,2024,745869,2024-08-14,0.0,1.0,0.0,38
670242,2024,744980,2024-08-15,0.7,2.0,0.35,39
670242,2024,744974,2024-08-16,0.7,4.0,0.175,40
670242,2024,744977,2024-08-17,0.0,3.0,0.0,41
670242,2024,744975,2024-08-18,0.7,4.0,0.175,42
670242,2024,745380,2024-08-19,1.95,3.0,0.65,43
670242,2024,745374,2024-08-20,0.0,1.0,0.0,44
670242,2024,745375,2024-08-21,2.7,5.0,0.54,45
670242,2024,745870,2024-08-23,0.7,4.0,0.175,46
670242,2024,745868,2024-08-24,4.15,4.0,1.0375,47
670242,2024,745863,2024-08-25,0.7,3.0,0.2333333333333333,48
670242,2024,745865,2024-08-26,3.6,4.0,0.9,49
670242,2024,745864,2024-08-27,2.85,6.0,0.47500000000000003,50
670242,2024,745866,2024-08-28,1.25,4.0,0.3125,51
670242,2024,745862,2024-08-30,0.9,4.0,0.225,52
670242,2024,745859,2024-08-31,0.0,4.0,0.0,53
670242,2024,745861,2024-09-01,0.0,4.0,0.0,54
670242,2024,745046,2024-09-02,0.9,5.0,0.18,55
670242,2024,745047,2024-09-03,0.0,1.0,0.0,56
670242,2024,745045,2024-09-04,1.8,5.0,0.36,57
670242,2024,745042,2024-09-05,2.7,4.0,0.675,58
670242,2024,746257,2024-09-06,0.9,4.0,0.225,59
670242,2024,746259,2024-09-07,1.95,4.0,0.4875,60
670242,2024,746258,2024-09-08,0.7,3.0,0.2333333333333333,61
670242,2024,745860,2024-09-09,1.4,4.0,0.35,62
670242,2024,745856,2024-09-10,3.25,5.0,0.65,63
670242,2024,745857,2024-09-11,2.0,4.0,0.5,64
670242,2024,745855,2024-09-13,0.0,4.0,0.0,65
670242,2024,745858,2024-09-14,0.7,4.0,0.175,66
670242,2024,745852,2024-09-15,0.0,5.0,0.0,67
670242,2024,746588,2024-09-16,0.0,1.0,0.0,68
670242,2024,746587,2024-09-17,1.8,3.0,0.6,69
670242,2024,746582,2024-09-18,3.75,5.0,0.75,70
670242,2024,746579,2024-09-19,0.7,4.0,0.175,71
670242,2024,746905,2024-09-20,1.8,6.0,0.3,72
670242,2024,746906,2024-09-22,1.6,4.0,0.4,73
670242,2024,746903,2024-09-22,1.6,4.0,0.4,74
670242,2024,745851,2024-09-24,0.0,1.0,0.0,75
668885,2024,746332,2024-03-31,0.0,3.0,0.0,1
668885,2024,745925,2024-04-08,0.7,2.0,0.35,2
668885,2024,745924,2024-04-09,2.5,3.0,0.8333333333333334,3
668885,2024,745923,2024-04-10,0.7,3.0,0.2333333333333333,4
668885,2024,746491,2024-04-12,0.0,4.0,0.0,5
668885,2024,746490,2024-04-13,0.9,4.0,0.225,6
668885,2024,746489,2024-04-13,2.8499999999999996,5.0,0.57,7
668885,2024,746492,2024-04-14,0.9,4.0,0.225,8
668885,2024,747053,2024-04-15,0.9,4.0,0.225,9
668885,2024,747049,2024-04-17,0.9,4.0,0.225,10
668885,2024,745921,2024-04-20,2.15,4.0,0.5375,11
668885,2024,745920,2024-04-21,2.0,4.0,0.5,12
668885,2024,745916,2024-04-22,0.0,4.0,0.0,13
668885,2024,745919,2024-04-24,1.25,2.0,0.625,14
668885,2024,745918,2024-04-25,0.0,4.0,0.0,15
668885,2024,746243,2024-04-26,0.7,4.0,0.175,16
668885,2024,746245,2024-04-27,1.25,5.0,0.25,17
668885,2024,746237,2024-04-28,3.2,5.0,0.64,18
668885,2024,745914,2024-05-03,0.0,1.0,0.0,19
668885,2024,745911,2024-05-04,0.9,2.0,0.45,20
668885,2024,745915,2024-05-07,0.9,1.0,0.9,21
668885,2024,745910,2024-05-09,0.7,4.0,0.175,22
668885,2024,744940,2024-05-10,0.0,3.0,0.0,23
668885,2024,744941,2024-05-12,0.0,2.0,0.0,24
668885,2024,745909,2024-05-14,1.25,2.0,0.625,25
668885,2024,745894,2024-06-13,1.8,4.0,0.45,26
668885,2024,745891,2024-06-16,2.15,4.0,0.5375,27
668885,2024,745893,2024-06-18,2.5,4.0,0.625,28
668885,2024,745887,2024-06-19,0.9,4.0,0.225,29
668885,2024,745889,2024-06-20,0.7,4.0,0.175,30
668885,2024,745649,2024-06-21,2.5,4.0,0.625,31
668885,2024,745644,2024-06-22,0.9,1.0,0.9,32
668885,2024,747188,2024-06-25,0.0,3.0,0.0,33
668885,2024,745239,2024-06-29,0.9,4.0,0.225,34
668885,2024,745243,2024-06-30,1.25,3.0,0.4166666666666667,35
668885,2024,745888,2024-07-03,0.0,1.0,0.0,36
668885,2024,745890,2024-07-04,0.7,4.0,0.175,37
668885,2024,745884,2024-07-05,0.9,1.0,0.9,38
668885,2024,745880,2024-07-20,0.0,3.0,0.0,39
668885,2024,745882,2024-07-21,0.0,3.0,0.0,40
668885,2024,745878,2024-07-23,0.0,4.0,0.0,41
668885,2024,746446,2024-07-27,0.7,3.0,0.2333333333333333,42
668885,2024,746445,2024-07-28,1.95,4.0,0.4875,43
668885,2024,745791,2024-07-29,0.0,4.0,0.0,44
668885,2024,745787,2024-07-30,0.0,2.0,0.0,45
668885,2024,745789,2024-07-31,0.9,4.0,0.225,46
668885,2024,745876,2024-08-03,3.2,4.0,0.8,47
668885,2024,745879,2024-08-04,2.3,5.0,0.45999999999999996,48
668885,2024,746847,2024-08-05,0.0,3.0,0.0,49
668885,2024,746840,2024-08-06,0.0,3.0,0.0,50
668885,2024,746842,2024-08-07,0.7,4.0,0.175,51
668885,2024,745871,2024-08-09,1.8,3.0,0.6,52
668885,2024,745873,2024-08-10,0.9,2.0,0.45,53
668885,2024,745874,2024-08-12,0.9,4.0,0.225,54
668885,2024,745867,2024-08-13,2.15,4.0,0.5375,55
668885,2024,745869,2024-08-14,0.9,3.0,0.3,56
668885,2024,744980,2024-08-15,0.0,2.0,0.0,57
668885,2024,744977,2024-08-17,0.9,3.0,0.3,58
668885,2024,745380,2024-08-19,1.6,3.0,0.5333333333333333,59
668885,2024,745374,2024-08-20,2.5,4.0,0.625,60
668885,2024,745375,2024-08-21,2.5,5.0,0.5,61
668885,2024,745870,2024-08-23,0.9,3.0,0.3,62
668885,2024,745868,2024-08-24,2.15,3.0,0.7166666666666667,63
668885,2024,745863,2024-08-25,0.0,4.0,0.0,64
668885,2024,745865,2024-08-26,0.9,4.0,0.225,65
668885,2024,745864,2024-08-27,0.0,4.0,0.0,66
668885,2024,745866,2024-08-28,0.0,2.0,0.0,67
668885,2024,745862,2024-08-30,0.2,2.0,0.1,68
668885,2024,745859,2024-08-31,0.0,1.0,0.0,69
668885,2024,745861,2024-09-01,1.6,3.0,0.5333333333333333,70
668885,2024,745047,2024-09-03,0.7,2.0,0.35,71
668885,2024,745042,2024-09-05,1.6,3.0,0.5333333333333333,72
668885,2024,746257,2024-09-06,1.25,3.0,0.4166666666666667,73
668885,2024,745860,2024-09-09,1.25,3.0,0.4166666666666667,74
668885,2024,745854,2024-09-25,0.0,1.0,0.0,75
668885,2024,745853,2024-09-26,2.15,6.0,0.35833333333333334,76
668885,2024,745849,2024-09-28,0.0,4.0,0.0,77
668885,2024,745846,2024-09-29,2.15,4.0,0.5375,78
679822,2024,745033,2024-04-05,0.0,1.0,0.0,1
679822,2024,745032,2024-04-07,0.9,1.0,0.9,2
679822,2024,744994,2024-07-20,1.25,4.0,0.3125,3
679822,2024,744991,2024-07-21,0.0,3.0,0.0,4
679822,2024,744988,2024-07-22,0.0,4.0,0.0,5
679822,2024,744985,2024-07-23,0.0,2.0,0.0,6
679822,2024,744906,2024-07-26,0.0,4.0,0.0,7
679822,2024,744970,2024-09-01,0.7,3.0,0.2333333333333333,8
679822,2024,744968,2024-09-03,0.0,3.0,0.0,9
679822,2024,744967,2024-09-06,0.7,3.0,0.2333333333333333,10
679822,2024,744963,2024-09-07,0.0,2.0,0.0,11
679822,2024,747154,2024-09-11,0.0,1.0,0.0,12
679822,2024,744961,2024-09-17,0.9,5.0,0.18,13
679822,2024,745605,2024-09-24,0.0,4.0,0.0,14
679822,2024,745607,2024-09-25,0.0,4.0,0.0,15
691182,2024,745167,2024-06-09,0.9,3.0,0.3,1
691182,2024,745897,2024-06-10,0.0,3.0,0.0,2
691182,2024,745899,2024-06-11,0.0,4.0,0.0,3
691182,2024,745896,2024-06-12,0.9,4.0,0.225,4
691182,2024,746545,2024-06-14,0.9,4.0,0.225,5
691182,2024,746547,2024-06-15,0.0,5.0,0.0,6
691182,2024,746546,2024-06-16,0.0,3.0,0.0,7
691182,2024,746543,2024-06-17,0.0,2.0,0.0,8
691182,2024,746538,2024-06-19,2.85,4.0,0.7125,9
691182,2024,746539,2024-06-20,0.9,3.0,0.3,10
680869,2024,745687,2024-03-28,0.0,4.0,0.0,1
680869,2024,745682,2024-03-29,0.7,4.0,0.175,2
680869,2024,745684,2024-03-30,2.85,5.0,0.5700000000000001,3
680869,2024,745683,2024-03-31,0.0,4.0,0.0,4
680869,2024,745675,2024-04-01,0.9,4.0,0.225,5
680869,2024,745680,2024-04-02,0.2,4.0,0.05,6
680869,2024,745678,2024-04-03,0.9,4.0,0.225,7
680869,2024,746497,2024-04-05,1.95,5.0,0.39,8
680869,2024,746498,2024-04-06,2.0999999999999996,4.0,0.5249999999999999,9
680869,2024,746493,2024-04-07,5.4,5.0,1.08,10
680869,2024,745030,2024-04-09,0.9,4.0,0.225,11
680869,2024,745024,2024-04-10,2.0,5.0,0.4,12
680869,2024,745029,2024-04-11,0.0,4.0,0.0,13
680869,2024,745679,2024-04-12,0.9,4.0,0.225,14
680869,2024,745676,2024-04-13,0.9,4.0,0.225,15
680869,2024,745681,2024-04-14,0.0,4.0,0.0,16
680869,2024,745677,2024-04-15,1.8,4.0,0.45,17
680869,2024,745674,2024-04-16,0.0,4.0,0.0,18
680869,2024,745671,2024-04-17,1.6,4.0,0.4,19
680869,2024,746650,2024-04-19,0.0,4.0,0.0,20
680869,2024,746651,2024-04-20,0.7,4.0,0.175,21
680869,2024,746652,2024-04-21,1.8,4.0,0.45,22
680869,2024,745757,2024-04-22,2.0,4.0,0.5,23
680869,2024,745754,2024-04-23,0.0,4.0,0.0,24
680869,2024,746396,2024-05-14,0.0,4.0,0.0,25
680869,2024,746397,2024-05-15,0.7,3.0,0.2333333333333333,26
680869,2024,746391,2024-05-16,0.9,3.0,0.3,27
680869,2024,746310,2024-05-17,0.0,4.0,0.0,28
680869,2024,746308,2024-05-18,1.25,3.0,0.4166666666666667,29
680869,2024,746306,2024-05-19,1.6,4.0,0.4,30
680869,2024,745662,2024-05-21,0.7,4.0,0.175,31
680869,2024,745661,2024-05-22,1.8,5.0,0.36,32
680869,2024,745660,2024-05-23,2.5,6.0,0.4166666666666667,33
680869,2024,745663,2024-05-24,0.0,4.0,0.0,34
680869,2024,745658,2024-05-25,0.0,4.0,0.0,35
680869,2024,745653,2024-05-26,0.7,3.0,0.2333333333333333,36
680869,2024,745091,2024-05-28,0.0,4.0,0.0,37
680869,2024,745084,2024-05-29,0.0,4.0,0.0,38
680869,2024,745081,2024-05-30,0.9,5.0,0.18,39
680869,2024,747116,2024-05-31,1.25,4.0,0.3125,40
680869,2024,747111,2024-06-01,1.95,5.0,0.39,41
680869,2024,747110,2024-06-02,2.0,4.0,0.5,42
680869,2024,745656,2024-06-04,1.25,4.0,0.3125,43
680869,2024,745654,2024-06-05,2.9,3.0,0.9666666666666667,44
680869,2024,745657,2024-06-06,0.0,3.0,0.0,45
680869,2024,745655,2024-06-07,0.0,3.0,0.0,46
680869,2024,745652,2024-06-08,0.0,3.0,0.0,47
680869,2024,745409,2024-06-10,1.8,4.0,0.45,48
680869,2024,745404,2024-06-11,0.2,3.0,0.06666666666666667,49
680869,2024,745405,2024-06-12,2.15,4.0,0.5375,50
680869,2024,745894,2024-06-13,0.0,3.0,0.0,51
680869,2024,745892,2024-06-14,0.7,4.0,0.175,52
680869,2024,745891,2024-06-16,1.25,4.0,0.3125,53
680869,2024,745650,2024-06-18,2.9,4.0,0.725,54
680869,2024,745646,2024-06-19,2.0,4.0,0.5,55
680869,2024,745645,2024-06-20,2.9,4.0,0.725,56
680869,2024,745649,2024-06-21,0.0,4.0,0.0,57
680869,2024,745644,2024-06-22,0.0,3.0,0.0,58
680869,2024,745648,2024-06-23,0.7,3.0,0.2333333333333333,59
680869,2024,746218,2024-06-24,0.9,4.0,0.225,60
680869,2024,746213,2024-06-25,0.9,4.0,0.225,61
680869,2024,747183,2024-06-28,4.1,5.0,0.82,62
680869,2024,747186,2024-06-29,0.0,3.0,0.0,63
680869,2024,747182,2024-06-30,2.0,4.0,0.5,64
680869,2024,745647,2024-07-02,1.4,4.0,0.35,65
680869,2024,745643,2024-07-03,1.6,4.0,0.4,66
680869,2024,745641,2024-07-04,0.7,4.0,0.175,67
680869,2024,745639,2024-07-05,0.9,4.0,0.225,68
680869,2024,745642,2024-07-06,1.95,5.0,0.39,69
680869,2024,745637,2024-07-07,0.9,4.0,0.225,70
680869,2024,746937,2024-07-09,3.8,5.0,0.76,71
680869,2024,746934,2024-07-10,0.0,4.0,0.0,72
680869,2024,746935,2024-07-11,0.0,4.0,0.0,73
680869,2024,745552,2024-07-12,1.4,4.0,0.35,74
680869,2024,745549,2024-07-13,2.7,5.0,0.54,75
680869,2024,745551,2024-07-14,2.0,5.0,0.4,76
680869,2024,745640,2024-07-19,0.9,5.0,0.18,77
680869,2024,745638,2024-07-20,0.0,4.0,0.0,78
680869,2024,745633,2024-07-21,0.0,4.0,0.0,79
680869,2024,745635,2024-07-22,0.7,3.0,0.2333333333333333,80
680869,2024,745632,2024-07-23,2.0,4.0,0.5,81
680869,2024,745634,2024-07-24,0.0,4.0,0.0,82
680869,2024,746199,2024-07-25,0.7,4.0,0.175,83
680869,2024,746200,2024-07-26,0.0,4.0,0.0,84
680869,2024,745309,2024-07-30,2.5,4.0,0.625,85
680869,2024,745306,2024-07-31,0.0,3.0,0.0,86
680869,2024,745631,2024-08-02,0.0,4.0,0.0,87
680869,2024,745627,2024-08-04,0.7,4.0,0.175,88
680869,2024,745628,2024-08-05,1.4,4.0,0.35,89
680869,2024,745629,2024-08-06,2.9,4.0,0.725,90
680869,2024,745630,2024-08-07,1.8,3.0,0.6,91
680869,2024,744900,2024-08-09,0.0,4.0,0.0,92
680869,2024,744897,2024-08-10,0.9,4.0,0.225,93
680869,2024,744895,2024-08-11,4.5,4.0,1.125,94
680869,2024,745788,2024-08-13,1.6,5.0,0.32,95
680869,2024,745790,2024-08-14,0.0,4.0,0.0,96
680869,2024,745783,2024-08-15,1.4,5.0,0.27999999999999997,97
680869,2024,745626,2024-08-17,0.9,4.0,0.225,98
680869,2024,745621,2024-08-18,0.7,4.0,0.175,99
680869,2024,745620,2024-08-19,2.15,3.0,0.7166666666666667,100
680869,2024,745624,2024-08-20,0.0,3.0,0.0,101
680869,2024,745622,2024-08-21,0.9,4.0,0.225,102
680869,2024,745623,2024-08-22,0.7,4.0,0.175,103
680869,2024,745625,2024-08-23,0.7,4.0,0.175,104
680869,2024,745617,2024-08-24,2.7,4.0,0.675,105
680869,2024,745618,2024-08-25,0.0,3.0,0.0,106
680869,2024,746671,2024-08-27,2.0,4.0,0.5,107
680869,2024,746672,2024-08-28,1.8,4.0,0.45,108
680869,2024,746670,2024-08-29,1.25,5.0,0.25,109
680869,2024,744969,2024-08-30,0.0,4.0,0.0,110
680869,2024,744971,2024-08-31,0.0,3.0,0.0,111
680869,2024,744970,2024-09-01,3.4,5.0,0.6799999999999999,112
680869,2024,745619,2024-09-02,0.0,3.0,0.0,113
680869,2024,745615,2024-09-03,0.0,3.0,0.0,114
680869,2024,745614,2024-09-04,1.95,3.0,0.65,115
680869,2024,745612,2024-09-05,0.9,4.0,0.225,116
680869,2024,745611,2024-09-06,1.25,5.0,0.25,117
680869,2024,745613,2024-09-07,0.9,4.0,0.225,118
680869,2024,745616,2024-09-08,2.5,4.0,0.625,119
680869,2024,746346,2024-09-10,2.9,5.0,0.58,120
680869,2024,746342,2024-09-11,0.9,4.0,0.225,121
680869,2024,746337,2024-09-12,0.0,4.0,0.0,122
680869,2024,746744,2024-09-13,2.15,4.0,0.5375,123
680869,2024,746740,2024-09-14,3.75,5.0,0.75,124
680869,2024,746741,2024-09-15,0.9,4.0,0.225,125
680869,2024,746828,2024-09-16,0.9,4.0,0.225,126
680869,2024,746830,2024-09-17,0.0,4.0,0.0,127
680869,2024,746831,2024-09-18,1.95,4.0,0.4875,128
680869,2024,745606,2024-09-20,0.0,4.0,0.0,129
680869,2024,745610,2024-09-21,0.0,3.0,0.0,130
680869,2024,745608,2024-09-22,0.9,4.0,0.225,131
680869,2024,745605,2024-09-24,0.9,4.0,0.225,132
680869,2024,745607,2024-09-25,0.7,5.0,0.13999999999999999,133
680869,2024,745609,2024-09-26,0.2,3.0,0.06666666666666667,134
680869,2024,745202,2024-09-27,0.9,4.0,0.225,135
680869,2024,745203,2024-09-28,0.0,1.0,0.0,136
680869,2024,745201,2024-09-29,0.9,4.0,0.225,137
673548,2024,745039,2024-03-28,1.25,5.0,0.25,1
673548,2024,745037,2024-03-30,0.0,4.0,0.0,2
673548,2024,745035,2024-03-31,1.8,6.0,0.3,3
673548,2024,746899,2024-04-01,1.6,4.0,0.4,4
673548,2024,746898,2024-04-02,3.6,5.0,0.72,5
673548,2024,746900,2024-04-03,4.7,5.0,0.9400000000000001,6
673548,2024,746897,2024-04-05,1.95,4.0,0.4875,7
673548,2024,746896,2024-04-06,1.6,4.0,0.4,8
673548,2024,746895,2024-04-07,0.7,5.0,0.13999999999999999,9
673548,2024,745432,2024-04-08,2.65,5.0,0.53,10
673548,2024,745433,2024-04-09,2.7,5.0,0.54,11
673548,2024,745429,2024-04-10,0.0,4.0,0.0,12
673548,2024,745274,2024-04-12,0.9,4.0,0.225,13
673548,2024,745272,2024-04-13,2.0,4.0,0.5,14
673548,2024,745271,2024-04-14,2.15,4.0,0.5375,15
673548,2024,745505,2024-05-11,2.5,6.0,0.4166666666666667,16
673548,2024,745499,2024-05-12,0.0,5.0,0.0,17
673548,2024,747128,2024-05-13,0.9,4.0,0.225,18
673548,2024,747124,2024-05-14,0.0,4.0,0.0,19
673548,2024,747123,2024-05-15,3.25,5.0,0.65,20
673548,2024,746881,2024-05-16,1.6,4.0,0.4,21
673548,2024,746882,2024-05-18,0.0,4.0,0.0,22
673548,2024,746880,2024-05-19,1.4,4.0,0.35,23
673548,2024,746875,2024-05-21,0.0,5.0,0.0,24
673548,2024,746876,2024-05-22,0.0,4.0,0.0,25
673548,2024,746874,2024-05-23,1.8,4.0,0.45,26
673548,2024,745176,2024-05-25,0.9,5.0,0.18,27
673548,2024,745172,2024-05-26,0.9,5.0,0.18,28
673548,2024,745986,2024-05-27,1.6,4.0,0.4,29
673548,2024,745987,2024-05-28,0.9,5.0,0.18,30
673548,2024,745988,2024-05-29,1.8,5.0,0.36,31
673548,2024,745985,2024-05-30,2.0,2.0,1.0,32
673548,2024,746877,2024-05-31,1.95,5.0,0.39,33
673548,2024,746870,2024-06-01,3.6,4.0,0.9,34
673548,2024,746871,2024-06-02,1.6,5.0,0.32,35
673548,2024,746872,2024-06-04,0.0,4.0,0.0,36
673548,2024,746873,2024-06-05,0.9,4.0,0.225,37
673548,2024,746707,2024-06-06,3.25,4.0,0.8125,38
673548,2024,746704,2024-06-07,1.4,3.0,0.4666666666666666,39
673548,2024,746705,2024-06-09,3.05,5.0,0.61,40
673548,2024,745077,2024-06-11,0.0,5.0,0.0,41
673548,2024,745079,2024-06-12,3.6,5.0,0.72,42
673548,2024,745075,2024-06-13,0.7,4.0,0.175,43
673548,2024,746869,2024-06-14,0.7,4.0,0.175,44
673548,2024,746865,2024-06-15,2.5,4.0,0.625,45
673548,2024,746866,2024-06-16,0.9,4.0,0.225,46
673548,2024,746868,2024-06-17,2.15,4.0,0.5375,47
673548,2024,746867,2024-06-18,0.9,4.0,0.225,48
673548,2024,746864,2024-06-19,1.4,5.0,0.27999999999999997,49
673548,2024,746861,2024-06-21,2.3,4.0,0.575,50
673548,2024,746863,2024-06-22,2.15,4.0,0.5375,51
673548,2024,746862,2024-06-23,0.0,4.0,0.0,52
673548,2024,745323,2024-06-24,1.6,5.0,0.32,53
673548,2024,745322,2024-06-25,0.9,4.0,0.225,54
673548,2024,745325,2024-06-26,2.0,4.0,0.5,55
673548,2024,745324,2024-06-27,2.85,5.0,0.5700000000000001,56
673548,2024,745970,2024-06-28,2.0,4.0,0.5,57
673548,2024,745972,2024-06-29,0.7,4.0,0.175,58
673548,2024,745971,2024-06-30,0.0,4.0,0.0,59
673548,2024,746860,2024-07-02,2.9,4.0,0.725,60
673548,2024,746858,2024-07-03,0.0,4.0,0.0,61
673548,2024,746857,2024-07-04,3.2,5.0,0.64,62
673548,2024,746859,2024-07-05,2.0,4.0,0.5,63
673548,2024,746856,2024-07-06,0.0,4.0,0.0,64
673548,2024,746855,2024-07-07,0.7,4.0,0.175,65
673548,2024,747014,2024-07-09,2.15,5.0,0.43,66
673548,2024,747015,2024-07-10,0.9,4.0,0.225,67
673548,2024,747011,2024-07-11,4.1,5.0,0.82,68
673548,2024,745153,2024-07-12,0.9,4.0,0.225,69
673548,2024,745175,2024-07-13,1.8,5.0,0.36,70
673548,2024,745152,2024-07-13,2.0,4.0,0.5,71
673548,2024,745151,2024-07-14,1.8,4.0,0.45,72
673548,2024,746854,2024-07-19,1.4,5.0,0.27999999999999997,73
673548,2024,746852,2024-07-20,1.4,4.0,0.35,74
673548,2024,746853,2024-07-21,0.9,4.0,0.225,75
673548,2024,746850,2024-07-22,0.0,4.0,0.0,76
673548,2024,746848,2024-07-23,0.9,4.0,0.225,77
673548,2024,746851,2024-07-24,3.25,4.0,0.8125,78
673548,2024,746277,2024-07-26,2.85,4.0,0.7125,79
673548,2024,746278,2024-07-27,2.9,4.0,0.725,80
673548,2024,746274,2024-07-28,1.4,5.0,0.27999999999999997,81
673548,2024,746684,2024-07-29,0.0,4.0,0.0,82
673548,2024,746683,2024-07-30,2.5,5.0,0.5,83
673548,2024,746678,2024-07-31,2.5,5.0,0.5,84
673548,2024,746849,2024-08-01,2.9,4.0,0.725,85
673548,2024,746845,2024-08-02,2.85,4.0,0.7125,86
673548,2024,746846,2024-08-03,0.0,4.0,0.0,87
673548,2024,746844,2024-08-04,2.3,4.0,0.575,88
673548,2024,746840,2024-08-06,0.9,4.0,0.225,89
673548,2024,746842,2024-08-07,0.7,4.0,0.175,90
673548,2024,746760,2024-08-09,0.9,5.0,0.18,91
673548,2024,746761,2024-08-10,0.0,5.0,0.0,92
673548,2024,746603,2024-08-12,1.8,5.0,0.36,93
673548,2024,746601,2024-08-13,0.0,4.0,0.0,94
673548,2024,746598,2024-08-14,2.3,4.0,0.575,95
673548,2024,746843,2024-08-16,0.9,5.0,0.18,96
673548,2024,746841,2024-08-17,0.7,4.0,0.175,97
673548,2024,746838,2024-08-18,0.9,4.0,0.225,98
673548,2024,746839,2024-08-20,0.7,4.0,0.175,99
673548,2024,746837,2024-08-21,1.8,4.0,0.45,100
673548,2024,746836,2024-08-22,1.6,4.0,0.4,101
673548,2024,746024,2024-08-23,2.85,5.0,0.5700000000000001,102
673548,2024,746022,2024-08-24,5.6,5.0,1.1199999999999999,103
673548,2024,746023,2024-08-25,0.0,4.0,0.0,104
673548,2024,745458,2024-08-26,3.95,6.0,0.6583333333333333,105
673548,2024,745461,2024-08-27,3.6,5.0,0.72,106
673548,2024,745452,2024-08-28,2.5,6.0,0.4166666666666667,107
673548,2024,744810,2024-08-30,0.0,5.0,0.0,108
673548,2024,744808,2024-08-31,0.9,4.0,0.225,109
673548,2024,744806,2024-09-01,3.9,6.0,0.65,110
673548,2024,746833,2024-09-02,1.4,4.0,0.35,111
673548,2024,746834,2024-09-03,0.9,4.0,0.225,112
673548,2024,746835,2024-09-04,2.5,5.0,0.5,113
673548,2024,746832,2024-09-06,0.7,4.0,0.175,114
673548,2024,746829,2024-09-07,0.7,4.0,0.175,115
673548,2024,746827,2024-09-08,0.0,4.0,0.0,116
673548,2024,746101,2024-09-09,1.8,5.0,0.36,117
673548,2024,746097,2024-09-10,3.05,5.0,0.61,118
673548,2024,746100,2024-09-11,3.4,5.0,0.6799999999999999,119
673548,2024,746509,2024-09-13,0.9,5.0,0.18,120
673548,2024,746508,2024-09-14,1.25,4.0,0.3125,121
673548,2024,746506,2024-09-15,3.0,6.0,0.5,122
673548,2024,746828,2024-09-16,2.7,5.0,0.54,123
673548,2024,746830,2024-09-17,1.6,5.0,0.32,124
673548,2024,746831,2024-09-18,1.6,4.0,0.4,125
673548,2024,746823,2024-09-19,3.6,4.0,0.9,126
673548,2024,746824,2024-09-20,0.7,4.0,0.175,127
673548,2024,746825,2024-09-22,0.9,4.0,0.225,128
673548,2024,745527,2024-09-23,1.25,4.0,0.3125,129
673548,2024,745526,2024-09-24,2.85,4.0,0.7125,130
673548,2024,746819,2024-09-28,2.5,3.0,0.8333333333333334,131
673548,2024,746820,2024-09-29,1.6,5.0,0.32,132
572761,2024,746167,2024-03-29,0.0,1.0,0.0,1
572761,2024,746168,2024-03-30,1.6,5.0,0.32,2
572761,2024,745437,2024-04-01,1.8,5.0,0.36,3
572761,2024,745994,2024-05-11,2.15,4.0,0.5375,4
572761,2024,745990,2024-05-12,1.6,5.0,0.32,5
572761,2024,746233,2024-05-13,1.6,6.0,0.26666666666666666,6
572761,2024,746231,2024-05-15,0.7,5.0,0.13999999999999999,7
572761,2024,745179,2024-05-19,0.0,3.0,0.0,8
572761,2024,745176,2024-05-25,0.9,1.0,0.9,9
572761,2024,745172,2024-05-26,1.4,4.0,0.35,10
572761,2024,746706,2024-05-29,2.7,4.0,0.675,11
572761,2024,745574,2024-05-31,0.0,3.0,0.0,12
572761,2024,745575,2024-06-01,0.0,1.0,0.0,13
572761,2024,745572,2024-06-02,0.0,4.0,0.0,14
572761,2024,746382,2024-06-03,0.0,4.0,0.0,15
572761,2024,746380,2024-06-04,0.9,4.0,0.225,16
572761,2024,745174,2024-06-06,1.6,3.0,0.5333333333333333,17
572761,2024,745169,2024-06-07,0.0,2.0,0.0,18
572761,2024,745166,2024-06-08,2.7,4.0,0.675,19
572761,2024,745170,2024-06-11,0.0,2.0,0.0,20
572761,2024,746049,2024-06-18,1.8,4.0,0.45,21
572761,2024,746050,2024-06-19,2.15,4.0,0.5375,22
572761,2024,745164,2024-06-20,0.0,1.0,0.0,23
572761,2024,745163,2024-06-22,0.9,4.0,0.225,24
572761,2024,745165,2024-06-23,1.6,3.0,0.5333333333333333,25
572761,2024,745160,2024-06-24,0.9,3.0,0.3,26
572761,2024,745157,2024-06-26,0.9,2.0,0.45,27
572761,2024,745162,2024-06-27,0.0,1.0,0.0,28
572761,2024,745161,2024-06-28,1.4,3.0,0.4666666666666666,29
572761,2024,745159,2024-06-29,2.15,4.0,0.5375,30
572761,2024,745482,2024-07-02,0.9,5.0,0.18,31
572761,2024,745484,2024-07-04,0.0,1.0,0.0,32
572761,2024,745156,2024-07-10,0.0,1.0,0.0,33
572761,2024,745153,2024-07-12,0.0,1.0,0.0,34
572761,2024,745152,2024-07-13,1.25,1.0,1.25,35
572761,2024,745175,2024-07-13,0.9,4.0,0.225,36
572761,2024,747093,2024-07-20,0.0,1.0,0.0,37
572761,2024,745150,2024-07-27,0.9,1.0,0.9,38
572761,2024,745147,2024-07-29,2.0,3.0,0.6666666666666666,39
572761,2024,745149,2024-07-30,1.25,2.0,0.625,40
572761,2024,745142,2024-08-07,1.4,4.0,0.35,41
572761,2024,745136,2024-08-20,2.0,1.0,2.0,42
572761,2024,745138,2024-08-21,2.3,5.0,0.45999999999999996,43
572761,2024,745137,2024-08-22,0.0,2.0,0.0,44
572761,2024,745870,2024-08-23,0.7,1.0,0.7,45
572761,2024,745868,2024-08-24,0.0,2.0,0.0,46
572761,2024,745863,2024-08-25,0.0,4.0,0.0,47
572761,2024,745133,2024-08-26,0.0,2.0,0.0,48
572761,2024,745134,2024-08-28,0.0,1.0,0.0,49
572761,2024,745131,2024-09-06,0.0,1.0,0.0,50
572761,2024,745128,2024-09-08,1.25,1.0,1.25,51
572761,2024,745126,2024-09-10,0.0,1.0,0.0,52
572761,2024,745118,2024-09-22,0.7,3.0,0.2333333333333333,53
572761,2024,746504,2024-09-24,1.25,1.0,1.25,54
572761,2024,745280,2024-09-27,0.0,5.0,0.0,55
572761,2024,745281,2024-09-28,0.0,1.0,0.0,56
572761,2024,745282,2024-09-29,0.9,1.0,0.9,57
608385,2025,778559,2025-03-27,0.0,1.0,0.0,1
608385,2025,778518,2025-03-28,1.6,4.0,0.4,2
608385,2025,778530,2025-03-29,0.0,2.0,0.0,3
608385,2025,778497,2025-04-01,0.9,4.0,0.225,4
608385,2025,778481,2025-04-02,1.4,5.0,0.27999999999999997,5
608385,2025,778446,2025-04-05,4.45,4.0,1.1125,6
608385,2025,778435,2025-04-06,0.0,3.0,0.0,7
608385,2025,778416,2025-04-07,0.0,4.0,0.0,8
608385,2025,778346,2025-04-12,0.0,1.0,0.0,9
608385,2025,778324,2025-04-14,0.0,3.0,0.0,10
608385,2025,778307,2025-04-15,0.0,2.0,0.0,11
608385,2025,778299,2025-04-16,2.5,5.0,0.5,12
608385,2025,778270,2025-04-18,0.0,3.0,0.0,13
608385,2025,778244,2025-04-20,0.7,4.0,0.175,14
608385,2025,778225,2025-04-21,2.9,3.0,0.9666666666666667,15
608385,2025,778203,2025-04-23,1.25,3.0,0.4166666666666667,16
608385,2025,778183,2025-04-25,0.0,4.0,0.0,17
608385,2025,778173,2025-04-26,0.9,4.0,0.225,18
608385,2025,778138,2025-04-28,3.2,6.0,0.5333333333333333,19
608385,2025,778117,2025-04-30,0.0,2.0,0.0,20
608385,2025,778103,2025-05-01,1.95,4.0,0.4875,21
608385,2025,778084,2025-05-02,1.8,3.0,0.6,22
608385,2025,778053,2025-05-04,0.7,2.0,0.35,23
608385,2025,777198,2025-07-08,0.0,2.0,0.0,24
608385,2025,777165,2025-07-10,0.0,1.0,0.0,25
608701,2025,778512,2025-03-31,1.8,3.0,0.6,1
608701,2025,778443,2025-04-06,1.6,3.0,0.5333333333333333,2
608701,2025,778432,2025-04-06,0.0,1.0,0.0,3
608701,2025,778404,2025-04-08,0.9,4.0,0.225,4
608701,2025,778386,2025-04-09,0.0,1.0,0.0,5
608701,2025,778377,2025-04-10,0.9,1.0,0.9,6
608701,2025,778349,2025-04-12,0.0,4.0,0.0,7
608701,2025,778275,2025-04-18,3.4,4.0,0.85,8
608701,2025,778238,2025-04-21,2.0,4.0,0.5,9
608701,2025,778207,2025-04-23,0.0,1.0,0.0,10
608701,2025,778169,2025-04-26,1.95,5.0,0.39,11
608701,2025,778157,2025-04-27,2.9,5.0,0.58,12
608701,2025,778095,2025-05-01,0.9,4.0,0.225,13
608701,2025,777927,2025-05-14,0.0,3.0,0.0,14
608701,2025,777908,2025-05-16,2.0,4.0,0.5,15
608701,2025,777876,2025-05-18,0.0,1.0,0.0,16
608701,2025,777815,2025-05-23,4.5,6.0,0.75,17
608701,2025,777790,2025-05-24,0.7,3.0,0.2333333333333333,18
608701,2025,777764,2025-05-26,1.4,2.0,0.7,19
608701,2025,777719,2025-05-30,0.0,2.0,0.0,20
608701,2025,777670,2025-06-02,1.6,4.0,0.4,21
608701,2025,777667,2025-06-03,1.6,3.0,0.5333333333333333,22
608701,2025,777649,2025-06-04,0.0,2.0,0.0,23
608701,2025,777627,2025-06-06,0.0,2.0,0.0,24
608701,2025,777605,2025-06-07,1.95,4.0,0.4875,25
608701,2025,777593,2025-06-08,0.7,3.0,0.2333333333333333,26
608701,2025,777584,2025-06-09,0.7,1.0,0.7,27
608701,2025,777537,2025-06-13,1.6,3.0,0.5333333333333333,28
608701,2025,777516,2025-06-14,2.15,3.0,0.7166666666666667,29
608701,2025,777500,2025-06-15,1.8,3.0,0.6,30
608701,2025,777473,2025-06-17,0.0,3.0,0.0,31
608701,2025,777395,2025-06-22,2.9,5.0,0.58,32
608701,2025,777376,2025-06-24,0.7,3.0,0.2333333333333333,33
608701,2025,777362,2025-06-25,0.0,3.0,0.0,34
608701,2025,777310,2025-06-29,0.0,2.0,0.0,35
608701,2025,777228,2025-07-05,1.25,5.0,0.25,36
608701,2025,777213,2025-07-06,1.25,5.0,0.25,37
608701,2025,777209,2025-07-07,1.6,3.0,0.5333333333333333,38
608701,2025,777196,2025-07-08,1.6,4.0,0.4,39
608701,2025,777155,2025-07-11,0.0,1.0,0.0,40
608701,2025,777096,2025-07-19,1.25,3.0,0.4166666666666667,41
608701,2025,777063,2025-07-21,0.0,1.0,0.0,42
608701,2025,777045,2025-07-22,2.0,4.0,0.5,43
608701,2025,777038,2025-07-23,1.4,3.0,0.4666666666666666,44
608701,2025,777012,2025-07-25,0.0,2.0,0.0,45
608701,2025,776998,2025-07-26,0.9,4.0,0.225,46
608701,2025,776983,2025-07-27,0.9,1.0,0.9,47
608701,2025,776922,2025-08-01,0.7,1.0,0.7,48
608701,2025,776909,2025-08-02,2.15,4.0,0.5375,49
608701,2025,776895,2025-08-03,0.9,4.0,0.225,50
608701,2025,776880,2025-08-04,0.9,4.0,0.225,51
608701,2025,776782,2025-08-11,0.0,1.0,0.0,52
608701,2025,776753,2025-08-13,0.0,1.0,0.0,53
608701,2025,776564,2025-08-28,2.9,4.0,0.725,54
608701,2025,776505,2025-09-01,2.15,5.0,0.43,55
608701,2025,776493,2025-09-02,0.0,2.0,0.0,56
608701,2025,776474,2025-09-03,1.6,4.0,0.4,57
608701,2025,776448,2025-09-05,1.25,4.0,0.3125,58
608701,2025,776415,2025-09-07,0.7,2.0,0.35,59
608701,2025,776396,2025-09-09,2.9,5.0,0.58,60
608701,2025,776379,2025-09-10,1.25,1.0,1.25,61
608701,2025,776344,2025-09-13,0.7,4.0,0.175,62
608701,2025,776330,2025-09-14,0.9,4.0,0.225,63
608701,2025,776310,2025-09-16,2.0999999999999996,4.0,0.5249999999999999,64
608701,2025,776299,2025-09-17,2.0,5.0,0.4,65
608701,2025,776281,2025-09-18,0.0,1.0,0.0,66
608701,2025,776217,2025-09-23,0.0,1.0,0.0,67
608701,2025,776186,2025-09-25,0.0,2.0,0.0,68
608701,2025,776157,2025-09-27,0.9,4.0,0.225,69
643446,2025,778183,2025-04-25,0.9,4.0,0.225,1
643446,2025,778173,2025-04-26,0.9,3.0,0.3,2
643446,2025,778138,2025-04-28,3.6,6.0,0.6,3
643446,2025,778117,2025-04-30,1.6,4.0,0.4,4
643446,2025,778103,2025-05-01,0.9,4.0,0.225,5
643446,2025,778084,2025-05-02,0.9,3.0,0.3,6
643446,2025,778053,2025-05-04,0.7,5.0,0.13999999999999999,7
643446,2025,778039,2025-05-05,0.0,3.0,0.0,8
643446,2025,778032,2025-05-06,0.0,3.0,0.0,9
643446,2025,778014,2025-05-07,1.6,3.0,0.5333333333333333,10
643446,2025,778001,2025-05-09,2.0,3.0,0.6666666666666666,11
643446,2025,777982,2025-05-10,0.7,1.0,0.7,12
643446,2025,777968,2025-05-11,0.0,1.0,0.0,13
643446,2025,777950,2025-05-12,2.65,4.0,0.6625,14
643446,2025,777943,2025-05-13,0.0,3.0,0.0,15
643446,2025,777919,2025-05-14,0.9,1.0,0.9,16
643446,2025,777904,2025-05-16,0.7,1.0,0.7,17
643446,2025,777888,2025-05-17,0.7,4.0,0.175,18
643446,2025,777878,2025-05-18,2.3,3.0,0.7666666666666666,19
643446,2025,777856,2025-05-19,1.6,3.0,0.5333333333333333,20
643446,2025,777851,2025-05-20,1.4,4.0,0.35,21
643446,2025,777808,2025-05-23,1.6,5.0,0.32,22
643446,2025,777789,2025-05-24,0.0,4.0,0.0,23
643446,2025,777773,2025-05-25,1.25,3.0,0.4166666666666667,24
643446,2025,777758,2025-05-26,0.0,3.0,0.0,25
643446,2025,777749,2025-05-27,1.8,4.0,0.45,26
643446,2025,777737,2025-05-28,1.95,4.0,0.4875,27
643446,2025,777700,2025-05-31,2.9,4.0,0.725,28
643446,2025,777675,2025-06-02,0.9,4.0,0.225,29
643446,2025,777657,2025-06-03,1.25,4.0,0.3125,30
643446,2025,777638,2025-06-04,0.9,3.0,0.3,31
643446,2025,777631,2025-06-05,0.7,5.0,0.13999999999999999,32
643446,2025,777616,2025-06-06,1.6,5.0,0.32,33
643446,2025,777604,2025-06-07,2.0,3.0,0.6666666666666666,34
643446,2025,777583,2025-06-08,5.25,5.0,1.05,35
643446,2025,777570,2025-06-10,1.8,4.0,0.45,36
643446,2025,777555,2025-06-11,0.9,4.0,0.225,37
643446,2025,777544,2025-06-12,2.7,3.0,0.9,38
643446,2025,777528,2025-06-13,1.6,5.0,0.32,39
643446,2025,777518,2025-06-14,0.9,4.0,0.225,40
643446,2025,777502,2025-06-15,1.4,4.0,0.35,41
643446,2025,777489,2025-06-17,0.9,4.0,0.225,42
643446,2025,777470,2025-06-18,0.9,3.0,0.3,43
643446,2025,777455,2025-06-19,0.0,4.0,0.0,44
643446,2025,777437,2025-06-20,2.0,4.0,0.5,45
643446,2025,777423,2025-06-21,0.0,4.0,0.0,46
643446,2025,777389,2025-06-23,0.0,4.0,0.0,47
643446,2025,777387,2025-06-24,1.95,4.0,0.4875,48
643446,2025,777369,2025-06-25,2.15,4.0,0.5375,49
643446,2025,777352,2025-06-26,1.6,4.0,0.4,50
643446,2025,777341,2025-06-27,0.0,4.0,0.0,51
643446,2025,777313,2025-06-29,1.8,4.0,0.45,52
643446,2025,777289,2025-07-02,0.7,3.0,0.2333333333333333,53
643446,2025,777276,2025-07-02,1.8,4.0,0.45,54
643446,2025,777250,2025-07-04,2.7,4.0,0.675,55
643446,2025,777241,2025-07-05,0.7,4.0,0.175,56
643446,2025,777216,2025-07-06,1.8,4.0,0.45,57
643446,2025,777198,2025-07-08,0.0,4.0,0.0,58
643446,2025,777181,2025-07-10,1.6,4.0,0.4,59
643446,2025,777165,2025-07-10,0.0,1.0,0.0,60
643446,2025,777151,2025-07-11,0.0,4.0,0.0,61
643446,2025,777136,2025-07-12,0.9,4.0,0.225,62
643446,2025,777124,2025-07-13,1.6,1.0,1.6,63
643446,2025,777111,2025-07-18,1.6,4.0,0.4,64
643446,2025,777092,2025-07-19,2.3,4.0,0.575,65
643446,2025,777087,2025-07-20,2.15,3.0,0.7166666666666667,66
643446,2025,777061,2025-07-21,1.6,4.0,0.4,67
643446,2025,777054,2025-07-22,0.7,4.0,0.175,68
643446,2025,777004,2025-07-25,0.7,4.0,0.175,69
643446,2025,776974,2025-07-27,2.5,4.0,0.625,70
643446,2025,776959,2025-07-28,1.4,3.0,0.4666666666666666,71
643446,2025,776947,2025-07-29,0.9,4.0,0.225,72
643446,2025,776931,2025-07-30,0.0,3.0,0.0,73
643446,2025,776926,2025-08-01,1.95,4.0,0.4875,74
643446,2025,776911,2025-08-02,0.9,5.0,0.18,75
643446,2025,776887,2025-08-03,1.8,4.0,0.45,76
643446,2025,776876,2025-08-04,0.9,5.0,0.18,77
643446,2025,776863,2025-08-05,1.1,3.0,0.3666666666666667,78
643446,2025,776846,2025-08-06,0.0,3.0,0.0,79
643446,2025,776828,2025-08-08,1.8,4.0,0.45,80
643446,2025,776817,2025-08-09,1.25,4.0,0.3125,81
643446,2025,776799,2025-08-10,1.6,4.0,0.4,82
643446,2025,776772,2025-08-12,0.7,5.0,0.13999999999999999,83
643446,2025,776756,2025-08-13,1.95,5.0,0.39,84
643446,2025,776748,2025-08-14,0.0,4.0,0.0,85
643446,2025,776736,2025-08-15,2.15,4.0,0.5375,86
643446,2025,776726,2025-08-16,0.9,4.0,0.225,87
643446,2025,776707,2025-08-17,1.8,5.0,0.36,88
643446,2025,776678,2025-08-19,4.85,5.0,0.97,89
643446,2025,776659,2025-08-20,1.25,4.0,0.3125,90
643446,2025,776650,2025-08-21,0.0,1.0,0.0,91
643446,2025,776626,2025-08-23,4.0,5.0,0.8,92
643446,2025,776624,2025-08-24,1.4,5.0,0.27999999999999997,93
643446,2025,776598,2025-08-25,1.8,5.0,0.36,94
643446,2025,776585,2025-08-26,0.0,4.0,0.0,95
643446,2025,776566,2025-08-27,0.0,4.0,0.0,96
643446,2025,776558,2025-08-28,1.4,4.0,0.35,97
643446,2025,776535,2025-08-30,2.3,5.0,0.45999999999999996,98
643446,2025,776519,2025-08-31,2.15,4.0,0.5375,99
643446,2025,776501,2025-09-01,3.05,4.0,0.7625,100
643446,2025,776490,2025-09-02,2.7,5.0,0.54,101
643446,2025,776478,2025-09-03,2.3,4.0,0.575,102
643446,2025,776450,2025-09-05,0.9,4.0,0.225,103
643446,2025,776439,2025-09-06,0.9,4.0,0.225,104
643446,2025,776429,2025-09-07,0.0,3.0,0.0,105
643446,2025,776405,2025-09-08,0.9,4.0,0.225,106
643446,2025,776404,2025-09-09,1.6,4.0,0.4,107
643446,2025,776371,2025-09-11,0.0,3.0,0.0,108
643446,2025,776359,2025-09-12,0.0,2.0,0.0,109
643446,2025,776349,2025-09-13,1.4,4.0,0.35,110
643446,2025,776335,2025-09-14,0.0,4.0,0.0,111
643446,2025,776304,2025-09-16,1.25,4.0,0.3125,112
643446,2025,776288,2025-09-17,0.0,4.0,0.0,113
643446,2025,776276,2025-09-18,0.7,4.0,0.175,114
643446,2025,776259,2025-09-19,0.9,1.0,0.9,115
643446,2025,776252,2025-09-20,0.7,3.0,0.2333333333333333,116
643446,2025,776237,2025-09-21,0.0,4.0,0.0,117
643446,2025,776209,2025-09-23,1.25,4.0,0.3125,118
643446,2025,776205,2025-09-24,0.7,3.0,0.2333333333333333,119
643446,2025,776173,2025-09-26,0.7,4.0,0.175,120
643446,2025,776161,2025-09-27,1.25,4.0,0.3125,121
643446,2025,776148,2025-09-28,0.0,4.0,0.0,122
609280,2025,778547,2025-03-27,0.0,3.0,0.0,1
609280,2025,778541,2025-03-28,0.7,2.0,0.35,2
609280,2025,778521,2025-03-29,1.8,4.0,0.45,3
609280,2025,778513,2025-03-30,0.7,4.0,0.175,4
609280,2025,778501,2025-03-31,2.5,4.0,0.625,5
609280,2025,778494,2025-04-01,0.9,4.0,0.225,6
609280,2025,778456,2025-04-04,1.25,5.0,0.25,7
609280,2025,778423,2025-04-06,1.8,4.0,0.45,8
609280,2025,778414,2025-04-07,0.9,4.0,0.225,9
609280,2025,778395,2025-04-08,1.8,4.0,0.45,10
609280,2025,778381,2025-04-09,0.0,3.0,0.0,11
609280,2025,778358,2025-04-11,2.9,4.0,0.725,12
609280,2025,778346,2025-04-12,0.9,4.0,0.225,13
609280,2025,778333,2025-04-13,1.6,4.0,0.4,14
609280,2025,778309,2025-04-15,0.0,5.0,0.0,15
609280,2025,778294,2025-04-16,1.6,4.0,0.4,16
609280,2025,778261,2025-04-18,2.7,4.0,0.675,17
609280,2025,778253,2025-04-19,1.25,4.0,0.3125,18
609280,2025,778213,2025-04-22,3.8,5.0,0.76,19
609280,2025,778192,2025-04-24,0.0,2.0,0.0,20
609280,2025,778165,2025-04-26,1.6,4.0,0.4,21
609280,2025,778143,2025-04-28,1.8,4.0,0.45,22
609280,2025,778096,2025-05-01,1.8,4.0,0.45,23
609280,2025,778061,2025-05-04,1.6,4.0,0.4,24
609280,2025,778038,2025-05-05,0.0,4.0,0.0,25
609280,2025,778024,2025-05-06,1.8,4.0,0.45,26
609280,2025,778010,2025-05-07,0.9,4.0,0.225,27
609280,2025,777994,2025-05-09,0.0,4.0,0.0,28
609280,2025,777972,2025-05-10,2.15,4.0,0.5375,29
609280,2025,777957,2025-05-11,0.9,3.0,0.3,30
609280,2025,777937,2025-05-13,3.8,5.0,0.76,31
609280,2025,777917,2025-05-14,1.25,4.0,0.3125,32
609280,2025,777891,2025-05-16,0.9,4.0,0.225,33
609280,2025,777879,2025-05-17,0.9,3.0,0.3,34
609280,2025,777843,2025-05-20,2.5,4.0,0.625,35
609280,2025,777828,2025-05-21,1.6,5.0,0.32,36
609280,2025,777812,2025-05-22,0.9,5.0,0.18,37
609280,2025,777804,2025-05-23,1.6,4.0,0.4,38
609280,2025,777784,2025-05-24,2.7,6.0,0.45,39
609280,2025,777765,2025-05-25,0.9,4.0,0.225,40
609280,2025,777752,2025-05-27,0.9,3.0,0.3,41
609280,2025,777734,2025-05-28,0.0,4.0,0.0,42
609280,2025,777727,2025-05-29,0.0,3.0,0.0,43
609280,2025,777716,2025-05-30,1.25,2.0,0.625,44
609280,2025,777701,2025-05-31,0.0,4.0,0.0,45
609280,2025,777685,2025-06-01,0.7,3.0,0.2333333333333333,46
609280,2025,777156,2025-07-10,0.0,4.0,0.0,47
609280,2025,777152,2025-07-11,0.0,4.0,0.0,48
609280,2025,777132,2025-07-12,1.8,4.0,0.45,49
609280,2025,777105,2025-07-18,1.25,4.0,0.3125,50
609280,2025,777104,2025-07-19,1.8,4.0,0.45,51
609280,2025,777057,2025-07-21,0.0,4.0,0.0,52
609280,2025,777043,2025-07-22,0.9,4.0,0.225,53
609280,2025,777033,2025-07-23,0.9,2.0,0.45,54
609280,2025,777025,2025-07-24,0.0,1.0,0.0,55
609280,2025,776991,2025-07-26,1.6,4.0,0.4,56
609280,2025,776976,2025-07-27,2.9,3.0,0.9666666666666667,57
609280,2025,776957,2025-07-28,0.9,4.0,0.225,58
609280,2025,776944,2025-07-29,2.5,4.0,0.625,59
609280,2025,776930,2025-07-30,4.0,4.0,1.0,60
609280,2025,776907,2025-08-02,0.0,2.0,0.0,61
609280,2025,776878,2025-08-04,0.0,1.0,0.0,62
609280,2025,776860,2025-08-05,2.15,4.0,0.5375,63
609280,2025,776840,2025-08-07,0.0,1.0,0.0,64
609280,2025,776829,2025-08-08,2.3,3.0,0.7666666666666666,65
609280,2025,776812,2025-08-09,1.25,4.0,0.3125,66
609280,2025,776801,2025-08-10,4.3,5.0,0.86,67
609280,2025,776792,2025-08-11,1.6,4.0,0.4,68
609280,2025,776777,2025-08-12,2.0,4.0,0.5,69
609280,2025,776765,2025-08-13,2.9,4.0,0.725,70
609280,2025,776740,2025-08-15,0.9,3.0,0.3,71
609280,2025,776721,2025-08-16,1.8,5.0,0.36,72
609280,2025,776709,2025-08-17,0.0,3.0,0.0,73
609280,2025,776668,2025-08-19,3.05,4.0,0.7625,74
609280,2025,776652,2025-08-20,1.25,4.0,0.3125,75
609280,2025,776635,2025-08-22,1.25,2.0,0.625,76
609280,2025,776622,2025-08-23,0.0,4.0,0.0,77
609280,2025,776609,2025-08-24,0.7,1.0,0.7,78
609280,2025,776574,2025-08-26,0.7,4.0,0.175,79
609280,2025,776551,2025-08-29,2.7,5.0,0.54,80
609280,2025,776536,2025-08-30,2.15,4.0,0.5375,81
609280,2025,776503,2025-09-01,0.0,1.0,0.0,82
609280,2025,776450,2025-09-05,0.9,3.0,0.3,83
609280,2025,776377,2025-09-10,0.9,1.0,0.9,84
609280,2025,776358,2025-09-12,0.0,2.0,0.0,85
609280,2025,776312,2025-09-15,0.9,5.0,0.18,86
609280,2025,776267,2025-09-19,2.0,4.0,0.5,87
609280,2025,776254,2025-09-20,0.9,2.0,0.45,88
609280,2025,776224,2025-09-23,0.9,2.0,0.45,89
609280,2025,776202,2025-09-24,0.0,1.0,0.0,90
609280,2025,776190,2025-09-25,1.8,4.0,0.45,91
609280,2025,776171,2025-09-26,1.8,4.0,0.45,92
609280,2025,776153,2025-09-27,3.05,5.0,0.61,93
609280,2025,776144,2025-09-28,0.0,4.0,0.0,94
650402,2025,778546,2025-03-27,1.8,5.0,0.36,1
650402,2025,778544,2025-03-28,2.7,3.0,0.9,2
650402,2025,778363,2025-04-11,2.5,5.0,0.5,3
650402,2025,778335,2025-04-13,0.9,4.0,0.225,4
650402,2025,778323,2025-04-14,1.6,4.0,0.4,5
650402,2025,778310,2025-04-15,1.25,4.0,0.3125,6
650402,2025,778295,2025-04-16,0.0,4.0,0.0,7
650402,2025,778286,2025-04-17,1.8,5.0,0.36,8
650402,2025,778277,2025-04-18,0.9,5.0,0.18,9
650402,2025,778246,2025-04-20,0.0,5.0,0.0,10
650402,2025,778228,2025-04-21,2.7,5.0,0.54,11
650402,2025,778221,2025-04-22,0.7,4.0,0.175,12
650402,2025,778209,2025-04-23,2.0,4.0,0.5,13
650402,2025,778180,2025-04-26,1.6,5.0,0.32,14
650402,2025,778168,2025-04-26,0.0,5.0,0.0,15
650402,2025,778155,2025-04-27,2.8499999999999996,4.0,0.7124999999999999,16
650402,2025,778142,2025-04-28,0.7,4.0,0.175,17
650402,2025,778124,2025-04-29,3.8,5.0,0.76,18
650402,2025,778110,2025-04-30,0.0,5.0,0.0,19
650402,2025,778101,2025-05-01,4.5,4.0,1.125,20
650402,2025,778067,2025-05-03,1.25,4.0,0.3125,21
650402,2025,778050,2025-05-04,1.4,4.0,0.35,22
650402,2025,778013,2025-05-07,1.25,5.0,0.25,23
650402,2025,778029,2025-05-08,1.25,5.0,0.25,24
650402,2025,778004,2025-05-08,1.8,5.0,0.36,25
650402,2025,777996,2025-05-09,1.4,4.0,0.35,26
650402,2025,777987,2025-05-10,1.6,4.0,0.4,27
650402,2025,777969,2025-05-11,0.9,4.0,0.225,28
650402,2025,777951,2025-05-12,4.5,4.0,1.125,29
650402,2025,777940,2025-05-13,0.9,5.0,0.18,30
650402,2025,777927,2025-05-14,0.0,4.0,0.0,31
650402,2025,777906,2025-05-16,1.8,5.0,0.36,32
650402,2025,777886,2025-05-17,1.95,4.0,0.4875,33
650402,2025,777871,2025-05-18,2.0999999999999996,5.0,0.41999999999999993,34
650402,2025,777862,2025-05-19,0.7,4.0,0.175,35
650402,2025,777840,2025-05-20,0.9,4.0,0.225,36
650402,2025,777827,2025-05-21,0.0,1.0,0.0,37
650402,2025,777821,2025-05-22,0.0,1.0,0.0,38
650402,2025,777807,2025-05-23,0.7,4.0,0.175,39
650402,2025,777796,2025-05-24,4.25,5.0,0.85,40
650402,2025,777780,2025-05-25,2.65,5.0,0.53,41
650402,2025,777770,2025-05-26,0.7,4.0,0.175,42
650402,2025,777755,2025-05-27,1.6,4.0,0.4,43
650402,2025,777738,2025-05-28,2.5,4.0,0.625,44
650402,2025,777711,2025-05-30,2.3,5.0,0.45999999999999996,45
650402,2025,777694,2025-05-31,0.7,4.0,0.175,46
650402,2025,777677,2025-06-01,0.7,4.0,0.175,47
650402,2025,777674,2025-06-02,1.8,4.0,0.45,48
650402,2025,777661,2025-06-03,1.4,4.0,0.35,49
650402,2025,777639,2025-06-04,1.25,5.0,0.25,50
650402,2025,777634,2025-06-05,0.7,5.0,0.13999999999999999,51
650402,2025,777626,2025-06-06,0.9,4.0,0.225,52
650402,2025,777609,2025-06-07,1.8,4.0,0.45,53
650402,2025,777594,2025-06-08,1.6,4.0,0.4,54
650402,2025,777573,2025-06-10,1.8,5.0,0.36,55
650402,2025,777562,2025-06-11,0.9,4.0,0.225,56
650402,2025,777540,2025-06-12,0.0,4.0,0.0,57
650402,2025,777538,2025-06-13,4.0,5.0,0.8,58
650402,2025,777517,2025-06-14,0.0,3.0,0.0,59
650402,2025,777505,2025-06-15,3.75,5.0,0.75,60
650402,2025,777475,2025-06-17,0.7,4.0,0.175,61
650402,2025,777464,2025-06-19,1.95,5.0,0.39,62
650402,2025,777451,2025-06-19,3.05,5.0,0.61,63
650402,2025,777431,2025-06-20,2.3,4.0,0.575,64
650402,2025,777420,2025-06-21,1.4,5.0,0.27999999999999997,65
650402,2025,777409,2025-06-22,1.6,5.0,0.32,66
650402,2025,777386,2025-06-24,1.8,5.0,0.36,67
650402,2025,777371,2025-06-25,1.25,4.0,0.3125,68
650402,2025,777351,2025-06-26,2.7,4.0,0.675,69
650402,2025,777334,2025-06-27,1.8,4.0,0.45,70
650402,2025,777324,2025-06-28,2.7,5.0,0.54,71
650402,2025,777314,2025-06-29,0.9,4.0,0.225,72
650402,2025,777284,2025-07-02,1.4,5.0,0.27999999999999997,73
650402,2025,777265,2025-07-02,0.9,5.0,0.18,74
650402,2025,777258,2025-07-03,2.5,5.0,0.5,75
650402,2025,777249,2025-07-04,0.7,4.0,0.175,76
650402,2025,777240,2025-07-05,0.7,1.0,0.7,77
650402,2025,777226,2025-07-06,1.6,2.0,0.8,78
650402,2025,777211,2025-07-07,0.7,4.0,0.175,79
650402,2025,777195,2025-07-08,0.9,4.0,0.225,80
650402,2025,777182,2025-07-09,1.25,5.0,0.25,81
650402,2025,777161,2025-07-11,1.4,4.0,0.35,82
650402,2025,777145,2025-07-12,3.4,5.0,0.6799999999999999,83
650402,2025,777121,2025-07-13,2.7,4.0,0.675,84
650402,2025,777098,2025-07-18,0.0,4.0,0.0,85
650402,2025,777088,2025-07-19,1.4,4.0,0.35,86
650402,2025,777073,2025-07-20,3.4,5.0,0.6799999999999999,87
650402,2025,777060,2025-07-21,0.9,4.0,0.225,88
650402,2025,777044,2025-07-22,3.05,5.0,0.61,89
650402,2025,777029,2025-07-23,0.0,4.0,0.0,90
650402,2025,777021,2025-07-24,0.0,3.0,0.0,91
650402,2025,777016,2025-07-25,0.0,4.0,0.0,92
650402,2025,777003,2025-07-26,0.9,4.0,0.225,93
650402,2025,776987,2025-07-27,2.9,4.0,0.725,94
650402,2025,776973,2025-07-28,1.6,4.0,0.4,95
650402,2025,776953,2025-07-29,2.9,5.0,0.58,96
650402,2025,776940,2025-07-30,0.0,4.0,0.0,97
650402,2025,776913,2025-08-01,2.0,4.0,0.5,98
650402,2025,776912,2025-08-02,2.9,5.0,0.58,99
650402,2025,776890,2025-08-03,0.9,4.0,0.225,100
650402,2025,776874,2025-08-04,0.0,4.0,0.0,101
650402,2025,776859,2025-08-06,0.9,4.0,0.225,102
650402,2025,776832,2025-08-08,0.7,4.0,0.175,103
650402,2025,776813,2025-08-09,1.95,5.0,0.39,104
650402,2025,776806,2025-08-10,2.3,5.0,0.45999999999999996,105
650402,2025,776781,2025-08-11,0.0,4.0,0.0,106
650402,2025,776773,2025-08-12,0.9,5.0,0.18,107
650402,2025,776754,2025-08-13,0.0,4.0,0.0,108
650402,2025,776744,2025-08-14,0.0,5.0,0.0,109
650402,2025,776732,2025-08-15,1.8,4.0,0.45,110
650402,2025,776716,2025-08-16,0.7,6.0,0.11666666666666665,111
650402,2025,776692,2025-08-18,1.4,5.0,0.27999999999999997,112
650402,2025,776685,2025-08-19,2.5,5.0,0.5,113
650402,2025,776673,2025-08-20,0.7,4.0,0.175,114
650402,2025,776649,2025-08-22,2.15,5.0,0.43,115
650402,2025,776625,2025-08-23,2.3,4.0,0.575,116
650402,2025,776590,2025-08-25,2.7,5.0,0.54,117
650402,2025,776573,2025-08-26,0.7,5.0,0.13999999999999999,118
650402,2025,776559,2025-08-27,1.4,4.0,0.35,119
650402,2025,776540,2025-08-29,2.7,5.0,0.54,120
650402,2025,776528,2025-08-30,0.9,4.0,0.225,121
650402,2025,776512,2025-08-31,2.5,5.0,0.5,122
650402,2025,776501,2025-09-01,1.6,5.0,0.32,123
650402,2025,776490,2025-09-02,0.0,3.0,0.0,124
650402,2025,776478,2025-09-03,0.7,4.0,0.175,125
650402,2025,776452,2025-09-05,0.0,5.0,0.0,126
650402,2025,776435,2025-09-06,3.6,4.0,0.9,127
650402,2025,776425,2025-09-07,0.7,4.0,0.175,128
650402,2025,776398,2025-09-09,2.65,5.0,0.53,129
650402,2025,776383,2025-09-10,0.9,5.0,0.18,130
650402,2025,776368,2025-09-11,2.65,5.0,0.53,131
650402,2025,776366,2025-09-12,0.7,4.0,0.175,132
650402,2025,776347,2025-09-13,0.7,5.0,0.13999999999999999,133
650402,2025,776332,2025-09-14,0.7,4.0,0.175,134
650402,2025,776303,2025-09-16,2.0,5.0,0.4,135
650402,2025,776296,2025-09-17,0.0,4.0,0.0,136
650402,2025,776275,2025-09-18,2.3,4.0,0.575,137
650402,2025,776268,2025-09-19,1.8,3.0,0.6,138
650402,2025,776258,2025-09-20,2.7,5.0,0.54,139
650402,2025,776238,2025-09-21,2.85,5.0,0.5700000000000001,140
650402,2025,776218,2025-09-23,0.0,4.0,0.0,141
650402,2025,776204,2025-09-24,0.9,4.0,0.225,142
650402,2025,776189,2025-09-25,0.9,5.0,0.18,143
650402,2025,776181,2025-09-26,0.9,5.0,0.18,144
650402,2025,776157,2025-09-27,0.0,4.0,0.0,145
650489,2025,778551,2025-03-27,1.95,4.0,0.4875,1
650489,2025,778528,2025-03-29,1.25,3.0,0.4166666666666667,2
650489,2025,778517,2025-03-30,3.25,4.0,0.8125,3
650489,2025,778506,2025-03-31,0.9,4.0,0.225,4
650489,2025,778490,2025-04-01,0.7,4.0,0.175,5
650489,2025,778474,2025-04-02,0.7,4.0,0.175,6
650489,2025,778462,2025-04-03,0.9,3.0,0.3,7
650489,2025,778440,2025-04-05,0.7,4.0,0.175,8
650489,2025,778419,2025-04-06,0.9,5.0,0.18,9
650489,2025,778412,2025-04-07,1.95,4.0,0.4875,10
650489,2025,778388,2025-04-09,0.7,4.0,0.175,11
650489,2025,778373,2025-04-10,1.25,5.0,0.25,12
650489,2025,778363,2025-04-11,0.9,5.0,0.18,13
650489,2025,778348,2025-04-12,0.9,4.0,0.225,14
650489,2025,778335,2025-04-13,1.8,4.0,0.45,15
650489,2025,778324,2025-04-14,0.0,4.0,0.0,16
650489,2025,778307,2025-04-15,0.0,4.0,0.0,17
650489,2025,778299,2025-04-16,2.15,3.0,0.7166666666666667,18
650489,2025,778028,2025-05-06,1.6,4.0,0.4,19
650489,2025,778011,2025-05-07,0.9,3.0,0.3,20
650489,2025,778007,2025-05-08,0.0,4.0,0.0,21
650489,2025,777992,2025-05-09,0.0,3.0,0.0,22
650489,2025,777974,2025-05-10,0.9,3.0,0.3,23
650489,2025,777956,2025-05-11,0.9,4.0,0.225,24
650489,2025,777938,2025-05-14,3.6,5.0,0.72,25
650489,2025,777924,2025-05-14,0.7,4.0,0.175,26
650489,2025,777911,2025-05-15,2.15,4.0,0.5375,27
650489,2025,777898,2025-05-16,0.0,1.0,0.0,28
650489,2025,777861,2025-05-19,1.95,4.0,0.4875,29
650489,2025,777829,2025-05-21,0.7,3.0,0.2333333333333333,30
650489,2025,777799,2025-05-23,0.9,3.0,0.3,31
650489,2025,777788,2025-05-24,1.6,4.0,0.4,32
650489,2025,777772,2025-05-25,0.0,3.0,0.0,33
650489,2025,777762,2025-05-26,0.0,3.0,0.0,34
650489,2025,777746,2025-05-27,0.9,4.0,0.225,35
650489,2025,777713,2025-05-30,5.4,5.0,1.08,36
650489,2025,777695,2025-05-31,3.75,5.0,0.75,37
650489,2025,777680,2025-06-01,0.0,4.0,0.0,38
650489,2025,777669,2025-06-02,2.5,5.0,0.5,39
650489,2025,777658,2025-06-03,4.7,5.0,0.9400000000000001,40
650489,2025,777643,2025-06-04,0.9,4.0,0.225,41
650489,2025,777636,2025-06-05,0.7,4.0,0.175,42
650489,2025,777600,2025-06-07,0.9,4.0,0.225,43
650489,2025,777585,2025-06-08,3.4,5.0,0.6799999999999999,44
650489,2025,777557,2025-06-10,0.9,4.0,0.225,45
650489,2025,777556,2025-06-11,3.2,4.0,0.8,46
650489,2025,777533,2025-06-12,2.15,4.0,0.5375,47
650489,2025,777527,2025-06-13,2.0,4.0,0.5,48
650489,2025,777510,2025-06-14,0.9,4.0,0.225,49
650489,2025,777494,2025-06-15,3.05,4.0,0.7625,50
650489,2025,777478,2025-06-17,0.0,4.0,0.0,51
650489,2025,777474,2025-06-18,1.6,3.0,0.5333333333333333,52
650489,2025,777452,2025-06-19,3.0,6.0,0.5,53
650489,2025,777434,2025-06-20,0.9,4.0,0.225,54
650489,2025,777412,2025-06-21,0.0,4.0,0.0,55
650489,2025,777375,2025-06-24,0.0,2.0,0.0,56
650489,2025,777363,2025-06-25,0.9,3.0,0.3,57
650489,2025,777356,2025-06-26,2.65,5.0,0.53,58
650489,2025,777334,2025-06-27,0.8999999999999999,3.0,0.3,59
650489,2025,777324,2025-06-28,0.0,4.0,0.0,60
650489,2025,777314,2025-06-29,0.0,3.0,0.0,61
650489,2025,777293,2025-07-01,0.9,4.0,0.225,62
650489,2025,777275,2025-07-02,3.05,4.0,0.7625,63
650489,2025,777263,2025-07-03,0.7,4.0,0.175,64
650489,2025,777247,2025-07-04,2.3,4.0,0.575,65
650489,2025,777230,2025-07-05,1.6,5.0,0.32,66
650489,2025,777220,2025-07-06,1.4,5.0,0.27999999999999997,67
650489,2025,777190,2025-07-08,2.0,4.0,0.5,68
650489,2025,777173,2025-07-09,1.25,4.0,0.3125,69
650489,2025,777166,2025-07-10,0.7,4.0,0.175,70
650489,2025,777148,2025-07-11,0.0,4.0,0.0,71
650489,2025,777134,2025-07-12,4.5,5.0,0.9,72
650489,2025,777113,2025-07-13,0.0,4.0,0.0,73
650489,2025,777102,2025-07-18,2.0,5.0,0.4,74
650489,2025,777080,2025-07-19,1.6,5.0,0.32,75
650489,2025,777072,2025-07-20,2.3,5.0,0.45999999999999996,76
650489,2025,777051,2025-07-21,0.0,5.0,0.0,77
650489,2025,777039,2025-07-22,0.9,5.0,0.18,78
650489,2025,777022,2025-07-23,0.9,4.0,0.225,79
650489,2025,777011,2025-07-25,0.0,4.0,0.0,80
650489,2025,776997,2025-07-26,1.95,4.0,0.4875,81
650489,2025,776979,2025-07-27,0.9,4.0,0.225,82
650489,2025,776961,2025-07-28,1.4,5.0,0.27999999999999997,83
650489,2025,776954,2025-07-29,0.0,5.0,0.0,84
650489,2025,776935,2025-07-30,0.0,3.0,0.0,85
650489,2025,776902,2025-08-02,2.5,4.0,0.625,86
650489,2025,776888,2025-08-03,0.9,4.0,0.225,87
650489,2025,776878,2025-08-04,0.9,4.0,0.225,88
650489,2025,776860,2025-08-05,0.0,4.0,0.0,89
650489,2025,776847,2025-08-06,0.0,4.0,0.0,90
650489,2025,776826,2025-08-08,0.0,4.0,0.0,91
650489,2025,776818,2025-08-09,0.0,1.0,0.0,92
650489,2025,776768,2025-08-12,0.9,2.0,0.45,93
650489,2025,776747,2025-08-14,0.0,4.0,0.0,94
650489,2025,776704,2025-08-17,0.0,1.0,0.0,95
650489,2025,777459,2025-08-18,0.0,3.0,0.0,96
650489,2025,776691,2025-08-19,2.9,4.0,0.725,97
650489,2025,776676,2025-08-19,0.0,1.0,0.0,98
650489,2025,776651,2025-08-21,1.6,4.0,0.4,99
650489,2025,776618,2025-08-23,1.8,5.0,0.36,100
650489,2025,776576,2025-08-26,0.0,1.0,0.0,101
650489,2025,776557,2025-08-27,0.0,3.0,0.0,102
650489,2025,776526,2025-08-30,0.0,3.0,0.0,103
650489,2025,776511,2025-08-31,0.0,4.0,0.0,104
650489,2025,776487,2025-09-02,0.0,1.0,0.0,105
650489,2025,776473,2025-09-03,0.9,3.0,0.3,106
650489,2025,776455,2025-09-05,2.65,5.0,0.53,107
650489,2025,776440,2025-09-06,0.7,4.0,0.175,108
650489,2025,776412,2025-09-08,0.9,4.0,0.225,109
650489,2025,776402,2025-09-09,1.6,4.0,0.4,110
650489,2025,776381,2025-09-10,0.9,3.0,0.3,111
650489,2025,776352,2025-09-12,2.3,4.0,0.575,112
650489,2025,776338,2025-09-13,0.7,2.0,0.35,113
650489,2025,776321,2025-09-14,1.6,4.0,0.4,114
650489,2025,776318,2025-09-15,0.7,4.0,0.175,115
650489,2025,776308,2025-09-16,0.0,5.0,0.0,116
650489,2025,776254,2025-09-20,1.25,3.0,0.4166666666666667,117
650489,2025,776239,2025-09-21,0.0,1.0,0.0,118
650489,2025,776142,2025-09-28,0.0,3.0,0.0,119
663898,2025,778559,2025-03-27,0.7,4.0,0.175,1
663898,2025,778518,2025-03-28,0.0,3.0,0.0,2
663898,2025,778489,2025-04-01,0.9,3.0,0.3,3
663898,2025,778475,2025-04-02,1.6,4.0,0.4,4
663898,2025,778462,2025-04-03,3.05,4.0,0.7625,5
663898,2025,778440,2025-04-05,1.95,4.0,0.4875,6
663898,2025,778419,2025-04-06,1.8,5.0,0.36,7
663898,2025,778398,2025-04-08,0.0,5.0,0.0,8
663898,2025,778383,2025-04-09,1.4,5.0,0.27999999999999997,9
663898,2025,778325,2025-04-14,0.0,1.0,0.0,10
663898,2025,778290,2025-04-16,0.0,3.0,0.0,11
663898,2025,778269,2025-04-18,0.9,4.0,0.225,12
663898,2025,778231,2025-04-21,2.15,4.0,0.5375,13
663898,2025,778217,2025-04-22,1.4,4.0,0.35,14
663898,2025,778152,2025-04-27,0.0,4.0,0.0,15
663898,2025,778110,2025-04-30,0.9,5.0,0.18,16
663898,2025,778079,2025-05-02,1.8,4.0,0.45,17
663898,2025,778066,2025-05-03,1.6,4.0,0.4,18
663898,2025,778055,2025-05-04,0.9,3.0,0.3,19
663898,2025,778031,2025-05-06,2.0,4.0,0.5,20
663898,2025,778015,2025-05-07,1.6,4.0,0.4,21
663898,2025,777989,2025-05-09,1.25,4.0,0.3125,22
663898,2025,777979,2025-05-10,0.9,5.0,0.18,23
663898,2025,777963,2025-05-11,0.9,4.0,0.225,24
663898,2025,777931,2025-05-13,0.0,3.0,0.0,25
663898,2025,777882,2025-05-17,0.0,4.0,0.0,26
663898,2025,777869,2025-05-18,0.0,2.0,0.0,27
663898,2025,777832,2025-05-21,0.0,3.0,0.0,28
663898,2025,777752,2025-05-27,0.7,1.0,0.7,29
663898,2025,777734,2025-05-28,0.9,2.0,0.45,30
663898,2025,777693,2025-05-31,0.0,2.0,0.0,31
663898,2025,777622,2025-06-06,2.7,4.0,0.675,32
663898,2025,777608,2025-06-07,0.0,3.0,0.0,33
663898,2025,777550,2025-06-11,0.7,1.0,0.7,34
663898,2025,777546,2025-06-12,0.0,3.0,0.0,35
663898,2025,777527,2025-06-13,1.8,4.0,0.45,36
663898,2025,777510,2025-06-14,0.9,2.0,0.45,37
664023,2025,778563,2025-03-18,1.6,4.0,0.4,1
664023,2025,778564,2025-03-19,1.6,5.0,0.32,2
664023,2025,778552,2025-03-27,3.95,6.0,0.6583333333333333,3
664023,2025,778543,2025-03-28,0.7,4.0,0.175,4
664023,2025,778532,2025-03-29,0.0,5.0,0.0,5
664023,2025,778515,2025-03-30,1.6,5.0,0.32,6
664023,2025,778501,2025-03-31,1.4,6.0,0.2333333333333333,7
664023,2025,778494,2025-04-01,0.9,5.0,0.18,8
664023,2025,778471,2025-04-02,1.8,6.0,0.3,9
664023,2025,778460,2025-04-04,1.8,4.0,0.45,10
664023,2025,778450,2025-04-05,1.95,5.0,0.39,11
664023,2025,778430,2025-04-06,1.6,5.0,0.32,12
664023,2025,778411,2025-04-07,1.8,5.0,0.36,13
664023,2025,778401,2025-04-08,0.9,5.0,0.18,14
664023,2025,778385,2025-04-09,0.9,4.0,0.225,15
664023,2025,778356,2025-04-11,0.7,4.0,0.175,16
664023,2025,778345,2025-04-12,3.75,6.0,0.625,17
664023,2025,778331,2025-04-13,0.0,5.0,0.0,18
664023,2025,778315,2025-04-14,1.6,5.0,0.32,19
664023,2025,778305,2025-04-15,0.9,5.0,0.18,20
664023,2025,778288,2025-04-16,3.05,4.0,0.7625,21
664023,2025,778268,2025-04-18,3.8,5.0,0.76,22
664023,2025,778257,2025-04-19,1.4,4.0,0.35,23
664023,2025,778236,2025-04-20,0.9,5.0,0.18,24
664023,2025,778220,2025-04-22,4.65,6.0,0.775,25
664023,2025,778205,2025-04-23,0.9,5.0,0.18,26
664023,2025,778182,2025-04-25,2.5,5.0,0.5,27
664023,2025,778174,2025-04-26,2.0999999999999996,5.0,0.41999999999999993,28
664023,2025,778158,2025-04-27,0.0,4.0,0.0,29
664023,2025,778135,2025-04-29,1.25,5.0,0.25,30
664023,2025,778112,2025-04-30,1.8,4.0,0.45,31
664023,2025,778100,2025-05-01,3.75,5.0,0.75,32
664023,2025,778080,2025-05-02,2.3,4.0,0.575,33
664023,2025,778071,2025-05-03,1.8,5.0,0.36,34
664023,2025,778054,2025-05-04,0.9,4.0,0.225,35
664023,2025,778044,2025-05-05,2.0,4.0,0.5,36
664023,2025,778027,2025-05-06,1.4,6.0,0.2333333333333333,37
664023,2025,778020,2025-05-07,0.7,4.0,0.175,38
664023,2025,778001,2025-05-09,0.7,4.0,0.175,39
664023,2025,777850,2025-05-20,0.9,6.0,0.15,40
664023,2025,777833,2025-05-21,0.0,4.0,0.0,41
664023,2025,777811,2025-05-23,1.6,5.0,0.32,42
664023,2025,777791,2025-05-24,0.9,5.0,0.18,43
664023,2025,777779,2025-05-25,0.7,5.0,0.13999999999999999,44
664023,2025,777757,2025-05-26,1.6,4.0,0.4,45
664023,2025,777751,2025-05-27,2.15,5.0,0.43,46
664023,2025,777731,2025-05-28,0.9,4.0,0.225,47
664023,2025,777712,2025-05-30,0.7,4.0,0.175,48
664023,2025,777704,2025-05-31,2.5,4.0,0.625,49
664023,2025,777687,2025-06-01,0.0,5.0,0.0,50
664023,2025,777659,2025-06-03,1.6,5.0,0.32,51
664023,2025,777650,2025-06-04,1.6,4.0,0.4,52
664023,2025,777632,2025-06-05,4.15,6.0,0.6916666666666668,53
664023,2025,777626,2025-06-06,0.9,4.0,0.225,54
664023,2025,777609,2025-06-07,0.0,4.0,0.0,55
664023,2025,777594,2025-06-08,0.7,4.0,0.175,56
664023,2025,777578,2025-06-09,2.0,5.0,0.4,57
664023,2025,777571,2025-06-10,5.4,5.0,1.08,58
664023,2025,777553,2025-06-11,1.25,4.0,0.3125,59
664023,2025,777541,2025-06-12,0.0,4.0,0.0,60
664023,2025,777526,2025-06-13,2.3,5.0,0.45999999999999996,61
664023,2025,777513,2025-06-14,0.0,4.0,0.0,62
664023,2025,777497,2025-06-15,1.6,5.0,0.32,63
664023,2025,777482,2025-06-17,0.7,4.0,0.175,64
664023,2025,777450,2025-06-19,2.7,5.0,0.54,65
664023,2025,777436,2025-06-20,2.0,4.0,0.5,66
664023,2025,777419,2025-06-21,4.7,5.0,0.9400000000000001,67
664023,2025,777403,2025-06-22,0.9,5.0,0.18,68
664023,2025,777392,2025-06-23,0.0,4.0,0.0,69
664023,2025,777373,2025-06-24,1.6,5.0,0.32,70
664023,2025,777357,2025-06-25,3.6,5.0,0.72,71
664023,2025,777348,2025-06-26,1.6,5.0,0.32,72
664023,2025,777336,2025-06-27,0.0,5.0,0.0,73
664023,2025,777320,2025-06-28,0.9,6.0,0.15,74
664023,2025,777308,2025-06-29,0.0,4.0,0.0,75
664023,2025,777287,2025-07-01,0.0,4.0,0.0,76
664023,2025,777266,2025-07-02,1.4,5.0,0.27999999999999997,77
664023,2025,777259,2025-07-03,0.7,4.0,0.175,78
664023,2025,777246,2025-07-04,1.25,4.0,0.3125,79
664023,2025,777229,2025-07-05,2.0999999999999996,5.0,0.41999999999999993,80
664023,2025,777219,2025-07-06,0.7,5.0,0.13999999999999999,81
664023,2025,777190,2025-07-08,1.6,4.0,0.4,82
664023,2025,777173,2025-07-09,0.0,4.0,0.0,83
664023,2025,777166,2025-07-10,0.0,5.0,0.0,84
664023,2025,777142,2025-07-12,1.8,4.0,0.45,85
664023,2025,777122,2025-07-13,1.6,4.0,0.4,86
664023,2025,777101,2025-07-18,1.25,4.0,0.3125,87
664023,2025,777096,2025-07-19,2.0,4.0,0.5,88
664023,2025,777075,2025-07-20,0.9,4.0,0.225,89
664023,2025,777065,2025-07-21,0.9,4.0,0.225,90
664023,2025,777047,2025-07-22,0.9,4.0,0.225,91
664023,2025,777031,2025-07-23,1.4,4.0,0.35,92
664023,2025,777017,2025-07-25,0.7,3.0,0.2333333333333333,93
664023,2025,776994,2025-07-26,3.6,4.0,0.9,94
664023,2025,776989,2025-07-27,0.7,4.0,0.175,95
664023,2025,776965,2025-07-28,0.9,4.0,0.225,96
664023,2025,776956,2025-07-29,1.25,3.0,0.4166666666666667,97
664023,2025,776929,2025-07-30,2.0,2.0,1.0,98
664023,2025,776915,2025-08-01,0.0,3.0,0.0,99
664023,2025,776902,2025-08-02,1.25,4.0,0.3125,100
664023,2025,776888,2025-08-03,1.25,4.0,0.3125,101
664023,2025,776878,2025-08-04,0.9,3.0,0.3,102
664023,2025,776860,2025-08-05,1.6,4.0,0.4,103
664023,2025,776847,2025-08-06,2.7,4.0,0.675,104
664023,2025,776826,2025-08-08,0.9,3.0,0.3,105
664023,2025,776818,2025-08-09,0.9,4.0,0.225,106
664023,2025,776795,2025-08-10,0.7,4.0,0.175,107
664023,2025,776768,2025-08-12,1.4,4.0,0.35,108
664023,2025,776757,2025-08-13,0.0,4.0,0.0,109
664023,2025,776747,2025-08-14,1.25,4.0,0.3125,110
664023,2025,776737,2025-08-15,0.7,4.0,0.175,111
664023,2025,776719,2025-08-16,0.7,3.0,0.2333333333333333,112
664023,2025,776704,2025-08-17,2.8499999999999996,4.0,0.7124999999999999,113
664023,2025,776691,2025-08-19,1.25,4.0,0.3125,114
664023,2025,776676,2025-08-19,1.8,4.0,0.45,115
664023,2025,776663,2025-08-20,0.0,4.0,0.0,116
664023,2025,776651,2025-08-21,2.3,4.0,0.575,117
664023,2025,776640,2025-08-22,0.7,4.0,0.175,118
664023,2025,776618,2025-08-23,0.7,3.0,0.2333333333333333,119
664023,2025,776605,2025-08-24,1.4,4.0,0.35,120
664023,2025,776576,2025-08-26,1.25,4.0,0.3125,121
664023,2025,776550,2025-08-28,0.9,4.0,0.225,122
664023,2025,776542,2025-08-29,4.5,5.0,0.9,123
664023,2025,776526,2025-08-30,3.55,5.0,0.71,124
664023,2025,776511,2025-08-31,2.0,4.0,0.5,125
664023,2025,776506,2025-09-01,3.8,5.0,0.76,126
664023,2025,776487,2025-09-02,0.9,4.0,0.225,127
664023,2025,776473,2025-09-03,1.6,4.0,0.4,128
664023,2025,776455,2025-09-05,4.1,5.0,0.82,129
664023,2025,776440,2025-09-06,0.0,4.0,0.0,130
664023,2025,776420,2025-09-07,1.6,5.0,0.32,131
664023,2025,776412,2025-09-08,0.7,4.0,0.175,132
664023,2025,776402,2025-09-09,2.15,5.0,0.43,133
664023,2025,776381,2025-09-10,0.9,5.0,0.18,134
664023,2025,776352,2025-09-12,4.85,5.0,0.97,135
664023,2025,776338,2025-09-13,1.4,5.0,0.27999999999999997,136
664023,2025,776321,2025-09-14,2.9,4.0,0.725,137
664023,2025,776318,2025-09-15,1.6,5.0,0.32,138
664023,2025,776308,2025-09-16,0.7,4.0,0.175,139
664023,2025,776287,2025-09-17,3.6,5.0,0.72,140
664023,2025,776282,2025-09-18,0.0,4.0,0.0,141
664023,2025,776267,2025-09-19,2.15,5.0,0.43,142
664023,2025,776254,2025-09-20,0.0,4.0,0.0,143
664023,2025,776239,2025-09-21,0.9,4.0,0.225,144
664023,2025,776209,2025-09-23,2.85,5.0,0.5700000000000001,145
664023,2025,776205,2025-09-24,1.25,4.0,0.3125,146
664023,2025,776187,2025-09-25,1.95,4.0,0.4875,147
664023,2025,776167,2025-09-26,1.8,4.0,0.45,148
664023,2025,776164,2025-09-27,0.9,4.0,0.225,149
664023,2025,776142,2025-09-28,0.0,2.0,0.0,150
664034,2025,778551,2025-03-27,0.9,4.0,0.225,1
664034,2025,778528,2025-03-29,0.0,3.0,0.0,2
664034,2025,778517,2025-03-30,0.0,4.0,0.0,3
664034,2025,778506,2025-03-31,0.7,4.0,0.175,4
664034,2025,778490,2025-04-01,2.5,4.0,0.625,5
664034,2025,778474,2025-04-02,2.15,4.0,0.5375,6
664034,2025,778462,2025-04-03,0.0,4.0,0.0,7
664034,2025,778440,2025-04-05,0.9,4.0,0.225,8
664034,2025,778419,2025-04-06,0.0,2.0,0.0,9
664034,2025,778412,2025-04-07,1.95,4.0,0.4875,10
664034,2025,778400,2025-04-08,1.25,4.0,0.3125,11
664034,2025,778388,2025-04-09,3.8,4.0,0.95,12
664034,2025,778373,2025-04-10,2.7,4.0,0.675,13
664034,2025,778363,2025-04-11,3.4,5.0,0.6799999999999999,14
664034,2025,778348,2025-04-12,0.0,3.0,0.0,15
664034,2025,778335,2025-04-13,1.8,4.0,0.45,16
664034,2025,778324,2025-04-14,0.7,3.0,0.2333333333333333,17
664034,2025,778307,2025-04-15,1.8,4.0,0.45,18
664034,2025,778299,2025-04-16,0.9,5.0,0.18,19
664034,2025,778284,2025-04-18,0.7,4.0,0.175,20
664034,2025,778267,2025-04-19,0.7,4.0,0.175,21
664034,2025,778249,2025-04-20,0.7,4.0,0.175,22
664034,2025,778216,2025-04-22,1.6,4.0,0.4,23
664034,2025,778201,2025-04-23,2.3,5.0,0.45999999999999996,24
664034,2025,778189,2025-04-24,0.0,3.0,0.0,25
664034,2025,778186,2025-04-25,0.7,4.0,0.175,26
664034,2025,778166,2025-04-26,2.15,5.0,0.43,27
664034,2025,778144,2025-04-27,1.25,4.0,0.3125,28
664034,2025,778139,2025-04-28,2.15,4.0,0.5375,29
664034,2025,778129,2025-04-29,3.8,4.0,0.95,30
664034,2025,778116,2025-04-30,0.9,4.0,0.225,31
664034,2025,778108,2025-05-01,3.05,5.0,0.61,32
664034,2025,778089,2025-05-02,0.0,4.0,0.0,33
664034,2025,778073,2025-05-03,0.7,4.0,0.175,34
664034,2025,778063,2025-05-04,0.0,5.0,0.0,35
664034,2025,778028,2025-05-06,1.25,4.0,0.3125,36
664034,2025,778011,2025-05-07,2.5,4.0,0.625,37
664034,2025,778007,2025-05-08,2.7,4.0,0.675,38
664034,2025,777992,2025-05-09,0.9,4.0,0.225,39
664034,2025,777974,2025-05-10,0.9,4.0,0.225,40
664034,2025,777956,2025-05-11,0.0,5.0,0.0,41
664034,2025,777924,2025-05-14,0.0,3.0,0.0,42
664034,2025,777911,2025-05-15,0.0,2.0,0.0,43
664034,2025,777898,2025-05-16,0.9,4.0,0.225,44
664034,2025,777883,2025-05-17,1.8,4.0,0.45,45
664034,2025,777865,2025-05-18,0.7,4.0,0.175,46
664034,2025,777861,2025-05-19,1.6,5.0,0.32,47
664034,2025,777799,2025-05-23,2.0,4.0,0.5,48
664034,2025,777788,2025-05-24,0.9,5.0,0.18,49
664034,2025,777772,2025-05-25,0.9,4.0,0.225,50
664034,2025,777762,2025-05-26,1.6,4.0,0.4,51
664034,2025,777746,2025-05-27,0.9,4.0,0.225,52
664034,2025,777732,2025-05-28,1.6,4.0,0.4,53
664034,2025,777713,2025-05-30,1.8,5.0,0.36,54
664034,2025,777695,2025-05-31,0.7,2.0,0.35,55
664034,2025,777680,2025-06-01,1.8,4.0,0.45,56
664034,2025,777669,2025-06-02,3.05,5.0,0.61,57
664034,2025,777658,2025-06-03,2.5,5.0,0.5,58
664034,2025,777643,2025-06-04,0.9,4.0,0.225,59
664034,2025,777636,2025-06-05,1.25,4.0,0.3125,60
664034,2025,777615,2025-06-06,0.9,4.0,0.225,61
664034,2025,777600,2025-06-07,0.7,4.0,0.175,62
664034,2025,777585,2025-06-08,2.85,5.0,0.5700000000000001,63
664034,2025,777557,2025-06-10,2.5,4.0,0.625,64
664034,2025,777556,2025-06-11,0.9,4.0,0.225,65
664034,2025,777533,2025-06-12,0.9,4.0,0.225,66
664034,2025,777527,2025-06-13,2.0,4.0,0.5,67
664034,2025,777510,2025-06-14,0.0,3.0,0.0,68
664034,2025,777494,2025-06-15,0.0,4.0,0.0,69
664034,2025,777478,2025-06-17,1.6,4.0,0.4,70
664034,2025,777474,2025-06-18,0.0,3.0,0.0,71
664034,2025,777452,2025-06-19,2.15,6.0,0.35833333333333334,72
664034,2025,777434,2025-06-20,1.25,1.0,1.25,73
664034,2025,777412,2025-06-21,0.0,4.0,0.0,74
664034,2025,777401,2025-06-22,3.6,5.0,0.72,75
664034,2025,777388,2025-06-23,1.25,4.0,0.3125,76
664034,2025,777375,2025-06-24,0.0,4.0,0.0,77
664034,2025,777363,2025-06-25,0.0,3.0,0.0,78
664034,2025,777356,2025-06-26,2.85,5.0,0.5700000000000001,79
664034,2025,777334,2025-06-27,0.7,2.0,0.35,80
664034,2025,777324,2025-06-28,0.9,4.0,0.225,81
664034,2025,777314,2025-06-29,0.9,3.0,0.3,82
664034,2025,777293,2025-07-01,0.0,3.0,0.0,83
664034,2025,777275,2025-07-02,0.0,1.0,0.0,84
664034,2025,777263,2025-07-03,0.0,4.0,0.0,85
664034,2025,777247,2025-07-04,0.9,4.0,0.225,86
664034,2025,777230,2025-07-05,0.0,1.0,0.0,87
664034,2025,777190,2025-07-08,0.0,4.0,0.0,88
664034,2025,777173,2025-07-09,1.25,3.0,0.4166666666666667,89
664034,2025,777134,2025-07-12,1.4,5.0,0.27999999999999997,90
664034,2025,777113,2025-07-13,0.0,2.0,0.0,91
664034,2025,777102,2025-07-18,0.9,4.0,0.225,92
664034,2025,777072,2025-07-20,0.7,5.0,0.13999999999999999,93
664034,2025,777039,2025-07-22,3.9,5.0,0.78,94
664034,2025,777022,2025-07-23,0.9,4.0,0.225,95
664034,2025,777011,2025-07-25,1.4,3.0,0.4666666666666666,96
664034,2025,776997,2025-07-26,3.05,4.0,0.7625,97
664034,2025,776961,2025-07-28,0.7,4.0,0.175,98
664034,2025,776954,2025-07-29,0.9,4.0,0.225,99
664034,2025,776935,2025-07-30,0.0,1.0,0.0,100
664034,2025,776920,2025-08-01,0.0,4.0,0.0,101
664034,2025,776900,2025-08-02,0.9,4.0,0.225,102
664034,2025,776872,2025-08-04,0.9,1.0,0.9,103
664034,2025,776854,2025-08-05,0.0,4.0,0.0,104
664034,2025,776836,2025-08-06,6.05,6.0,1.0083333333333333,105
664034,2025,776823,2025-08-08,1.8,4.0,0.45,106
664034,2025,776808,2025-08-09,1.95,4.0,0.4875,107
664034,2025,776788,2025-08-10,0.9,4.0,0.225,108
664034,2025,776768,2025-08-12,2.85,4.0,0.7125,109
664034,2025,776757,2025-08-13,0.0,1.0,0.0,110
664034,2025,776747,2025-08-14,0.0,3.0,0.0,111
664034,2025,776735,2025-08-15,0.0,1.0,0.0,112
664034,2025,776723,2025-08-16,0.9,1.0,0.9,113
664034,2025,776694,2025-08-18,0.0,2.0,0.0,114
664034,2025,776679,2025-08-19,1.8,4.0,0.45,115
664034,2025,776661,2025-08-20,0.7,3.0,0.2333333333333333,116
664034,2025,776646,2025-08-22,1.8,4.0,0.45,117
664034,2025,776630,2025-08-23,0.0,4.0,0.0,118
664034,2025,776614,2025-08-24,0.7,3.0,0.2333333333333333,119
664034,2025,776596,2025-08-25,0.0,4.0,0.0,120
664034,2025,776582,2025-08-26,0.9,4.0,0.225,121
664034,2025,776567,2025-08-27,2.0,1.0,2.0,122
664034,2025,776527,2025-08-30,1.8,3.0,0.6,123
664034,2025,776491,2025-09-02,1.25,1.0,1.25,124
664034,2025,776475,2025-09-03,2.7,5.0,0.54,125
664034,2025,776423,2025-09-07,0.0,4.0,0.0,126
664034,2025,776393,2025-09-09,0.0,1.0,0.0,127
664034,2025,776385,2025-09-10,0.9,1.0,0.9,128
664034,2025,776353,2025-09-12,0.0,4.0,0.0,129
664034,2025,776343,2025-09-13,0.0,1.0,0.0,130
664034,2025,776322,2025-09-14,0.0,1.0,0.0,131
664034,2025,776290,2025-09-17,0.0,4.0,0.0,132
664034,2025,776269,2025-09-18,0.0,1.0,0.0,133
664034,2025,776260,2025-09-19,0.0,1.0,0.0,134
664034,2025,776245,2025-09-20,0.9,4.0,0.225,135
664034,2025,776229,2025-09-21,0.0,1.0,0.0,136
663886,2025,778087,2025-05-02,3.2,4.0,0.8,1
663886,2025,778077,2025-05-03,0.0,4.0,0.0,2
663886,2025,778058,2025-05-04,2.7,4.0,0.675,3
663886,2025,778049,2025-05-05,0.7,3.0,0.2333333333333333,4
663886,2025,778034,2025-05-06,0.0,5.0,0.0,5
663886,2025,778023,2025-05-07,0.9,3.0,0.3,6
663886,2025,778003,2025-05-08,0.7,3.0,0.2333333333333333,7
663886,2025,777989,2025-05-09,1.25,4.0,0.3125,8
663886,2025,777979,2025-05-10,2.5,5.0,0.5,9
663886,2025,777945,2025-05-13,0.0,4.0,0.0,10
663886,2025,777912,2025-05-15,0.0,4.0,0.0,11
663886,2025,777902,2025-05-16,0.9,4.0,0.225,12
663886,2025,777874,2025-05-18,0.9,4.0,0.225,13
663886,2025,777859,2025-05-19,0.7,4.0,0.175,14
663886,2025,777847,2025-05-20,0.0,3.0,0.0,15
663886,2025,777834,2025-05-21,1.95,4.0,0.4875,16
663886,2025,777811,2025-05-23,1.95,5.0,0.39,17
663886,2025,777791,2025-05-24,0.7,4.0,0.175,18
663886,2025,777760,2025-05-26,4.7,5.0,0.9400000000000001,19
663886,2025,777750,2025-05-27,2.7,4.0,0.675,20
663886,2025,777733,2025-05-28,2.7,4.0,0.675,21
663886,2025,777712,2025-05-30,2.0,4.0,0.5,22
663886,2025,777704,2025-05-31,0.0,3.0,0.0,23
663886,2025,777687,2025-06-01,0.0,4.0,0.0,24
663886,2025,777671,2025-06-02,1.8,4.0,0.45,25
663886,2025,777668,2025-06-03,2.0,4.0,0.5,26
663886,2025,777647,2025-06-04,0.7,4.0,0.175,27
663886,2025,777623,2025-06-06,0.7,5.0,0.13999999999999999,28
663886,2025,777612,2025-06-07,3.05,5.0,0.61,29
663886,2025,777580,2025-06-09,2.5,5.0,0.5,30
663886,2025,777569,2025-06-10,0.9,4.0,0.225,31
663886,2025,777538,2025-06-13,3.05,5.0,0.61,32
663886,2025,777517,2025-06-14,3.25,5.0,0.65,33
663886,2025,777505,2025-06-15,0.9,5.0,0.18,34
663886,2025,777478,2025-06-17,0.7,4.0,0.175,35
663886,2025,777452,2025-06-19,0.9,4.0,0.225,36
663886,2025,777433,2025-06-20,0.0,3.0,0.0,37
663886,2025,777415,2025-06-21,0.0,5.0,0.0,38
663886,2025,777407,2025-06-22,0.7,4.0,0.175,39
663886,2025,777390,2025-06-23,2.15,4.0,0.5375,40
663886,2025,777385,2025-06-24,2.0999999999999996,5.0,0.41999999999999993,41
663886,2025,777367,2025-06-25,0.7,4.0,0.175,42
663886,2025,777346,2025-06-27,0.0,3.0,0.0,43
663886,2025,777328,2025-06-28,0.0,4.0,0.0,44
663886,2025,777300,2025-06-30,1.95,4.0,0.4875,45
663886,2025,777277,2025-07-02,1.8,5.0,0.36,46
663886,2025,777255,2025-07-04,2.5,4.0,0.625,47
663886,2025,777233,2025-07-05,0.0,1.0,0.0,48
663886,2025,777217,2025-07-06,0.0,3.0,0.0,49
663886,2025,777208,2025-07-07,0.0,3.0,0.0,50
663886,2025,777197,2025-07-08,0.0,1.0,0.0,51
663886,2025,777183,2025-07-09,1.6,4.0,0.4,52
663886,2025,777160,2025-07-11,0.9,4.0,0.225,53
663886,2025,777128,2025-07-13,1.25,4.0,0.3125,54
663886,2025,777111,2025-07-18,3.95,5.0,0.79,55
663886,2025,777092,2025-07-19,0.9,4.0,0.225,56
663886,2025,777087,2025-07-20,0.0,4.0,0.0,57
663886,2025,777042,2025-07-22,0.9,4.0,0.225,58
663886,2025,777013,2025-07-25,2.9,5.0,0.58,59
663886,2025,777000,2025-07-26,0.9,4.0,0.225,60
663886,2025,776967,2025-07-28,0.9,4.0,0.225,61
663886,2025,776963,2025-07-29,0.0,1.0,0.0,62
663886,2025,776941,2025-07-30,2.0999999999999996,4.0,0.5249999999999999,63
663886,2025,776928,2025-07-31,2.85,5.0,0.5700000000000001,64
663886,2025,776907,2025-08-02,0.7,3.0,0.2333333333333333,65
663886,2025,776878,2025-08-04,2.9,4.0,0.725,66
663886,2025,776847,2025-08-06,0.0,3.0,0.0,67
663886,2025,776829,2025-08-08,3.2,4.0,0.8,68
663886,2025,776812,2025-08-09,0.0,4.0,0.0,69
663886,2025,776792,2025-08-11,0.0,4.0,0.0,70
663886,2025,776765,2025-08-13,0.0,4.0,0.0,71
663886,2025,776740,2025-08-15,0.7,4.0,0.175,72
663886,2025,776450,2025-09-05,1.25,3.0,0.4166666666666667,73
663886,2025,776429,2025-09-07,0.7,3.0,0.2333333333333333,74
663886,2025,776407,2025-09-08,0.0,1.0,0.0,75
663886,2025,776392,2025-09-09,2.0,4.0,0.5,76
663886,2025,776377,2025-09-10,0.0,4.0,0.0,77
663886,2025,776358,2025-09-12,0.7,4.0,0.175,78
663886,2025,776340,2025-09-13,2.9,4.0,0.725,79
663886,2025,776312,2025-09-15,2.85,5.0,0.5700000000000001,80
663886,2025,776300,2025-09-16,0.0,3.0,0.0,81
663886,2025,776282,2025-09-18,0.0,3.0,0.0,82
663886,2025,776254,2025-09-20,2.7,4.0,0.675,83
663886,2025,776224,2025-09-23,0.0,1.0,0.0,84
663886,2025,776202,2025-09-24,5.05,5.0,1.01,85
663886,2025,776171,2025-09-26,0.9,4.0,0.225,86
663886,2025,776153,2025-09-27,1.4,5.0,0.27999999999999997,87
663886,2025,776144,2025-09-28,0.0,1.0,0.0,88
664040,2025,778560,2025-03-28,0.9,4.0,0.225,1
664040,2025,778537,2025-03-29,1.8,5.0,0.36,2
664040,2025,778524,2025-03-30,2.0,4.0,0.5,3
664040,2025,778508,2025-03-31,0.7,5.0,0.13999999999999999,4
664040,2025,778493,2025-04-01,4.5,5.0,0.9,5
664040,2025,778479,2025-04-02,0.0,3.0,0.0,6
664040,2025,778454,2025-04-04,1.8,4.0,0.45,7
664040,2025,778438,2025-04-05,2.0,4.0,0.5,8
664040,2025,778420,2025-04-06,0.9,4.0,0.225,9
664040,2025,778417,2025-04-08,0.9,5.0,0.18,10
664040,2025,778382,2025-04-10,0.9,4.0,0.225,11
664040,2025,778367,2025-04-11,0.0,4.0,0.0,12
664040,2025,778353,2025-04-12,0.9,5.0,0.18,13
664040,2025,778328,2025-04-14,1.6,5.0,0.32,14
664040,2025,778319,2025-04-15,0.0,4.0,0.0,15
664040,2025,778298,2025-04-16,0.0,1.0,0.0,16
664040,2025,778282,2025-04-17,0.9,5.0,0.18,17
664040,2025,778272,2025-04-18,0.0,1.0,0.0,18
664040,2025,778255,2025-04-19,0.9,5.0,0.18,19
664040,2025,778212,2025-04-22,0.9,4.0,0.225,20
664040,2025,778199,2025-04-23,0.0,6.0,0.0,21
664040,2025,778188,2025-04-24,0.7,5.0,0.13999999999999999,22
664040,2025,778172,2025-04-25,0.9,4.0,0.225,23
664040,2025,778160,2025-04-26,2.7,5.0,0.54,24
664040,2025,778146,2025-04-27,1.8,5.0,0.36,25
664040,2025,778128,2025-04-29,0.9,4.0,0.225,26
664040,2025,778113,2025-04-30,1.6,4.0,0.4,27
664040,2025,778097,2025-05-01,0.0,3.0,0.0,28
664040,2025,778074,2025-05-03,0.7,5.0,0.13999999999999999,29
664040,2025,778057,2025-05-04,2.3,6.0,0.3833333333333333,30
664040,2025,778040,2025-05-06,1.25,4.0,0.3125,31
664040,2025,778021,2025-05-07,0.0,3.0,0.0,32
664040,2025,778005,2025-05-08,0.0,1.0,0.0,33
664040,2025,778002,2025-05-09,2.0,4.0,0.5,34
664040,2025,777981,2025-05-10,0.0,4.0,0.0,35
664040,2025,777964,2025-05-11,0.7,4.0,0.175,36
664040,2025,777935,2025-05-13,2.5,5.0,0.5,37
664040,2025,777923,2025-05-14,2.15,4.0,0.5375,38
664040,2025,777913,2025-05-15,4.9,5.0,0.9800000000000001,39
664040,2025,777903,2025-05-16,0.0,4.0,0.0,40
664040,2025,777889,2025-05-17,2.3,5.0,0.45999999999999996,41
664040,2025,777877,2025-05-18,0.9,4.0,0.225,42
664040,2025,777858,2025-05-19,0.9,4.0,0.225,43
664040,2025,777848,2025-05-20,1.25,1.0,1.25,44
664040,2025,777832,2025-05-21,2.7,5.0,0.54,45
664040,2025,777810,2025-05-23,2.0,4.0,0.5,46
664040,2025,777795,2025-05-24,1.25,3.0,0.4166666666666667,47
664040,2025,777775,2025-05-25,3.8,4.0,0.95,48
664040,2025,777762,2025-05-26,1.8,4.0,0.45,49
664040,2025,777746,2025-05-27,2.15,4.0,0.5375,50
664040,2025,777732,2025-05-28,2.0,4.0,0.5,51
664040,2025,777725,2025-05-29,2.3,6.0,0.3833333333333333,52
664040,2025,777693,2025-05-31,1.25,6.0,0.20833333333333334,53
664040,2025,777690,2025-06-01,0.0,4.0,0.0,54
664040,2025,777662,2025-06-03,0.9,4.0,0.225,55
664040,2025,777646,2025-06-04,4.15,4.0,1.0375,56
664040,2025,777629,2025-06-05,1.25,4.0,0.3125,57
664040,2025,777625,2025-06-06,1.6,4.0,0.4,58
664040,2025,777611,2025-06-07,2.0,5.0,0.4,59
664040,2025,777592,2025-06-08,0.0,4.0,0.0,60
664040,2025,777584,2025-06-09,0.9,3.0,0.3,61
664040,2025,777565,2025-06-10,0.7,4.0,0.175,62
664040,2025,777561,2025-06-11,2.15,4.0,0.5375,63
664040,2025,777528,2025-06-13,3.4,5.0,0.6799999999999999,64
664040,2025,777518,2025-06-14,1.8,4.0,0.45,65
664040,2025,777502,2025-06-15,1.6,5.0,0.32,66
664040,2025,777484,2025-06-16,2.9,5.0,0.58,67
664040,2025,777477,2025-06-17,2.15,4.0,0.5375,68
664040,2025,777463,2025-06-18,2.7,2.0,1.35,69
664040,2025,777446,2025-06-19,0.9,4.0,0.225,70
664040,2025,777431,2025-06-20,0.9,5.0,0.18,71
664040,2025,777420,2025-06-21,1.6,4.0,0.4,72
664040,2025,777409,2025-06-22,0.9,4.0,0.225,73
664040,2025,777359,2025-06-25,1.8,4.0,0.45,74
664040,2025,777353,2025-06-26,2.0,4.0,0.5,75
664040,2025,777343,2025-06-27,3.8,5.0,0.76,76
664040,2025,777330,2025-06-28,1.6,3.0,0.5333333333333333,77
664040,2025,777317,2025-06-29,2.7,2.0,1.35,78
664040,2025,777286,2025-07-01,2.0,5.0,0.4,79
664040,2025,777271,2025-07-02,1.25,4.0,0.3125,80
664040,2025,777247,2025-07-04,0.9,4.0,0.225,81
664040,2025,777230,2025-07-05,1.6,5.0,0.32,82
664040,2025,777220,2025-07-06,0.0,1.0,0.0,83
664040,2025,777110,2025-07-18,0.9,4.0,0.225,84
664040,2025,777095,2025-07-19,0.0,3.0,0.0,85
664040,2025,776938,2025-07-30,2.8499999999999996,5.0,0.57,86
664040,2025,776927,2025-07-31,1.8,4.0,0.45,87
664040,2025,776918,2025-08-01,1.8,4.0,0.45,88
664040,2025,776901,2025-08-02,0.0,4.0,0.0,89
664040,2025,776889,2025-08-03,0.9,4.0,0.225,90
664040,2025,776848,2025-08-05,2.7,4.0,0.675,91
664040,2025,776843,2025-08-06,1.8,4.0,0.45,92
664040,2025,776824,2025-08-08,2.0,4.0,0.5,93
664040,2025,776805,2025-08-09,2.0,4.0,0.5,94
664040,2025,776791,2025-08-10,0.0,4.0,0.0,95
664040,2025,776787,2025-08-11,2.9,5.0,0.58,96
664040,2025,776762,2025-08-12,2.85,4.0,0.7125,97
664040,2025,776751,2025-08-13,2.0,5.0,0.4,98
664040,2025,776729,2025-08-15,0.0,5.0,0.0,99
664040,2025,776711,2025-08-16,1.8,4.0,0.45,100
664040,2025,776703,2025-08-17,0.0,4.0,0.0,101
664040,2025,776677,2025-08-19,0.7,2.0,0.35,102
664040,2025,776664,2025-08-20,1.4,5.0,0.27999999999999997,103
664040,2025,776631,2025-08-21,1.6,5.0,0.32,104
664040,2025,776633,2025-08-22,2.0,5.0,0.4,105
664040,2025,776606,2025-08-24,0.7,4.0,0.175,106
664040,2025,776601,2025-08-25,1.6,5.0,0.32,107
664040,2025,776584,2025-08-26,0.0,4.0,0.0,108
664040,2025,776580,2025-08-27,2.7,4.0,0.675,109
664040,2025,776545,2025-08-29,2.7,4.0,0.675,110
664040,2025,776525,2025-08-30,0.9,4.0,0.225,111
664040,2025,776520,2025-08-31,2.0,4.0,0.5,112
664040,2025,776504,2025-09-01,1.25,4.0,0.3125,113
664040,2025,776485,2025-09-02,1.95,4.0,0.4875,114
664040,2025,776476,2025-09-03,0.9,5.0,0.18,115
664040,2025,776458,2025-09-04,0.9,4.0,0.225,116
664040,2025,776451,2025-09-05,0.0,4.0,0.0,117
664040,2025,776438,2025-09-06,1.25,4.0,0.3125,118
664040,2025,776421,2025-09-07,2.15,4.0,0.5375,119
664040,2025,776388,2025-09-09,0.0,4.0,0.0,120
664040,2025,776378,2025-09-10,0.0,5.0,0.0,121
664040,2025,776364,2025-09-11,1.6,4.0,0.4,122
664040,2025,776338,2025-09-13,1.25,5.0,0.25,123
664040,2025,776321,2025-09-14,0.9,4.0,0.225,124
664040,2025,776316,2025-09-15,0.0,5.0,0.0,125
664040,2025,776305,2025-09-16,2.9,5.0,0.58,126
664040,2025,776269,2025-09-18,0.9,4.0,0.225,127
664040,2025,776247,2025-09-20,0.9,4.0,0.225,128
664040,2025,776236,2025-09-21,2.7,4.0,0.675,129
664040,2025,776223,2025-09-23,0.0,3.0,0.0,130
664040,2025,776203,2025-09-24,3.25,5.0,0.65,131
664040,2025,776177,2025-09-26,0.9,4.0,0.225,132
664040,2025,776159,2025-09-27,0.7,4.0,0.175,133
670042,2025,778547,2025-03-27,1.6,4.0,0.4,1
670042,2025,778541,2025-03-28,0.0,1.0,0.0,2
670042,2025,778521,2025-03-29,0.0,2.0,0.0,3
670042,2025,778496,2025-03-31,3.4,4.0,0.85,4
670042,2025,778486,2025-04-01,0.0,4.0,0.0,5
670042,2025,778444,2025-04-04,1.8,6.0,0.3,6
670042,2025,778436,2025-04-05,0.0,1.0,0.0,7
670042,2025,778427,2025-04-06,1.4,3.0,0.4666666666666666,8
670042,2025,778405,2025-04-07,0.0,3.0,0.0,9
670042,2025,778398,2025-04-08,0.9,5.0,0.18,10
670042,2025,778383,2025-04-09,0.7,4.0,0.175,11
670042,2025,778360,2025-04-11,0.0,4.0,0.0,12
670042,2025,778341,2025-04-12,2.85,4.0,0.7125,13
670042,2025,778334,2025-04-13,0.0,4.0,0.0,14
670042,2025,778316,2025-04-15,0.0,1.0,0.0,15
670042,2025,778304,2025-04-16,0.7,5.0,0.13999999999999999,16
670042,2025,778285,2025-04-17,2.0,2.0,1.0,17
670042,2025,778273,2025-04-18,1.25,2.0,0.625,18
670042,2025,778258,2025-04-19,2.0999999999999996,6.0,0.3499999999999999,19
670042,2025,778241,2025-04-20,1.6,4.0,0.4,20
670042,2025,778224,2025-04-22,0.7,2.0,0.35,21
670042,2025,778175,2025-04-25,0.9,4.0,0.225,22
670042,2025,778154,2025-04-26,3.4,5.0,0.6799999999999999,23
670042,2025,778136,2025-04-27,0.7,4.0,0.175,24
670042,2025,777436,2025-06-20,1.25,3.0,0.4166666666666667,25
670042,2025,777419,2025-06-21,3.4,5.0,0.6799999999999999,26
670042,2025,777388,2025-06-23,2.7,3.0,0.9,27
670042,2025,777375,2025-06-24,0.7,4.0,0.175,28
670042,2025,777363,2025-06-25,1.8,3.0,0.6,29
670042,2025,777340,2025-06-27,2.15,6.0,0.35833333333333334,30
670042,2025,777322,2025-06-28,0.9,4.0,0.225,31
670042,2025,777302,2025-06-29,0.8999999999999999,5.0,0.18,32
670042,2025,777281,2025-07-01,1.25,2.0,0.625,33
670042,2025,777262,2025-07-02,0.0,2.0,0.0,34
670042,2025,777251,2025-07-03,2.8499999999999996,4.0,0.7124999999999999,35
670042,2025,777225,2025-07-05,0.9,4.0,0.225,36
670042,2025,777205,2025-07-06,0.0,3.0,0.0,37
670042,2025,777187,2025-07-08,0.9,2.0,0.45,38
670042,2025,777184,2025-07-09,0.0,4.0,0.0,39
670042,2025,777169,2025-07-10,0.7,5.0,0.13999999999999999,40
670042,2025,777161,2025-07-11,1.4,2.0,0.7,41
670042,2025,777145,2025-07-12,2.9,5.0,0.58,42
670042,2025,777121,2025-07-13,0.7,5.0,0.13999999999999999,43
670042,2025,777086,2025-07-19,1.6,2.0,0.8,44
670042,2025,777067,2025-07-20,0.0,4.0,0.0,45
670042,2025,777050,2025-07-21,1.6,2.0,0.8,46
670042,2025,777035,2025-07-22,0.0,2.0,0.0,47
670042,2025,777024,2025-07-23,0.7,4.0,0.175,48
670042,2025,776689,2025-08-18,0.0,1.0,0.0,49
670042,2025,776680,2025-08-19,0.0,1.0,0.0,50
670042,2025,776662,2025-08-20,0.0,1.0,0.0,51
670042,2025,776638,2025-08-22,0.0,3.0,0.0,52
670042,2025,776602,2025-08-24,0.0,1.0,0.0,53
670042,2025,776561,2025-08-27,1.25,2.0,0.625,54
670042,2025,776537,2025-08-30,0.0,4.0,0.0,55
670042,2025,776504,2025-09-01,0.0,1.0,0.0,56
670042,2025,776485,2025-09-02,0.8999999999999999,2.0,0.44999999999999996,57
670042,2025,776476,2025-09-03,0.0,2.0,0.0,58
670042,2025,776460,2025-09-05,0.0,2.0,0.0,59
670042,2025,776428,2025-09-07,1.8,3.0,0.6,60
670042,2025,776362,2025-09-11,0.7,5.0,0.13999999999999999,61
670042,2025,776345,2025-09-12,0.0,3.0,0.0,62
670042,2025,776289,2025-09-17,0.9,1.0,0.9,63
670042,2025,776212,2025-09-23,0.7,1.0,0.7,64
670042,2025,776179,2025-09-25,0.7,2.0,0.35,65
670042,2025,776168,2025-09-26,1.6,4.0,0.4,66
670042,2025,776150,2025-09-27,1.25,4.0,0.3125,67
670042,2025,776139,2025-09-28,0.0,4.0,0.0,68
642215,2025,778203,2025-04-23,1.8,2.0,0.9,1
642215,2025,778131,2025-04-29,0.0,2.0,0.0,2
642215,2025,778059,2025-05-04,2.9,5.0,0.58,3
642215,2025,778021,2025-05-07,0.9,1.0,0.9,4
642215,2025,777953,2025-05-12,0.0,2.0,0.0,5
642215,2025,777922,2025-05-14,0.9,1.0,0.9,6
642215,2025,777905,2025-05-16,0.7,2.0,0.35,7
642215,2025,777852,2025-05-19,0.7,3.0,0.2333333333333333,8
642215,2025,777823,2025-05-21,0.7,2.0,0.35,9
642215,2025,777804,2025-05-23,0.9,3.0,0.3,10
642215,2025,777784,2025-05-24,0.0,2.0,0.0,11
642215,2025,777748,2025-05-27,0.0,1.0,0.0,12
642215,2025,777723,2025-05-29,1.4,4.0,0.35,13
642215,2025,777688,2025-06-01,0.0,3.0,0.0,14
642215,2025,777651,2025-06-04,0.0,1.0,0.0,15
642215,2025,777621,2025-06-06,0.7,3.0,0.2333333333333333,16
642215,2025,777607,2025-06-07,0.0,2.0,0.0,17
642215,2025,777578,2025-06-09,0.9,2.0,0.45,18
642215,2025,777499,2025-06-15,0.9,1.0,0.9,19
642215,2025,776988,2025-07-27,0.7,2.0,0.35,20
642215,2025,776939,2025-07-30,0.0,1.0,0.0,21
642215,2025,776912,2025-08-02,1.25,2.0,0.625,22
642215,2025,776877,2025-08-04,2.9,4.0,0.725,23
642215,2025,776851,2025-08-06,1.6,4.0,0.4,24
642215,2025,776800,2025-08-10,0.9,2.0,0.45,25
642215,2025,776792,2025-08-11,1.25,3.0,0.4166666666666667,26
642215,2025,776739,2025-08-15,0.0,2.0,0.0,27
642215,2025,776725,2025-08-16,0.0,1.0,0.0,28
642215,2025,776708,2025-08-17,0.9,5.0,0.18,29
642215,2025,776628,2025-08-23,0.0,3.0,0.0,30
642215,2025,776585,2025-08-26,0.0,3.0,0.0,31
642215,2025,776560,2025-08-28,0.0,2.0,0.0,32
642215,2025,776532,2025-08-30,2.0,2.0,1.0,33
642215,2025,776471,2025-09-03,2.7,4.0,0.675,34
642215,2025,776404,2025-09-09,0.0,4.0,0.0,35
642215,2025,776371,2025-09-11,0.9,4.0,0.225,36
642215,2025,776354,2025-09-12,0.0,1.0,0.0,37
642215,2025,776334,2025-09-14,0.0,3.0,0.0,38
642215,2025,776311,2025-09-15,2.0,4.0,0.5,39
642215,2025,776297,2025-09-16,1.95,4.0,0.4875,40
642215,2025,776280,2025-09-17,0.0,3.0,0.0,41
642215,2025,776255,2025-09-19,0.9,5.0,0.18,42
642215,2025,776230,2025-09-21,2.65,4.0,0.6625,43
642215,2025,776215,2025-09-23,0.9,5.0,0.18,44
642215,2025,776201,2025-09-24,0.7,4.0,0.175,45
642215,2025,776141,2025-09-28,0.2,1.0,0.2,46
668670,2025,778546,2025-03-27,1.6,4.0,0.4,1
668670,2025,778533,2025-03-29,1.6,4.0,0.4,2
668670,2025,778486,2025-04-01,0.0,4.0,0.0,3
668670,2025,778469,2025-04-02,0.0,3.0,0.0,4
668670,2025,778445,2025-04-05,1.8,4.0,0.45,5
668670,2025,778424,2025-04-07,2.0999999999999996,3.0,0.6999999999999998,6
668670,2025,777840,2025-05-20,0.0,3.0,0.0,7
668670,2025,777796,2025-05-24,0.0,4.0,0.0,8
668670,2025,777738,2025-05-28,0.9,4.0,0.225,9
668670,2025,777677,2025-06-01,0.0,3.0,0.0,10
668670,2025,777634,2025-06-05,0.0,2.0,0.0,11
668670,2025,777609,2025-06-07,1.6,3.0,0.5333333333333333,12
668670,2025,777562,2025-06-11,0.0,2.0,0.0,13
668670,2025,777538,2025-06-13,2.85,5.0,0.5700000000000001,14
668670,2025,777464,2025-06-19,1.95,4.0,0.4875,15
668670,2025,777420,2025-06-21,0.9,3.0,0.3,16
668670,2025,777351,2025-06-26,0.7,4.0,0.175,17
668670,2025,777324,2025-06-28,0.8999999999999999,3.0,0.3,18
668670,2025,777284,2025-07-02,2.0,5.0,0.4,19
668670,2025,777265,2025-07-02,0.9,1.0,0.9,20
668670,2025,777240,2025-07-05,0.0,3.0,0.0,21
668670,2025,777182,2025-07-09,1.4,3.0,0.4666666666666666,22
668670,2025,777145,2025-07-12,0.0,4.0,0.0,23
668670,2025,777098,2025-07-18,0.0,1.0,0.0,24
668670,2025,777088,2025-07-19,0.7,3.0,0.2333333333333333,25
668670,2025,777044,2025-07-22,2.0,3.0,0.6666666666666666,26
668670,2025,777021,2025-07-24,0.0,1.0,0.0,27
668670,2025,777003,2025-07-26,1.8,3.0,0.6,28
668670,2025,776940,2025-07-30,2.9,4.0,0.725,29
668670,2025,776861,2025-08-05,0.0,3.0,0.0,30
668670,2025,776813,2025-08-09,0.7,4.0,0.175,31
668670,2025,776773,2025-08-12,0.9,1.0,0.9,32
668670,2025,776754,2025-08-13,0.7,4.0,0.175,33
668670,2025,776700,2025-08-17,0.0,3.0,0.0,34
668670,2025,776692,2025-08-18,0.0,1.0,0.0,35
668670,2025,776673,2025-08-20,0.0,3.0,0.0,36
668670,2025,776625,2025-08-23,2.15,3.0,0.7166666666666667,37
668670,2025,776573,2025-08-26,1.6,3.0,0.5333333333333333,38
668670,2025,776512,2025-08-31,2.85,4.0,0.7125,39
668670,2025,776478,2025-09-03,0.9,4.0,0.225,40
668670,2025,776425,2025-09-07,1.25,4.0,0.3125,41
668670,2025,776366,2025-09-12,0.7,3.0,0.2333333333333333,42
668670,2025,776303,2025-09-16,0.0,1.0,0.0,43
668670,2025,776268,2025-09-19,0.0,3.0,0.0,44
668670,2025,776151,2025-09-28,0.0,4.0,0.0,45
676801,2025,778530,2025-03-29,1.6,3.0,0.5333333333333333,1
676801,2025,778489,2025-04-01,0.9,2.0,0.45,2
676801,2025,778475,2025-04-02,0.7,4.0,0.175,3
676801,2025,778462,2025-04-03,0.0,1.0,0.0,4
676801,2025,778383,2025-04-09,0.0,1.0,0.0,5
676801,2025,778368,2025-04-11,0.7,2.0,0.35,6
676801,2025,778325,2025-04-14,1.6,3.0,0.5333333333333333,7
676801,2025,778290,2025-04-16,0.0,3.0,0.0,8
676801,2025,778231,2025-04-21,0.0,1.0,0.0,9
676801,2025,778200,2025-04-23,0.9,2.0,0.45,10
676801,2025,778152,2025-04-27,3.05,4.0,0.7625,11
676801,2025,778142,2025-04-28,0.0,3.0,0.0,12
676801,2025,778015,2025-05-07,0.0,3.0,0.0,13
676801,2025,777963,2025-05-11,0.0,1.0,0.0,14
676801,2025,777931,2025-05-13,0.7,2.0,0.35,15
676801,2025,777869,2025-05-18,0.0,1.0,0.0,16
676801,2025,777858,2025-05-19,1.6,4.0,0.4,17
676801,2025,777848,2025-05-20,0.9,4.0,0.225,18
676801,2025,777752,2025-05-27,2.15,4.0,0.5375,19
676801,2025,777725,2025-05-29,0.0,1.0,0.0,20
676801,2025,777086,2025-07-19,0.0,5.0,0.0,21
676801,2025,777067,2025-07-20,0.9,2.0,0.45,22
676801,2025,777055,2025-07-21,1.8,4.0,0.45,23
676801,2025,777040,2025-07-22,0.0,3.0,0.0,24
676801,2025,777032,2025-07-23,0.0,4.0,0.0,25
676801,2025,777007,2025-07-25,1.8,3.0,0.6,26
676801,2025,776991,2025-07-26,0.0,3.0,0.0,27
676801,2025,776976,2025-07-27,1.25,1.0,1.25,28
676801,2025,776969,2025-07-28,0.0,1.0,0.0,29
676801,2025,776950,2025-07-29,0.0,1.0,0.0,30
676801,2025,776937,2025-07-30,0.0,4.0,0.0,31
676801,2025,776922,2025-08-01,0.0,1.0,0.0,32
676801,2025,776875,2025-08-04,0.0,1.0,0.0,33
676801,2025,776815,2025-08-09,1.25,2.0,0.625,34
676801,2025,776797,2025-08-10,1.95,5.0,0.39,35
676801,2025,776782,2025-08-11,2.0,3.0,0.6666666666666666,36
676801,2025,776769,2025-08-12,0.0,1.0,0.0,37
676801,2025,776753,2025-08-13,0.0,1.0,0.0,38
676801,2025,776722,2025-08-16,0.7,3.0,0.2333333333333333,39
676801,2025,776685,2025-08-19,0.7,2.0,0.35,40
676801,2025,776673,2025-08-20,0.0,1.0,0.0,41
676801,2025,776643,2025-08-22,1.6,2.0,0.8,42
676801,2025,776629,2025-08-23,0.0,2.0,0.0,43
676801,2025,776612,2025-08-24,0.0,4.0,0.0,44
676801,2025,776555,2025-08-28,0.9,3.0,0.3,45
656976,2025,778552,2025-03-27,0.7,2.0,0.35,1
656976,2025,778543,2025-03-28,3.4,4.0,0.85,2
656976,2025,778532,2025-03-29,0.0,1.0,0.0,3
656976,2025,778515,2025-03-30,1.25,1.0,1.25,4
656976,2025,778492,2025-04-01,1.4,4.0,0.35,5
656976,2025,778466,2025-04-03,0.7,5.0,0.13999999999999999,6
656976,2025,778457,2025-04-04,0.9,3.0,0.3,7
656976,2025,778452,2025-04-05,0.9,1.0,0.9,8
656976,2025,778429,2025-04-06,1.8,3.0,0.6,9
656976,2025,778413,2025-04-07,0.9,3.0,0.3,10
656976,2025,778396,2025-04-08,1.95,3.0,0.65,11
656976,2025,778380,2025-04-09,4.15,5.0,0.8300000000000001,12
656976,2025,778364,2025-04-11,0.0,1.0,0.0,13
656976,2025,778350,2025-04-12,0.0,2.0,0.0,14
656976,2025,778332,2025-04-13,1.25,3.0,0.4166666666666667,15
656976,2025,778318,2025-04-15,2.5,5.0,0.5,16
656976,2025,778303,2025-04-16,2.9,4.0,0.725,17
656976,2025,778291,2025-04-17,4.65,5.0,0.93,18
656976,2025,778268,2025-04-18,1.6,3.0,0.5333333333333333,19
656976,2025,778257,2025-04-19,1.4,4.0,0.35,20
656976,2025,778236,2025-04-20,1.25,4.0,0.3125,21
656976,2025,778212,2025-04-22,3.95,4.0,0.9875,22
656976,2025,778199,2025-04-23,1.4,4.0,0.35,23
656976,2025,778188,2025-04-24,0.7,4.0,0.175,24
656976,2025,778162,2025-04-26,0.7,4.0,0.175,25
656976,2025,778147,2025-04-27,0.7,4.0,0.175,26
656976,2025,778130,2025-04-29,2.5,4.0,0.625,27
656976,2025,778117,2025-04-30,0.0,1.0,0.0,28
656976,2025,778103,2025-05-01,1.4,5.0,0.27999999999999997,29
656976,2025,778078,2025-05-03,0.0,3.0,0.0,30
656976,2025,778059,2025-05-04,0.0,1.0,0.0,31
656976,2025,778039,2025-05-05,0.7,4.0,0.175,32
656976,2025,778032,2025-05-06,0.0,1.0,0.0,33
656976,2025,778014,2025-05-07,0.7,4.0,0.175,34
656976,2025,777999,2025-05-08,0.7,3.0,0.2333333333333333,35
656976,2025,777988,2025-05-09,1.6,4.0,0.4,36
656976,2025,777975,2025-05-10,3.05,4.0,0.7625,37
656976,2025,777954,2025-05-11,1.8,3.0,0.6,38
656976,2025,777939,2025-05-12,0.0,4.0,0.0,39
656976,2025,777930,2025-05-13,0.0,1.0,0.0,40
656976,2025,777916,2025-05-14,2.85,5.0,0.5700000000000001,41
656976,2025,777887,2025-05-17,2.15,6.0,0.35833333333333334,42
656976,2025,777870,2025-05-18,0.0,3.0,0.0,43
656976,2025,777854,2025-05-19,1.8,4.0,0.45,44
656976,2025,777838,2025-05-20,0.0,3.0,0.0,45
656976,2025,777824,2025-05-21,0.0,3.0,0.0,46
656976,2025,777797,2025-05-23,0.0,2.0,0.0,47
656976,2025,777786,2025-05-24,0.9,1.0,0.9,48
656976,2025,777766,2025-05-25,1.8,3.0,0.6,49
656976,2025,777744,2025-05-27,0.0,4.0,0.0,50
656976,2025,777729,2025-05-28,0.0,4.0,0.0,51
656976,2025,777710,2025-05-30,2.15,4.0,0.5375,52
656976,2025,777696,2025-05-31,2.3,4.0,0.575,53
656976,2025,777672,2025-06-03,0.7,4.0,0.175,54
656976,2025,777654,2025-06-04,0.7,1.0,0.7,55
656976,2025,777640,2025-06-05,0.0,1.0,0.0,56
656976,2025,777612,2025-06-07,1.6,4.0,0.4,57
656976,2025,777602,2025-06-08,0.9,2.0,0.45,58
656976,2025,777577,2025-06-09,0.7,4.0,0.175,59
656976,2025,777559,2025-06-10,0.7,4.0,0.175,60
656976,2025,777548,2025-06-11,2.0,3.0,0.6666666666666666,61
656976,2025,777521,2025-06-13,1.4,4.0,0.35,62
656976,2025,777515,2025-06-14,0.9,4.0,0.225,63
656976,2025,777491,2025-06-15,0.0,2.0,0.0,64
656976,2025,777479,2025-06-17,0.9,3.0,0.3,65
656976,2025,777448,2025-06-19,3.4,5.0,0.6799999999999999,66
656976,2025,777410,2025-06-21,0.7,4.0,0.175,67
656976,2025,777399,2025-06-22,0.0,4.0,0.0,68
656976,2025,777393,2025-06-23,4.7,5.0,0.9400000000000001,69
656976,2025,777383,2025-06-24,0.9,4.0,0.225,70
656976,2025,777370,2025-06-25,2.15,4.0,0.5375,71
656976,2025,777332,2025-06-27,0.9,5.0,0.18,72
656976,2025,777318,2025-06-28,0.9,5.0,0.18,73
656976,2025,777303,2025-06-29,0.0,4.0,0.0,74
656976,2025,777291,2025-06-30,0.0,4.0,0.0,75
656976,2025,777278,2025-07-01,0.9,4.0,0.225,76
656976,2025,777270,2025-07-02,1.25,2.0,0.625,77
656976,2025,777234,2025-07-05,1.4,3.0,0.4666666666666666,78
656976,2025,776682,2025-08-18,0.0,2.0,0.0,79
656976,2025,776672,2025-08-19,0.9,4.0,0.225,80
656976,2025,776658,2025-08-20,0.0,1.0,0.0,81
656976,2025,776635,2025-08-22,0.7,4.0,0.175,82
656976,2025,776609,2025-08-24,0.7,4.0,0.175,83
656976,2025,776593,2025-08-25,0.0,3.0,0.0,84
656976,2025,776586,2025-08-26,2.5,3.0,0.8333333333333334,85
656976,2025,776572,2025-08-27,1.8,3.0,0.6,86
660821,2025,778318,2025-04-15,1.6,5.0,0.32,1
660821,2025,778303,2025-04-16,1.8,4.0,0.45,2
660821,2025,778291,2025-04-17,0.0,2.0,0.0,3
660821,2025,778274,2025-04-18,0.0,4.0,0.0,4
660821,2025,778252,2025-04-19,1.95,5.0,0.39,5
660821,2025,778230,2025-04-21,2.5,4.0,0.625,6
660821,2025,778219,2025-04-22,1.4,4.0,0.35,7
660821,2025,778208,2025-04-23,0.0,4.0,0.0,8
660821,2025,778175,2025-04-25,2.0,4.0,0.5,9
660821,2025,778154,2025-04-26,0.7,3.0,0.2333333333333333,10
660821,2025,778136,2025-04-27,0.7,5.0,0.13999999999999999,11
660821,2025,778132,2025-04-28,1.95,5.0,0.39,12
660821,2025,778123,2025-04-29,0.9,4.0,0.225,13
660821,2025,778109,2025-04-30,0.9,5.0,0.18,14
660821,2025,778061,2025-05-04,0.0,1.0,0.0,15
660821,2025,778047,2025-05-05,1.8,5.0,0.36,16
660821,2025,778035,2025-05-06,1.8,5.0,0.36,17
660821,2025,778017,2025-05-07,0.0,4.0,0.0,18
660821,2025,777991,2025-05-09,2.5,5.0,0.5,19
660821,2025,777978,2025-05-10,0.0,3.0,0.0,20
660821,2025,777966,2025-05-11,0.0,4.0,0.0,21
660821,2025,777952,2025-05-12,2.3,4.0,0.575,22
660821,2025,777936,2025-05-13,2.5,5.0,0.5,23
660821,2025,777921,2025-05-14,0.0,4.0,0.0,24
660821,2025,777903,2025-05-16,2.3,5.0,0.45999999999999996,25
660821,2025,777889,2025-05-17,0.0,3.0,0.0,26
660821,2025,777877,2025-05-18,0.9,4.0,0.225,27
660821,2025,777863,2025-05-19,4.5,5.0,0.9,28
660821,2025,777850,2025-05-20,0.7,4.0,0.175,29
660821,2025,777833,2025-05-21,1.6,4.0,0.4,30
660821,2025,777798,2025-05-23,1.4,5.0,0.27999999999999997,31
660821,2025,777781,2025-05-24,0.7,5.0,0.13999999999999999,32
660821,2025,777767,2025-05-25,1.25,4.0,0.3125,33
660821,2025,777756,2025-05-26,3.6,5.0,0.72,34
660821,2025,777742,2025-05-27,2.7,5.0,0.54,35
660821,2025,777726,2025-05-28,2.0,4.0,0.5,36
660821,2025,777717,2025-05-30,0.9,2.0,0.45,37
660821,2025,777705,2025-05-31,0.9,1.0,0.9,38
660821,2025,777689,2025-06-01,0.9,5.0,0.18,39
660821,2025,777673,2025-06-02,4.1,5.0,0.82,40
660821,2025,777666,2025-06-03,1.8,4.0,0.45,41
660821,2025,777652,2025-06-04,0.0,1.0,0.0,42
660821,2025,777625,2025-06-06,0.0,4.0,0.0,43
660821,2025,777611,2025-06-07,3.25,5.0,0.65,44
660821,2025,777592,2025-06-08,0.9,4.0,0.225,45
660821,2025,777574,2025-06-09,0.0,5.0,0.0,46
660821,2025,777566,2025-06-10,0.9,4.0,0.225,47
660821,2025,777552,2025-06-11,0.0,2.0,0.0,48
660821,2025,777514,2025-06-14,3.25,5.0,0.65,49
660821,2025,777503,2025-06-15,0.0,4.0,0.0,50
660821,2025,777483,2025-06-16,0.0,3.0,0.0,51
660821,2025,777481,2025-06-17,2.0,2.0,1.0,52
660821,2025,777444,2025-06-19,0.0,3.0,0.0,53
660821,2025,777439,2025-06-20,0.0,4.0,0.0,54
660821,2025,777424,2025-06-21,1.95,4.0,0.4875,55
660821,2025,777402,2025-06-22,1.6,4.0,0.4,56
660821,2025,777364,2025-06-24,2.15,5.0,0.43,57
660821,2025,777355,2025-06-25,0.0,5.0,0.0,58
660821,2025,777347,2025-06-26,2.3,5.0,0.45999999999999996,59
660821,2025,777332,2025-06-27,0.9,5.0,0.18,60
660821,2025,777318,2025-06-28,0.9,3.0,0.3,61
660821,2025,777303,2025-06-29,0.0,3.0,0.0,62
660821,2025,777293,2025-07-01,2.5,4.0,0.625,63
660821,2025,777275,2025-07-02,1.25,3.0,0.4166666666666667,64
660821,2025,777263,2025-07-03,1.8,4.0,0.45,65
660821,2025,777254,2025-07-04,4.1,5.0,0.82,66
660821,2025,777238,2025-07-05,0.9,3.0,0.3,67
660821,2025,777224,2025-07-06,0.0,4.0,0.0,68
660821,2025,777208,2025-07-07,0.9,5.0,0.18,69
660821,2025,777197,2025-07-08,1.8,5.0,0.36,70
660821,2025,777183,2025-07-09,0.0,1.0,0.0,71
660821,2025,777168,2025-07-10,0.0,1.0,0.0,72
660821,2025,777157,2025-07-11,0.9,4.0,0.225,73
660821,2025,777141,2025-07-12,0.9,1.0,0.9,74
660821,2025,777129,2025-07-13,2.15,5.0,0.43,75
660821,2025,777109,2025-07-18,2.0,3.0,0.6666666666666666,76
660821,2025,777093,2025-07-19,0.9,3.0,0.3,77
660821,2025,777082,2025-07-20,0.7,4.0,0.175,78
660821,2025,777062,2025-07-21,0.9,4.0,0.225,79
660821,2025,777052,2025-07-22,0.9,4.0,0.225,80
660821,2025,777037,2025-07-23,3.6,4.0,0.9,81
660821,2025,777008,2025-07-25,0.9,5.0,0.18,82
660821,2025,776978,2025-07-27,0.0,3.0,0.0,83
660821,2025,776960,2025-07-28,1.4,4.0,0.35,84
660821,2025,776946,2025-07-29,0.0,5.0,0.0,85
660821,2025,776934,2025-07-30,3.25,4.0,0.8125,86
660821,2025,776922,2025-08-01,1.8,4.0,0.45,87
660821,2025,776909,2025-08-02,0.7,5.0,0.13999999999999999,88
660821,2025,776895,2025-08-03,1.25,3.0,0.4166666666666667,89
660821,2025,776875,2025-08-04,1.25,4.0,0.3125,90
660821,2025,776862,2025-08-05,2.15,5.0,0.43,91
660821,2025,776849,2025-08-06,1.25,5.0,0.25,92
660821,2025,776835,2025-08-08,1.6,5.0,0.32,93
660821,2025,776815,2025-08-09,2.15,4.0,0.5375,94
660821,2025,776797,2025-08-10,0.7,4.0,0.175,95
660821,2025,776782,2025-08-11,0.0,1.0,0.0,96
660821,2025,776769,2025-08-12,0.9,4.0,0.225,97
660821,2025,776753,2025-08-13,0.0,3.0,0.0,98
660821,2025,776733,2025-08-15,0.0,3.0,0.0,99
660821,2025,776722,2025-08-16,0.0,1.0,0.0,100
660821,2025,776705,2025-08-17,0.0,4.0,0.0,101
660821,2025,776692,2025-08-18,0.7,4.0,0.175,102
660821,2025,776685,2025-08-19,0.0,1.0,0.0,103
660821,2025,776673,2025-08-20,0.0,4.0,0.0,104
660821,2025,776655,2025-08-21,4.85,5.0,0.97,105
660821,2025,776643,2025-08-22,0.0,1.0,0.0,106
660821,2025,776629,2025-08-23,3.25,5.0,0.65,107
660821,2025,776587,2025-08-26,2.0,3.0,0.6666666666666666,108
660821,2025,776571,2025-08-27,1.8,4.0,0.45,109
660821,2025,776543,2025-08-29,2.65,4.0,0.6625,110
660821,2025,776531,2025-08-30,1.6,4.0,0.4,111
660821,2025,776510,2025-08-31,0.0,3.0,0.0,112
660821,2025,776472,2025-09-03,1.6,4.0,0.4,113
660821,2025,776464,2025-09-04,2.0,2.0,1.0,114
660821,2025,776449,2025-09-05,0.7,5.0,0.13999999999999999,115
660821,2025,776432,2025-09-06,0.7,3.0,0.2333333333333333,116
660821,2025,776393,2025-09-09,0.0,3.0,0.0,117
660821,2025,776385,2025-09-10,1.4,3.0,0.4666666666666666,118
660821,2025,776369,2025-09-11,0.0,3.0,0.0,119
660821,2025,776360,2025-09-12,1.4,5.0,0.27999999999999997,120
660821,2025,776346,2025-09-13,0.0,5.0,0.0,121
660821,2025,776329,2025-09-14,0.0,1.0,0.0,122
660821,2025,776319,2025-09-15,1.25,3.0,0.4166666666666667,123
660821,2025,776301,2025-09-16,0.9,2.0,0.45,124
660821,2025,776292,2025-09-17,0.0,3.0,0.0,125
660821,2025,776262,2025-09-19,0.0,3.0,0.0,126
660821,2025,776248,2025-09-20,0.9,3.0,0.3,127
660821,2025,776228,2025-09-21,0.0,4.0,0.0,128
660821,2025,776208,2025-09-23,0.0,1.0,0.0,129
660821,2025,776195,2025-09-24,0.0,2.0,0.0,130
660821,2025,776182,2025-09-25,0.0,2.0,0.0,131
660821,2025,776169,2025-09-26,0.0,1.0,0.0,132
660821,2025,776155,2025-09-27,2.0,4.0,0.5,133
660821,2025,776135,2025-09-28,1.8,5.0,0.36,134
663897,2025,777985,2025-05-10,0.0,1.0,0.0,1
663897,2025,777723,2025-05-29,0.9,3.0,0.3,2
663897,2025,777735,2025-05-29,0.0,2.0,0.0,3
663897,2025,777719,2025-05-30,1.25,3.0,0.4166666666666667,4
663897,2025,777706,2025-05-31,0.0,4.0,0.0,5
663897,2025,777654,2025-06-04,0.7,1.0,0.7,6
663897,2025,777619,2025-06-06,0.0,1.0,0.0,7
663897,2025,777237,2025-07-05,0.0,1.0,0.0,8
663897,2025,777147,2025-07-11,0.0,3.0,0.0,9
663897,2025,776955,2025-07-29,0.0,1.0,0.0,10
663897,2025,776936,2025-07-30,0.0,1.0,0.0,11
663897,2025,776928,2025-07-31,1.25,2.0,0.625,12
663897,2025,776921,2025-08-01,0.0,1.0,0.0,13
663897,2025,776907,2025-08-02,0.0,2.0,0.0,14
663897,2025,776869,2025-08-05,0.0,1.0,0.0,15
663897,2025,776819,2025-08-09,0.7,4.0,0.175,16
663897,2025,776473,2025-09-03,0.9,1.0,0.9,17
663897,2025,776238,2025-09-21,0.0,1.0,0.0,18
666139,2025,778560,2025-03-28,0.9,2.0,0.45,1
666139,2025,777913,2025-05-15,3.8,5.0,0.76,2
666139,2025,777903,2025-05-16,0.9,4.0,0.225,3
666139,2025,777889,2025-05-17,1.25,5.0,0.25,4
666139,2025,777877,2025-05-18,0.7,4.0,0.175,5
666139,2025,777858,2025-05-19,0.0,1.0,0.0,6
666139,2025,777848,2025-05-20,0.0,4.0,0.0,7
666139,2025,777832,2025-05-21,3.95,5.0,0.79,8
666139,2025,777810,2025-05-23,1.25,4.0,0.3125,9
666139,2025,777795,2025-05-24,0.7,4.0,0.175,10
666139,2025,777775,2025-05-25,1.8,4.0,0.45,11
666139,2025,777746,2025-05-27,0.9,4.0,0.225,12
666139,2025,777732,2025-05-28,1.8,4.0,0.45,13
666139,2025,777725,2025-05-29,2.3,6.0,0.3833333333333333,14
666139,2025,777693,2025-05-31,4.5,5.0,0.9,15
666139,2025,777690,2025-06-01,0.9,4.0,0.225,16
666139,2025,777662,2025-06-03,0.0,4.0,0.0,17
666139,2025,777646,2025-06-04,1.95,4.0,0.4875,18
666139,2025,777629,2025-06-05,0.0,4.0,0.0,19
666139,2025,777625,2025-06-06,0.7,5.0,0.13999999999999999,20
666139,2025,777611,2025-06-07,0.0,2.0,0.0,21
666139,2025,777592,2025-06-08,1.25,3.0,0.4166666666666667,22
666139,2025,777584,2025-06-09,1.95,6.0,0.325,23
666139,2025,777565,2025-06-10,0.0,3.0,0.0,24
666139,2025,777561,2025-06-11,0.0,5.0,0.0,25
666139,2025,777528,2025-06-13,0.0,5.0,0.0,26
666139,2025,777518,2025-06-14,2.5,5.0,0.5,27
666139,2025,777502,2025-06-15,1.6,5.0,0.32,28
666139,2025,777484,2025-06-16,2.9,4.0,0.725,29
666139,2025,777477,2025-06-17,0.7,4.0,0.175,30
666139,2025,777463,2025-06-18,0.9,2.0,0.45,31
666139,2025,777446,2025-06-19,1.6,4.0,0.4,32
666139,2025,777431,2025-06-20,1.95,5.0,0.39,33
666139,2025,777420,2025-06-21,0.7,4.0,0.175,34
666139,2025,777409,2025-06-22,0.0,3.0,0.0,35
666139,2025,777359,2025-06-25,1.8,4.0,0.45,36
666139,2025,777353,2025-06-26,3.05,4.0,0.7625,37
666139,2025,777343,2025-06-27,2.9,4.0,0.725,38
666139,2025,777330,2025-06-28,2.15,3.0,0.7166666666666667,39
666139,2025,777317,2025-06-29,0.0,2.0,0.0,40
666139,2025,777296,2025-06-30,0.9,2.0,0.45,41
666139,2025,777286,2025-07-01,0.0,5.0,0.0,42
666139,2025,777271,2025-07-02,2.9,4.0,0.725,43
666139,2025,777247,2025-07-04,1.8,4.0,0.45,44
666139,2025,777230,2025-07-05,1.25,3.0,0.4166666666666667,45
666139,2025,777220,2025-07-06,0.0,5.0,0.0,46
666139,2025,777211,2025-07-07,0.7,4.0,0.175,47
666139,2025,777195,2025-07-08,0.9,4.0,0.225,48
666139,2025,777182,2025-07-09,1.25,5.0,0.25,49
666139,2025,777170,2025-07-10,1.4,4.0,0.35,50
666139,2025,777155,2025-07-11,0.0,3.0,0.0,51
666139,2025,777130,2025-07-13,0.0,4.0,0.0,52
666139,2025,777110,2025-07-18,1.25,5.0,0.25,53
666139,2025,777095,2025-07-19,0.7,4.0,0.175,54
666139,2025,777059,2025-07-21,0.9,4.0,0.225,55
666139,2025,777048,2025-07-22,0.7,4.0,0.175,56
666139,2025,777030,2025-07-23,1.8,4.0,0.45,57
666139,2025,777013,2025-07-25,0.9,4.0,0.225,58
666139,2025,777000,2025-07-26,0.9,2.0,0.45,59
666139,2025,776982,2025-07-27,0.0,3.0,0.0,60
666139,2025,776970,2025-07-28,2.5,5.0,0.5,61
666139,2025,776949,2025-07-29,1.6,4.0,0.4,62
666139,2025,776938,2025-07-30,2.7,5.0,0.54,63
666139,2025,776927,2025-07-31,0.0,4.0,0.0,64
666139,2025,776918,2025-08-01,0.0,4.0,0.0,65
666139,2025,776901,2025-08-02,1.8,3.0,0.6,66
666139,2025,776889,2025-08-03,0.0,4.0,0.0,67
666139,2025,776867,2025-08-04,0.9,4.0,0.225,68
666139,2025,776848,2025-08-05,1.25,4.0,0.3125,69
666139,2025,776843,2025-08-06,1.4,4.0,0.35,70
666139,2025,776824,2025-08-08,0.0,4.0,0.0,71
666139,2025,776805,2025-08-09,0.9,4.0,0.225,72
666139,2025,776791,2025-08-10,1.95,4.0,0.4875,73
666139,2025,776787,2025-08-11,1.25,5.0,0.25,74
666139,2025,776751,2025-08-13,1.25,5.0,0.25,75
666139,2025,776729,2025-08-15,0.0,5.0,0.0,76
666139,2025,776664,2025-08-20,0.7,4.0,0.175,77
666139,2025,776631,2025-08-21,0.9,5.0,0.18,78
666139,2025,776633,2025-08-22,3.75,5.0,0.75,79
666139,2025,776606,2025-08-24,1.6,4.0,0.4,80
666139,2025,776601,2025-08-25,1.8,5.0,0.36,81
666139,2025,776584,2025-08-26,0.0,3.0,0.0,82
666139,2025,776580,2025-08-27,1.25,4.0,0.3125,83
666139,2025,776545,2025-08-29,0.0,4.0,0.0,84
666139,2025,776525,2025-08-30,4.0,3.0,1.3333333333333333,85
666139,2025,776520,2025-08-31,2.85,4.0,0.7125,86
666139,2025,776504,2025-09-01,0.0,4.0,0.0,87
666139,2025,776485,2025-09-02,0.9,4.0,0.225,88
666139,2025,776476,2025-09-03,2.5,5.0,0.5,89
666139,2025,776458,2025-09-04,0.9,2.0,0.45,90
666139,2025,776451,2025-09-05,2.85,4.0,0.7125,91
666139,2025,776438,2025-09-06,2.7,4.0,0.675,92
666139,2025,776421,2025-09-07,0.0,4.0,0.0,93
666139,2025,776388,2025-09-09,2.0,4.0,0.5,94
666139,2025,776378,2025-09-10,0.0,4.0,0.0,95
666139,2025,776364,2025-09-11,0.0,2.0,0.0,96
666139,2025,776352,2025-09-12,0.0,1.0,0.0,97
666139,2025,776338,2025-09-13,0.0,4.0,0.0,98
666139,2025,776321,2025-09-14,0.9,4.0,0.225,99
666139,2025,776316,2025-09-15,0.0,5.0,0.0,100
666139,2025,776305,2025-09-16,0.7,5.0,0.13999999999999999,101
666139,2025,776269,2025-09-18,1.25,4.0,0.3125,102
666139,2025,776261,2025-09-19,0.0,5.0,0.0,103
666139,2025,776247,2025-09-20,0.7,4.0,0.175,104
666139,2025,776223,2025-09-23,0.9,4.0,0.225,105
666139,2025,776203,2025-09-24,0.0,4.0,0.0,106
666139,2025,776177,2025-09-26,1.6,4.0,0.4,107
666139,2025,776145,2025-09-28,0.0,4.0,0.0,108
678246,2025,778554,2025-03-27,2.15,4.0,0.5375,1
678246,2025,778534,2025-03-29,0.0,4.0,0.0,2
678246,2025,778527,2025-03-30,0.7,4.0,0.175,3
678246,2025,778506,2025-03-31,2.3,4.0,0.575,4
678246,2025,778490,2025-04-01,0.0,4.0,0.0,5
678246,2025,778474,2025-04-02,0.9,4.0,0.225,6
678246,2025,778458,2025-04-04,1.25,5.0,0.25,7
678246,2025,778445,2025-04-05,0.7,4.0,0.175,8
678246,2025,778433,2025-04-06,1.4,4.0,0.35,9
678246,2025,778402,2025-04-08,0.0,3.0,0.0,10
678246,2025,778391,2025-04-09,1.8,5.0,0.36,11
678246,2025,778378,2025-04-10,0.0,4.0,0.0,12
678246,2025,778366,2025-04-11,1.95,5.0,0.39,13
678246,2025,778349,2025-04-12,0.7,4.0,0.175,14
678246,2025,778338,2025-04-13,0.0,4.0,0.0,15
678246,2025,778309,2025-04-15,1.25,4.0,0.3125,16
678246,2025,778294,2025-04-16,0.0,5.0,0.0,17
678246,2025,778283,2025-04-17,0.9,4.0,0.225,18
678246,2025,778275,2025-04-18,0.0,2.0,0.0,19
678246,2025,778264,2025-04-19,0.7,4.0,0.175,20
678246,2025,778245,2025-04-20,1.95,4.0,0.4875,21
678246,2025,778238,2025-04-21,0.0,4.0,0.0,22
678246,2025,778201,2025-04-23,1.8,4.0,0.45,23
678246,2025,778189,2025-04-24,2.7,4.0,0.675,24
678246,2025,778178,2025-04-25,2.15,4.0,0.5375,25
678246,2025,778165,2025-04-26,1.8,5.0,0.36,26
678246,2025,778149,2025-04-27,1.6,4.0,0.4,27
678246,2025,778125,2025-04-29,1.6,4.0,0.4,28
678246,2025,778111,2025-04-30,2.7,4.0,0.675,29
678246,2025,778094,2025-05-01,2.7,4.0,0.675,30
678246,2025,778079,2025-05-02,0.7,4.0,0.175,31
678246,2025,778066,2025-05-03,1.6,4.0,0.4,32
678246,2025,778055,2025-05-04,0.9,4.0,0.225,33
678246,2025,778043,2025-05-05,1.6,4.0,0.4,34
678246,2025,778033,2025-05-06,0.7,5.0,0.13999999999999999,35
678246,2025,778012,2025-05-07,2.5,4.0,0.625,36
678246,2025,778008,2025-05-08,0.0,3.0,0.0,37
678246,2025,777991,2025-05-09,0.7,4.0,0.175,38
678246,2025,777945,2025-05-13,3.25,5.0,0.65,39
678246,2025,777928,2025-05-14,0.0,5.0,0.0,40
678246,2025,777912,2025-05-15,1.8,4.0,0.45,41
678246,2025,777900,2025-05-16,6.15,4.0,1.5375,42
678246,2025,777881,2025-05-17,0.0,4.0,0.0,43
678246,2025,777872,2025-05-18,3.5999999999999996,4.0,0.8999999999999999,44
678246,2025,777857,2025-05-19,0.0,4.0,0.0,45
678246,2025,777846,2025-05-20,0.9,4.0,0.225,46
678246,2025,777830,2025-05-21,0.0,4.0,0.0,47
678246,2025,777805,2025-05-23,0.7,4.0,0.175,48
678246,2025,777792,2025-05-24,2.15,6.0,0.35833333333333334,49
678246,2025,777777,2025-05-25,3.25,4.0,0.8125,50
678246,2025,777758,2025-05-26,1.25,4.0,0.3125,51
678246,2025,777749,2025-05-27,3.25,5.0,0.65,52
678246,2025,777737,2025-05-28,2.65,5.0,0.53,53
678246,2025,777720,2025-05-30,0.9,4.0,0.225,54
678246,2025,777699,2025-05-31,0.7,5.0,0.13999999999999999,55
678246,2025,777684,2025-06-01,0.0,4.0,0.0,56
678246,2025,777674,2025-06-02,0.9,2.0,0.45,57
678246,2025,777661,2025-06-03,2.5,5.0,0.5,58
678246,2025,777639,2025-06-04,0.0,4.0,0.0,59
678246,2025,777634,2025-06-05,0.0,1.0,0.0,60
678246,2025,777618,2025-06-06,0.7,4.0,0.175,61
678246,2025,777606,2025-06-07,1.6,4.0,0.4,62
678246,2025,777590,2025-06-08,2.7,4.0,0.675,63
678246,2025,777567,2025-06-10,0.0,4.0,0.0,64
678246,2025,777550,2025-06-11,0.9,4.0,0.225,65
678246,2025,777546,2025-06-12,4.8,5.0,0.96,66
678246,2025,777524,2025-06-13,1.6,4.0,0.4,67
678246,2025,777508,2025-06-14,1.25,5.0,0.25,68
678246,2025,777493,2025-06-15,2.0,4.0,0.5,69
678246,2025,777467,2025-06-17,1.25,4.0,0.3125,70
678246,2025,777447,2025-06-19,2.5,5.0,0.5,71
678246,2025,777458,2025-06-19,0.0,5.0,0.0,72
678246,2025,777435,2025-06-20,0.7,5.0,0.13999999999999999,73
678246,2025,777418,2025-06-21,2.3,4.0,0.575,74
678246,2025,777408,2025-06-22,2.15,4.0,0.5375,75
678246,2025,777393,2025-06-23,0.0,4.0,0.0,76
678246,2025,777383,2025-06-24,0.0,4.0,0.0,77
678246,2025,777370,2025-06-25,0.7,4.0,0.175,78
678246,2025,777338,2025-06-27,2.5,4.0,0.625,79
678246,2025,777327,2025-06-28,0.0,4.0,0.0,80
678246,2025,777311,2025-06-29,0.7,4.0,0.175,81
678246,2025,777280,2025-07-01,0.0,4.0,0.0,82
678246,2025,777267,2025-07-02,0.0,4.0,0.0,83
678246,2025,777253,2025-07-03,0.0,4.0,0.0,84
678246,2025,777243,2025-07-04,2.15,5.0,0.43,85
678246,2025,777215,2025-07-06,0.7,4.0,0.175,86
678246,2025,777212,2025-07-07,0.9,5.0,0.18,87
678246,2025,777188,2025-07-08,0.0,2.0,0.0,88
678246,2025,777172,2025-07-09,1.6,4.0,0.4,89
678246,2025,777164,2025-07-11,0.0,4.0,0.0,90
678246,2025,777146,2025-07-11,1.6,5.0,0.32,91
678246,2025,777138,2025-07-12,0.0,1.0,0.0,92
678246,2025,777120,2025-07-13,1.25,4.0,0.3125,93
678246,2025,777107,2025-07-18,1.4,5.0,0.27999999999999997,94
678246,2025,777090,2025-07-19,2.5,5.0,0.5,95
678246,2025,777074,2025-07-20,3.25,5.0,0.65,96
678246,2025,777059,2025-07-21,3.4,5.0,0.6799999999999999,97
678246,2025,777048,2025-07-22,0.7,4.0,0.175,98
678246,2025,777030,2025-07-23,1.8,5.0,0.36,99
678246,2025,777017,2025-07-25,2.7,4.0,0.675,100
678246,2025,776994,2025-07-26,0.0,4.0,0.0,101
678246,2025,776989,2025-07-27,0.9,4.0,0.225,102
678246,2025,776972,2025-07-28,1.8,4.0,0.45,103
678246,2025,776952,2025-07-29,0.0,4.0,0.0,104
678246,2025,776939,2025-07-30,2.0,5.0,0.4,105
678246,2025,776916,2025-08-01,1.8,5.0,0.36,106
678246,2025,776773,2025-08-12,1.4,5.0,0.27999999999999997,107
678246,2025,776754,2025-08-13,0.0,3.0,0.0,108
678246,2025,776728,2025-08-15,1.8,4.0,0.45,109
678246,2025,776712,2025-08-16,0.9,4.0,0.225,110
678246,2025,776702,2025-08-17,1.6,5.0,0.32,111
678246,2025,776696,2025-08-18,2.15,6.0,0.35833333333333334,112
678246,2025,776687,2025-08-19,2.85,5.0,0.5700000000000001,113
678246,2025,776669,2025-08-20,0.0,4.0,0.0,114
678246,2025,776639,2025-08-22,2.0999999999999996,5.0,0.41999999999999993,115
678246,2025,776619,2025-08-23,2.85,4.0,0.7125,116
678246,2025,776607,2025-08-24,1.6,4.0,0.4,117
678246,2025,776599,2025-08-25,2.5,4.0,0.625,118
678246,2025,776583,2025-08-26,0.7,4.0,0.175,119
678246,2025,776569,2025-08-27,0.0,4.0,0.0,120
678246,2025,776556,2025-08-28,2.0,2.0,1.0,121
678246,2025,776378,2025-09-10,0.9,4.0,0.225,122
678246,2025,776364,2025-09-11,1.4,4.0,0.35,123
678246,2025,776361,2025-09-12,0.0,3.0,0.0,124
678246,2025,776348,2025-09-13,0.0,4.0,0.0,125
678246,2025,776331,2025-09-14,2.15,4.0,0.5375,126
678246,2025,776314,2025-09-15,0.0,1.0,0.0,127
678246,2025,776306,2025-09-16,0.7,4.0,0.175,128
678246,2025,776285,2025-09-17,0.0,3.0,0.0,129
678246,2025,776264,2025-09-19,2.7,4.0,0.675,130
678246,2025,776250,2025-09-20,2.15,4.0,0.5375,131
678246,2025,776235,2025-09-21,1.6,5.0,0.32,132
678246,2025,776216,2025-09-23,0.9,4.0,0.225,133
678246,2025,776199,2025-09-24,1.6,4.0,0.4,134
678246,2025,776184,2025-09-25,1.6,4.0,0.4,135
678246,2025,776165,2025-09-26,1.8,5.0,0.36,136
678246,2025,776160,2025-09-27,1.6,4.0,0.4,137
678246,2025,776143,2025-09-28,2.7,5.0,0.54,138
665862,2025,778557,2025-03-27,0.7,4.0,0.175,1
665862,2025,778538,2025-03-29,3.5999999999999996,6.0,0.6,2
665862,2025,778523,2025-03-30,4.9,4.0,1.225,3
665862,2025,778492,2025-04-01,0.0,4.0,0.0,4
665862,2025,778484,2025-04-02,0.9,4.0,0.225,5
665862,2025,778466,2025-04-03,2.7,5.0,0.54,6
665862,2025,778461,2025-04-04,0.0,5.0,0.0,7
665862,2025,778449,2025-04-05,1.95,5.0,0.39,8
665862,2025,778428,2025-04-06,1.25,5.0,0.25,9
665862,2025,778424,2025-04-07,0.9,4.0,0.225,10
665862,2025,778403,2025-04-08,0.0,4.0,0.0,11
665862,2025,778387,2025-04-09,0.7,5.0,0.13999999999999999,12
665862,2025,778370,2025-04-11,0.0,2.0,0.0,13
665862,2025,778355,2025-04-12,0.7,4.0,0.175,14
665862,2025,778339,2025-04-13,2.0,4.0,0.5,15
665862,2025,778327,2025-04-14,2.0,4.0,0.5,16
665862,2025,778312,2025-04-15,0.7,4.0,0.175,17
665862,2025,778300,2025-04-16,2.3,4.0,0.575,18
665862,2025,778282,2025-04-17,0.7,4.0,0.175,19
665862,2025,778272,2025-04-18,0.0,4.0,0.0,20
665862,2025,778255,2025-04-19,1.6,5.0,0.32,21
665862,2025,778240,2025-04-20,0.0,4.0,0.0,22
665862,2025,778227,2025-04-21,2.0,4.0,0.5,23
665862,2025,778218,2025-04-22,0.7,3.0,0.2333333333333333,24
665862,2025,778206,2025-04-23,2.3,5.0,0.45999999999999996,25
665862,2025,778185,2025-04-25,2.3,4.0,0.575,26
665862,2025,778170,2025-04-27,0.9,4.0,0.225,27
665862,2025,778156,2025-04-27,2.5,5.0,0.5,28
665862,2025,778140,2025-04-28,0.7,4.0,0.175,29
665862,2025,778133,2025-04-29,1.25,1.0,1.25,30
665862,2025,777664,2025-06-03,2.9,3.0,0.9666666666666667,31
665862,2025,777653,2025-06-04,0.9,4.0,0.225,32
665862,2025,777644,2025-06-05,2.7,4.0,0.675,33
665862,2025,777627,2025-06-06,3.8,5.0,0.76,34
665862,2025,777605,2025-06-07,0.0,2.0,0.0,35
665862,2025,777593,2025-06-08,0.7,5.0,0.13999999999999999,36
665862,2025,777572,2025-06-10,1.25,4.0,0.3125,37
665862,2025,777551,2025-06-11,1.4,3.0,0.4666666666666666,38
665862,2025,777516,2025-06-14,1.6,4.0,0.4,39
665862,2025,777500,2025-06-15,0.7,4.0,0.175,40
665862,2025,777487,2025-06-16,3.05,5.0,0.61,41
665862,2025,777476,2025-06-17,1.4,4.0,0.35,42
665862,2025,777466,2025-06-18,2.0,4.0,0.5,43
665862,2025,777449,2025-06-19,1.8,4.0,0.45,44
665862,2025,777438,2025-06-20,1.8,5.0,0.36,45
665862,2025,777422,2025-06-21,1.6,5.0,0.32,46
665862,2025,777406,2025-06-22,2.5,4.0,0.625,47
665862,2025,777390,2025-06-23,0.0,4.0,0.0,48
665862,2025,777385,2025-06-24,1.8,4.0,0.45,49
665862,2025,777367,2025-06-25,2.0,5.0,0.4,50
665862,2025,777337,2025-06-27,2.0,4.0,0.5,51
665862,2025,777326,2025-06-28,0.0,4.0,0.0,52
665862,2025,777307,2025-06-29,3.95,5.0,0.79,53
665862,2025,777295,2025-06-30,2.2,3.0,0.7333333333333334,54
665862,2025,777283,2025-07-01,1.4,5.0,0.27999999999999997,55
665862,2025,777274,2025-07-02,1.6,5.0,0.32,56
665862,2025,777260,2025-07-03,1.25,5.0,0.25,57
665862,2025,777250,2025-07-04,1.8,4.0,0.45,58
665862,2025,777241,2025-07-05,2.7,4.0,0.675,59
665862,2025,777187,2025-07-08,1.95,4.0,0.4875,60
665862,2025,777184,2025-07-09,4.0,4.0,1.0,61
665862,2025,777169,2025-07-10,0.9,4.0,0.225,62
665862,2025,777153,2025-07-11,2.3,5.0,0.45999999999999996,63
665862,2025,777142,2025-07-12,0.9,4.0,0.225,64
665862,2025,777122,2025-07-13,0.7,3.0,0.2333333333333333,65
665862,2025,777114,2025-07-18,0.0,4.0,0.0,66
665862,2025,777097,2025-07-19,0.9,5.0,0.18,67
665862,2025,777083,2025-07-20,2.15,4.0,0.5375,68
665862,2025,777066,2025-07-21,1.6,4.0,0.4,69
665862,2025,777046,2025-07-22,2.7,4.0,0.675,70
665862,2025,777027,2025-07-23,0.0,4.0,0.0,71
665862,2025,777015,2025-07-25,1.8,4.0,0.45,72
665862,2025,777001,2025-07-26,1.8,5.0,0.36,73
665862,2025,776988,2025-07-27,0.7,4.0,0.175,74
665862,2025,776970,2025-07-28,0.7,4.0,0.175,75
665862,2025,776949,2025-07-29,0.0,4.0,0.0,76
665862,2025,776938,2025-07-30,0.9,5.0,0.18,77
665862,2025,776927,2025-07-31,1.6,4.0,0.4,78
665862,2025,776925,2025-08-01,0.9,5.0,0.18,79
665862,2025,776910,2025-08-02,0.7,3.0,0.2333333333333333,80
665862,2025,776891,2025-08-03,2.9,4.0,0.725,81
665862,2025,776871,2025-08-04,1.95,5.0,0.39,82
665862,2025,776855,2025-08-05,0.0,3.0,0.0,83
665862,2025,776845,2025-08-06,0.0,4.0,0.0,84
665862,2025,776835,2025-08-08,0.0,4.0,0.0,85
665862,2025,776797,2025-08-10,0.9,4.0,0.225,86
665862,2025,776790,2025-08-11,2.7,4.0,0.675,87
665862,2025,776774,2025-08-12,3.9,5.0,0.78,88
665862,2025,776760,2025-08-13,0.0,4.0,0.0,89
665862,2025,776731,2025-08-15,2.7,4.0,0.675,90
665862,2025,776713,2025-08-16,0.7,5.0,0.13999999999999999,91
665862,2025,776698,2025-08-17,1.4,5.0,0.27999999999999997,92
665862,2025,776677,2025-08-19,2.9,5.0,0.58,93
665862,2025,776664,2025-08-20,0.7,4.0,0.175,94
665862,2025,776654,2025-08-21,1.8,4.0,0.45,95
665862,2025,776647,2025-08-22,0.0,3.0,0.0,96
665862,2025,776627,2025-08-23,0.0,1.0,0.0,97
665862,2025,776616,2025-08-24,4.0,4.0,1.0,98
665862,2025,776597,2025-08-25,2.7,4.0,0.675,99
665862,2025,776588,2025-08-26,0.9,4.0,0.225,100
665862,2025,776570,2025-08-27,2.0999999999999996,5.0,0.41999999999999993,101
665862,2025,776556,2025-08-28,2.9,5.0,0.58,102
665862,2025,776544,2025-08-29,1.4,5.0,0.27999999999999997,103
665862,2025,776529,2025-08-30,1.95,5.0,0.39,104
665862,2025,776514,2025-08-31,1.6,4.0,0.4,105
665862,2025,776489,2025-09-02,4.9,4.0,1.225,106
665862,2025,776472,2025-09-03,0.9,5.0,0.18,107
665862,2025,776464,2025-09-04,0.0,2.0,0.0,108
665862,2025,776457,2025-09-05,0.0,3.0,0.0,109
665862,2025,776436,2025-09-06,1.8,4.0,0.45,110
665862,2025,776423,2025-09-07,0.7,3.0,0.2333333333333333,111
665862,2025,776398,2025-09-09,0.9,3.0,0.3,112
665862,2025,776383,2025-09-10,0.0,4.0,0.0,113
665862,2025,776368,2025-09-11,2.5,5.0,0.5,114
665862,2025,776363,2025-09-12,1.8,4.0,0.45,115
665862,2025,776344,2025-09-13,3.8,5.0,0.76,116
665862,2025,776330,2025-09-14,0.0,4.0,0.0,117
665862,2025,776313,2025-09-15,0.0,4.0,0.0,118
665862,2025,776298,2025-09-16,1.8,5.0,0.36,119
665862,2025,776284,2025-09-17,0.0,5.0,0.0,120
665862,2025,776278,2025-09-18,1.25,2.0,0.625,121
665862,2025,776273,2025-09-19,2.0,4.0,0.5,122
665862,2025,776257,2025-09-20,0.9,4.0,0.225,123
665862,2025,776240,2025-09-21,2.0,4.0,0.5,124
665862,2025,776216,2025-09-23,3.4,4.0,0.85,125
665862,2025,776199,2025-09-24,1.25,4.0,0.3125,126
665862,2025,776184,2025-09-25,0.0,4.0,0.0,127
665862,2025,776174,2025-09-26,0.0,2.0,0.0,128
665862,2025,776162,2025-09-27,0.7,3.0,0.2333333333333333,129
665862,2025,776140,2025-09-28,0.0,1.0,0.0,130
666134,2025,778529,2025-03-29,1.25,4.0,0.3125,1
666134,2025,778510,2025-03-30,1.4,5.0,0.27999999999999997,2
666134,2025,778485,2025-04-01,0.0,4.0,0.0,3
666134,2025,778476,2025-04-02,2.15,4.0,0.5375,4
666134,2025,778447,2025-04-04,0.0,2.0,0.0,5
666134,2025,778437,2025-04-05,0.0,4.0,0.0,6
666134,2025,778425,2025-04-06,0.0,1.0,0.0,7
666134,2025,778402,2025-04-08,1.4,4.0,0.35,8
666134,2025,778391,2025-04-09,1.4,4.0,0.35,9
666134,2025,778378,2025-04-10,0.9,4.0,0.225,10
666134,2025,778375,2025-04-11,1.25,1.0,1.25,11
666134,2025,778359,2025-04-12,0.0,3.0,0.0,12
666134,2025,778342,2025-04-13,0.0,1.0,0.0,13
666134,2025,778317,2025-04-15,0.0,3.0,0.0,14
666134,2025,778301,2025-04-16,0.7,1.0,0.7,15
666134,2025,778292,2025-04-17,1.6,4.0,0.4,16
666134,2025,778271,2025-04-18,0.0,2.0,0.0,17
666134,2025,778254,2025-04-19,2.85,4.0,0.7125,18
666134,2025,778242,2025-04-20,0.9,3.0,0.3,19
666134,2025,778227,2025-04-21,0.7,4.0,0.175,20
666134,2025,778218,2025-04-22,0.9,3.0,0.3,21
666134,2025,778206,2025-04-23,0.0,1.0,0.0,22
666134,2025,778179,2025-04-26,1.25,4.0,0.3125,23
666134,2025,778157,2025-04-27,2.7,4.0,0.675,24
666134,2025,778139,2025-04-28,0.0,4.0,0.0,25
666134,2025,778116,2025-04-30,0.0,3.0,0.0,26
666134,2025,778108,2025-05-01,0.0,1.0,0.0,27
666134,2025,778081,2025-05-02,0.7,1.0,0.7,28
666134,2025,778064,2025-05-03,0.0,4.0,0.0,29
666134,2025,778056,2025-05-04,0.0,2.0,0.0,30
666134,2025,778046,2025-05-06,0.7,4.0,0.175,31
666134,2025,778026,2025-05-06,3.25,4.0,0.8125,32
666134,2025,778022,2025-05-07,0.8999999999999999,3.0,0.3,33
666134,2025,777997,2025-05-09,0.0,2.0,0.0,34
666134,2025,777971,2025-05-11,0.0,2.0,0.0,35
666134,2025,777960,2025-05-12,0.0,2.0,0.0,36
666134,2025,777925,2025-05-14,1.8,4.0,0.45,37
666134,2025,777902,2025-05-16,0.0,4.0,0.0,38
666134,2025,777892,2025-05-17,1.8,3.0,0.6,39
666134,2025,777874,2025-05-18,0.9,2.0,0.45,40
666134,2025,777861,2025-05-19,0.9,4.0,0.225,41
666134,2025,777829,2025-05-21,0.9,3.0,0.3,42
666134,2025,777821,2025-05-22,0.0,2.0,0.0,43
666134,2025,777807,2025-05-23,0.0,4.0,0.0,44
666134,2025,777796,2025-05-24,0.9,2.0,0.45,45
666134,2025,777780,2025-05-25,0.7,3.0,0.2333333333333333,46
666134,2025,777769,2025-05-26,0.0,1.0,0.0,47
666134,2025,777753,2025-05-27,0.0,4.0,0.0,48
666134,2025,777739,2025-05-28,2.7,3.0,0.9,49
666134,2025,777721,2025-05-30,1.8,4.0,0.45,50
666134,2025,777703,2025-05-31,1.6,4.0,0.4,51
666134,2025,777683,2025-06-01,2.7,3.0,0.9,52
666134,2025,777664,2025-06-03,0.0,1.0,0.0,53
666134,2025,777653,2025-06-04,0.9,3.0,0.3,54
666134,2025,777622,2025-06-06,0.9,2.0,0.45,55
666134,2025,777608,2025-06-07,0.7,2.0,0.35,56
666134,2025,777591,2025-06-08,0.0,1.0,0.0,57
666134,2025,777580,2025-06-09,0.0,1.0,0.0,58
666134,2025,777569,2025-06-10,0.0,3.0,0.0,59
666134,2025,777549,2025-06-11,1.4,4.0,0.35,60
666134,2025,777520,2025-06-13,2.7,3.0,0.9,61
666134,2025,777507,2025-06-14,2.85,4.0,0.7125,62
666134,2025,777495,2025-06-15,0.9,3.0,0.3,63
666134,2025,777454,2025-06-18,0.9,4.0,0.225,64
666134,2025,777440,2025-06-19,0.0,4.0,0.0,65
666134,2025,777411,2025-06-21,0.7,3.0,0.2333333333333333,66
666134,2025,777400,2025-06-22,1.25,4.0,0.3125,67
666134,2025,777384,2025-06-24,0.0,1.0,0.0,68
666134,2025,777368,2025-06-25,0.0,3.0,0.0,69
666134,2025,777354,2025-06-26,0.7,2.0,0.35,70
666134,2025,777349,2025-06-27,0.9,3.0,0.3,71
666134,2025,777329,2025-06-28,2.15,4.0,0.5375,72
666134,2025,777287,2025-07-01,0.9,4.0,0.225,73
666134,2025,777266,2025-07-02,0.7,4.0,0.175,74
666134,2025,777259,2025-07-03,1.6,4.0,0.4,75
666134,2025,777249,2025-07-04,1.8,4.0,0.45,76
666134,2025,777240,2025-07-05,0.0,3.0,0.0,77
666134,2025,777226,2025-07-06,0.0,1.0,0.0,78
666134,2025,777202,2025-07-07,1.6,4.0,0.4,79
666134,2025,777192,2025-07-08,2.85,3.0,0.9500000000000001,80
666134,2025,777146,2025-07-11,3.2,6.0,0.5333333333333333,81
666134,2025,777164,2025-07-11,0.9,3.0,0.3,82
666134,2025,777138,2025-07-12,0.7,5.0,0.13999999999999999,83
666134,2025,777120,2025-07-13,1.6,5.0,0.32,84
666134,2025,777105,2025-07-18,0.9,4.0,0.225,85
666134,2025,777104,2025-07-19,1.6,4.0,0.4,86
666134,2025,777084,2025-07-20,0.7,4.0,0.175,87
666134,2025,777068,2025-07-21,1.6,5.0,0.32,88
666134,2025,777056,2025-07-22,0.7,4.0,0.175,89
666134,2025,777036,2025-07-23,0.0,3.0,0.0,90
666134,2025,777019,2025-07-24,0.0,4.0,0.0,91
666134,2025,777010,2025-07-26,0.0,3.0,0.0,92
666134,2025,776975,2025-07-27,0.0,1.0,0.0,93
666134,2025,776968,2025-07-28,1.6,5.0,0.32,94
666134,2025,776951,2025-07-29,2.85,4.0,0.7125,95
666134,2025,776942,2025-07-30,0.7,4.0,0.175,96
666134,2025,776924,2025-08-01,0.0,1.0,0.0,97
666134,2025,776892,2025-08-03,0.7,4.0,0.175,98
666134,2025,776876,2025-08-04,0.9,5.0,0.18,99
666134,2025,776814,2025-08-09,0.0,2.0,0.0,100
666134,2025,776778,2025-08-12,0.0,3.0,0.0,101
666134,2025,776766,2025-08-13,0.0,1.0,0.0,102
666134,2025,776720,2025-08-16,0.0,1.0,0.0,103
666134,2025,776706,2025-08-17,2.3,5.0,0.45999999999999996,104
666134,2025,776682,2025-08-18,0.0,3.0,0.0,105
666134,2025,776672,2025-08-19,1.8,4.0,0.45,106
666134,2025,776641,2025-08-22,0.0,1.0,0.0,107
666134,2025,776623,2025-08-23,0.7,1.0,0.7,108
666134,2025,776601,2025-08-25,0.0,3.0,0.0,109
666134,2025,776580,2025-08-27,2.9,4.0,0.725,110
666134,2025,776547,2025-08-29,3.25,4.0,0.8125,111
666134,2025,776537,2025-08-30,0.9,3.0,0.3,112
666134,2025,776521,2025-08-31,0.0,3.0,0.0,113
666134,2025,776505,2025-09-01,0.9,4.0,0.225,114
666134,2025,776493,2025-09-02,0.0,4.0,0.0,115
666134,2025,776458,2025-09-04,0.0,1.0,0.0,116
666134,2025,776451,2025-09-05,1.8,5.0,0.36,117
666134,2025,776438,2025-09-06,0.9,4.0,0.225,118
666134,2025,776421,2025-09-07,0.0,2.0,0.0,119
666134,2025,776413,2025-09-08,1.95,5.0,0.39,120
666134,2025,776403,2025-09-09,0.0,3.0,0.0,121
666134,2025,776382,2025-09-10,0.0,1.0,0.0,122
666134,2025,776370,2025-09-11,0.0,3.0,0.0,123
666134,2025,776361,2025-09-12,0.9,1.0,0.9,124
666134,2025,776348,2025-09-13,0.7,3.0,0.2333333333333333,125
666134,2025,776331,2025-09-14,0.0,2.0,0.0,126
666134,2025,776303,2025-09-16,1.25,2.0,0.625,127
666134,2025,776296,2025-09-17,0.0,4.0,0.0,128
666134,2025,776275,2025-09-18,0.9,4.0,0.225,129
663743,2025,778562,2025-03-27,2.3,4.0,0.575,1
663743,2025,778539,2025-03-29,1.25,3.0,0.4166666666666667,2
663743,2025,778519,2025-03-30,1.25,3.0,0.4166666666666667,3
663743,2025,778497,2025-04-01,0.0,3.0,0.0,4
663743,2025,778481,2025-04-02,1.1,1.0,1.1,5
663743,2025,778416,2025-04-07,0.0,2.0,0.0,6
663743,2025,778390,2025-04-09,1.8,5.0,0.36,7
663743,2025,778061,2025-05-04,0.9,3.0,0.3,8
663743,2025,778047,2025-05-05,0.9,2.0,0.45,9
663743,2025,778035,2025-05-06,0.0,2.0,0.0,10
663743,2025,777978,2025-05-10,0.7,1.0,0.7,11
663743,2025,777966,2025-05-11,0.0,4.0,0.0,12
663743,2025,777936,2025-05-13,0.0,2.0,0.0,13
663743,2025,777921,2025-05-14,0.0,3.0,0.0,14
663743,2025,777889,2025-05-17,0.0,3.0,0.0,15
663743,2025,777850,2025-05-20,2.0,3.0,0.6666666666666666,16
663743,2025,777833,2025-05-21,0.0,1.0,0.0,17
663743,2025,777798,2025-05-23,1.8,5.0,0.36,18
663743,2025,777781,2025-05-24,0.7,1.0,0.7,19
663743,2025,777756,2025-05-26,0.0,3.0,0.0,20
663743,2025,777742,2025-05-27,0.0,1.0,0.0,21
663743,2025,777726,2025-05-28,0.9,4.0,0.225,22
663743,2025,777717,2025-05-30,0.7,3.0,0.2333333333333333,23
663743,2025,777705,2025-05-31,0.7,3.0,0.2333333333333333,24
663743,2025,777666,2025-06-03,0.7,3.0,0.2333333333333333,25
663743,2025,777652,2025-06-04,0.0,2.0,0.0,26
663743,2025,777625,2025-06-06,0.0,1.0,0.0,27
663743,2025,777611,2025-06-07,1.8,4.0,0.45,28
663743,2025,777566,2025-06-10,2.0,4.0,0.5,29
663743,2025,777552,2025-06-11,1.8,2.0,0.9,30
663743,2025,777530,2025-06-13,1.6,5.0,0.32,31
663743,2025,777503,2025-06-15,3.05,4.0,0.7625,32
663743,2025,777481,2025-06-17,0.9,4.0,0.225,33
663743,2025,777465,2025-06-18,0.0,1.0,0.0,34
663743,2025,777444,2025-06-19,0.9,3.0,0.3,35
663743,2025,777402,2025-06-22,1.25,4.0,0.3125,36
663743,2025,777355,2025-06-25,0.0,1.0,0.0,37
663743,2025,777347,2025-06-26,1.1,4.0,0.275,38
663743,2025,777318,2025-06-28,0.0,1.0,0.0,39
663743,2025,777303,2025-06-29,0.0,2.0,0.0,40
663743,2025,777293,2025-07-01,0.9,1.0,0.9,41
663743,2025,777254,2025-07-04,0.9,3.0,0.3,42
663743,2025,777208,2025-07-07,0.7,1.0,0.7,43
663743,2025,777183,2025-07-09,1.8,3.0,0.6,44
663743,2025,777168,2025-07-10,0.0,2.0,0.0,45
663743,2025,777141,2025-07-12,0.0,1.0,0.0,46
663743,2025,777129,2025-07-13,2.15,5.0,0.43,47
663743,2025,777109,2025-07-18,0.7,4.0,0.175,48
663743,2025,777093,2025-07-19,0.0,1.0,0.0,49
663743,2025,777037,2025-07-23,1.25,3.0,0.4166666666666667,50
663743,2025,777008,2025-07-25,0.0,1.0,0.0,51
663743,2025,776996,2025-07-26,0.0,4.0,0.0,52
663743,2025,776949,2025-07-29,0.7,3.0,0.2333333333333333,53
663743,2025,776927,2025-07-31,0.0,3.0,0.0,54
663743,2025,776918,2025-08-01,0.0,3.0,0.0,55
663743,2025,776867,2025-08-04,0.0,3.0,0.0,56
663743,2025,776843,2025-08-06,2.0,4.0,0.5,57
663743,2025,776805,2025-08-09,0.0,1.0,0.0,58
663743,2025,776787,2025-08-11,1.6,4.0,0.4,59
663743,2025,776762,2025-08-12,0.0,3.0,0.0,60
663743,2025,776729,2025-08-15,1.4,2.0,0.7,61
663743,2025,776711,2025-08-16,0.7,3.0,0.2333333333333333,62
663743,2025,776677,2025-08-19,2.3,4.0,0.575,63
663743,2025,776631,2025-08-21,0.9,3.0,0.3,64
663743,2025,776606,2025-08-24,0.7,4.0,0.175,65
663743,2025,776584,2025-08-26,0.0,3.0,0.0,66
663743,2025,776580,2025-08-27,0.0,2.0,0.0,67
663743,2025,776545,2025-08-29,0.9,4.0,0.225,68
663743,2025,776504,2025-09-01,3.8,4.0,0.95,69
663743,2025,776458,2025-09-04,0.0,4.0,0.0,70
663743,2025,776438,2025-09-06,0.7,1.0,0.7,71
663743,2025,776421,2025-09-07,0.9,2.0,0.45,72
663743,2025,776388,2025-09-09,0.0,1.0,0.0,73
663743,2025,776378,2025-09-10,0.7,2.0,0.35,74
663743,2025,776352,2025-09-12,0.9,3.0,0.3,75
663743,2025,776338,2025-09-13,3.25,2.0,1.625,76
663743,2025,776321,2025-09-14,1.95,4.0,0.4875,77
663743,2025,776316,2025-09-15,0.0,4.0,0.0,78
663743,2025,776305,2025-09-16,0.0,1.0,0.0,79
663743,2025,776290,2025-09-17,0.9,3.0,0.3,80
663743,2025,776261,2025-09-19,1.8,4.0,0.45,81
663743,2025,776247,2025-09-20,1.25,4.0,0.3125,82
663743,2025,776236,2025-09-21,1.8,4.0,0.45,83
663743,2025,776223,2025-09-23,0.0,1.0,0.0,84
663743,2025,776191,2025-09-25,1.8,4.0,0.45,85
663743,2025,776159,2025-09-27,1.6,4.0,0.4,86
665804,2025,778563,2025-03-18,1.25,3.0,0.4166666666666667,1
665804,2025,778552,2025-03-27,2.5,5.0,0.5,2
665804,2025,778532,2025-03-29,1.25,4.0,0.3125,3
665804,2025,778515,2025-03-30,0.9,4.0,0.225,4
665804,2025,778494,2025-04-01,0.9,4.0,0.225,5
665804,2025,778460,2025-04-04,0.0,4.0,0.0,6
665804,2025,778411,2025-04-07,1.8,4.0,0.45,7
665804,2025,778385,2025-04-09,0.0,3.0,0.0,8
665804,2025,778356,2025-04-11,0.0,3.0,0.0,9
665804,2025,778345,2025-04-12,3.5999999999999996,4.0,0.8999999999999999,10
665804,2025,778331,2025-04-13,0.0,2.0,0.0,11
665804,2025,778315,2025-04-14,3.4,4.0,0.85,12
665804,2025,778305,2025-04-15,0.2,4.0,0.05,13
665804,2025,778257,2025-04-19,0.7,4.0,0.175,14
665804,2025,778220,2025-04-22,2.9,5.0,0.58,15
665804,2025,778174,2025-04-26,2.5,4.0,0.625,16
665804,2025,778158,2025-04-27,0.9,3.0,0.3,17
665804,2025,778100,2025-05-01,0.0,4.0,0.0,18
665804,2025,778054,2025-05-04,0.0,3.0,0.0,19
665804,2025,778027,2025-05-06,2.0,3.0,0.6666666666666666,20
665804,2025,777982,2025-05-10,0.9,4.0,0.225,21
665804,2025,777952,2025-05-12,3.4,3.0,1.1333333333333333,22
665804,2025,777921,2025-05-14,0.0,3.0,0.0,23
665804,2025,777881,2025-05-17,2.5,5.0,0.5,24
665804,2025,777863,2025-05-19,3.95,4.0,0.9875,25
665804,2025,777833,2025-05-21,0.9,4.0,0.225,26
665804,2025,777791,2025-05-24,0.0,2.0,0.0,27
665804,2025,776757,2025-08-13,0.9,3.0,0.3,28
665953,2025,777570,2025-06-10,1.25,2.0,0.625,1
665953,2025,777555,2025-06-11,0.0,4.0,0.0,2
665953,2025,777488,2025-06-16,0.7,3.0,0.2333333333333333,3
665953,2025,777427,2025-06-20,0.0,3.0,0.0,4
665953,2025,776678,2025-08-19,2.85,3.0,0.9500000000000001,5
665953,2025,776650,2025-08-21,1.6,4.0,0.4,6
665953,2025,776648,2025-08-22,0.0,1.0,0.0,7
665953,2025,776628,2025-08-23,0.0,1.0,0.0,8
665953,2025,776613,2025-08-24,0.0,3.0,0.0,9
665953,2025,776570,2025-08-27,2.7,4.0,0.675,10
665953,2025,776545,2025-08-29,0.0,1.0,0.0,11
665953,2025,776520,2025-08-31,0.9,4.0,0.225,12
665953,2025,776498,2025-09-01,0.0,3.0,0.0,13
665953,2025,776455,2025-09-05,0.7,4.0,0.175,14
665953,2025,776440,2025-09-06,0.0,1.0,0.0,15
665953,2025,776420,2025-09-07,0.0,4.0,0.0,16
665953,2025,776367,2025-09-11,0.9,4.0,0.225,17
665953,2025,776336,2025-09-13,0.0,1.0,0.0,18
665953,2025,776320,2025-09-14,1.8,4.0,0.45,19
665953,2025,776315,2025-09-15,0.0,1.0,0.0,20
665953,2025,777825,2025-09-16,1.6,4.0,0.4,21
665953,2025,776307,2025-09-16,0.0,4.0,0.0,22
665953,2025,776252,2025-09-20,0.0,2.0,0.0,23
665953,2025,776237,2025-09-21,0.0,1.0,0.0,24
665953,2025,776221,2025-09-22,1.8,5.0,0.36,25
665953,2025,776165,2025-09-26,0.0,1.0,0.0,26
665953,2025,776143,2025-09-28,0.0,1.0,0.0,27
667472,2025,778562,2025-03-27,0.9,2.0,0.45,1
667472,2025,778548,2025-03-28,0.0,2.0,0.0,2
667472,2025,778539,2025-03-29,3.4,6.0,0.5666666666666667,3
667472,2025,778519,2025-03-30,0.9,2.0,0.45,4
667472,2025,778509,2025-03-31,1.6,4.0,0.4,5
667472,2025,778497,2025-04-01,0.9,3.0,0.3,6
667472,2025,778464,2025-04-04,0.9,3.0,0.3,7
667472,2025,778416,2025-04-07,0.9,3.0,0.3,8
667472,2025,778407,2025-04-08,0.0,1.0,0.0,9
667472,2025,778390,2025-04-09,1.8,5.0,0.36,10
667472,2025,778303,2025-04-16,0.0,1.0,0.0,11
667472,2025,778291,2025-04-17,0.0,3.0,0.0,12
667472,2025,778252,2025-04-19,2.9,3.0,0.9666666666666667,13
667472,2025,778248,2025-04-20,1.8,5.0,0.36,14
667472,2025,778230,2025-04-21,0.0,2.0,0.0,15
667472,2025,778219,2025-04-22,0.0,4.0,0.0,16
667472,2025,778154,2025-04-26,0.9,3.0,0.3,17
667472,2025,778132,2025-04-28,2.9,2.0,1.45,18
667472,2025,778123,2025-04-29,3.4,4.0,0.85,19
667472,2025,778091,2025-05-02,2.7,3.0,0.9,20
667472,2025,778075,2025-05-03,1.4,4.0,0.35,21
667472,2025,778061,2025-05-04,1.25,3.0,0.4166666666666667,22
667472,2025,778047,2025-05-05,1.8,4.0,0.45,23
667472,2025,778035,2025-05-06,1.8,4.0,0.45,24
667472,2025,778017,2025-05-07,0.0,4.0,0.0,25
667472,2025,777991,2025-05-09,0.9,4.0,0.225,26
667472,2025,777978,2025-05-10,0.9,3.0,0.3,27
667472,2025,777717,2025-05-30,0.0,3.0,0.0,28
667472,2025,777705,2025-05-31,0.7,3.0,0.2333333333333333,29
667472,2025,777689,2025-06-01,0.7,1.0,0.7,30
667472,2025,777673,2025-06-02,1.25,4.0,0.3125,31
667472,2025,777666,2025-06-03,0.0,3.0,0.0,32
667472,2025,777652,2025-06-04,0.7,2.0,0.35,33
667472,2025,777625,2025-06-06,2.15,4.0,0.5375,34
667472,2025,777611,2025-06-07,2.8499999999999996,4.0,0.7124999999999999,35
667472,2025,777592,2025-06-08,0.0,4.0,0.0,36
667472,2025,777574,2025-06-09,0.0,3.0,0.0,37
667472,2025,777566,2025-06-10,1.8,4.0,0.45,38
667472,2025,777552,2025-06-11,0.0,2.0,0.0,39
667472,2025,777530,2025-06-13,3.05,5.0,0.61,40
667472,2025,777514,2025-06-14,1.8,4.0,0.45,41
667472,2025,777503,2025-06-15,3.8,4.0,0.95,42
667472,2025,777483,2025-06-16,0.7,1.0,0.7,43
667472,2025,777465,2025-06-18,0.9,4.0,0.225,44
667472,2025,777444,2025-06-19,1.25,4.0,0.3125,45
667472,2025,777439,2025-06-20,1.4,4.0,0.35,46
667472,2025,777424,2025-06-21,0.9,4.0,0.225,47
667472,2025,777402,2025-06-22,0.9,4.0,0.225,48
667472,2025,777364,2025-06-24,0.0,4.0,0.0,49
667472,2025,777355,2025-06-25,0.7,5.0,0.13999999999999999,50
667472,2025,777347,2025-06-26,0.9,5.0,0.18,51
667472,2025,777332,2025-06-27,0.9,1.0,0.9,52
667472,2025,777318,2025-06-28,0.9,4.0,0.225,53
667472,2025,777303,2025-06-29,1.4,5.0,0.27999999999999997,54
667472,2025,777293,2025-07-01,0.9,3.0,0.3,55
667472,2025,777275,2025-07-02,0.9,4.0,0.225,56
667472,2025,777254,2025-07-04,0.0,4.0,0.0,57
667472,2025,777238,2025-07-05,0.9,3.0,0.3,58
667472,2025,777224,2025-07-06,0.0,2.0,0.0,59
667472,2025,777197,2025-07-08,0.9,5.0,0.18,60
667472,2025,777183,2025-07-09,0.0,3.0,0.0,61
667472,2025,777168,2025-07-10,0.0,2.0,0.0,62
667472,2025,777141,2025-07-12,1.8,4.0,0.45,63
667472,2025,777129,2025-07-13,0.9,5.0,0.18,64
667472,2025,777109,2025-07-18,0.0,4.0,0.0,65
667472,2025,777093,2025-07-19,0.0,3.0,0.0,66
667472,2025,777082,2025-07-20,0.0,4.0,0.0,67
667472,2025,777062,2025-07-21,0.0,3.0,0.0,68
667472,2025,777052,2025-07-22,0.9,4.0,0.225,69
667472,2025,777037,2025-07-23,0.0,2.0,0.0,70
667472,2025,777008,2025-07-25,0.0,4.0,0.0,71
667472,2025,776996,2025-07-26,3.6,4.0,0.9,72
667472,2025,776978,2025-07-27,0.7,4.0,0.175,73
667472,2025,776960,2025-07-28,0.0,3.0,0.0,74
667472,2025,776946,2025-07-29,0.9,2.0,0.45,75
667472,2025,776934,2025-07-30,0.0,3.0,0.0,76
667472,2025,776925,2025-08-01,0.7,2.0,0.35,77
667472,2025,776910,2025-08-02,0.7,3.0,0.2333333333333333,78
667472,2025,776891,2025-08-03,0.7,2.0,0.35,79
667472,2025,776875,2025-08-04,0.0,4.0,0.0,80
667472,2025,776862,2025-08-05,0.0,1.0,0.0,81
667472,2025,776849,2025-08-06,0.0,1.0,0.0,82
667472,2025,776834,2025-08-08,0.7,4.0,0.175,83
667472,2025,778431,2025-08-09,0.0,3.0,0.0,84
667472,2025,776803,2025-08-10,1.95,4.0,0.4875,85
667472,2025,776778,2025-08-12,1.6,3.0,0.5333333333333333,86
667472,2025,776766,2025-08-13,0.0,4.0,0.0,87
667472,2025,776741,2025-08-15,0.9,4.0,0.225,88
667472,2025,776724,2025-08-16,0.0,1.0,0.0,89
667472,2025,776714,2025-08-17,2.0,4.0,0.5,90
667472,2025,776688,2025-08-18,0.9,4.0,0.225,91
667472,2025,776686,2025-08-19,0.0,1.0,0.0,92
667472,2025,776630,2025-08-23,1.6,5.0,0.32,93
667472,2025,776614,2025-08-24,0.0,1.0,0.0,94
667472,2025,776565,2025-08-27,0.9,4.0,0.225,95
667472,2025,776558,2025-08-28,0.7,4.0,0.175,96
667472,2025,776535,2025-08-30,0.0,1.0,0.0,97
667472,2025,776293,2025-09-16,1.25,4.0,0.3125,98
667472,2025,776277,2025-09-17,0.0,1.0,0.0,99
667472,2025,776270,2025-09-18,0.9,4.0,0.225,100
667472,2025,776251,2025-09-19,0.9,4.0,0.225,101
667472,2025,776226,2025-09-21,0.9,2.0,0.45,102
669394,2025,778553,2025-03-27,0.7,4.0,0.175,1
669394,2025,778550,2025-03-28,1.25,3.0,0.4166666666666667,2
669394,2025,778531,2025-03-29,0.7,4.0,0.175,3
669394,2025,778516,2025-03-30,0.9,3.0,0.3,4
669394,2025,778511,2025-03-31,2.0,4.0,0.5,5
669394,2025,778498,2025-04-01,0.0,4.0,0.0,6
669394,2025,778480,2025-04-02,0.0,4.0,0.0,7
669394,2025,778454,2025-04-04,0.0,3.0,0.0,8
669394,2025,778438,2025-04-05,2.0,4.0,0.5,9
669394,2025,778420,2025-04-06,0.0,4.0,0.0,10
669394,2025,778411,2025-04-07,0.0,3.0,0.0,11
669394,2025,778385,2025-04-09,0.9,4.0,0.225,12
669394,2025,778360,2025-04-11,0.9,4.0,0.225,13
669394,2025,778341,2025-04-12,0.9,4.0,0.225,14
669394,2025,778334,2025-04-13,1.25,3.0,0.4166666666666667,15
669394,2025,778289,2025-04-16,2.7,4.0,0.675,16
669394,2025,778281,2025-04-17,1.6,4.0,0.4,17
669394,2025,778263,2025-04-18,0.0,3.0,0.0,18
669394,2025,778251,2025-04-19,0.0,1.0,0.0,19
669394,2025,778234,2025-04-20,0.0,3.0,0.0,20
669394,2025,778213,2025-04-22,2.7,4.0,0.675,21
669394,2025,778197,2025-04-23,0.0,3.0,0.0,22
669394,2025,778192,2025-04-24,0.0,4.0,0.0,23
669394,2025,778171,2025-04-25,1.25,3.0,0.4166666666666667,24
669394,2025,778159,2025-04-26,0.0,4.0,0.0,25
669394,2025,778151,2025-04-27,1.25,4.0,0.3125,26
669394,2025,778143,2025-04-28,0.9,3.0,0.3,27
669394,2025,778122,2025-04-29,3.55,5.0,0.71,28
669394,2025,778106,2025-04-30,0.0,5.0,0.0,29
669394,2025,778096,2025-05-01,0.9,3.0,0.3,30
669394,2025,777949,2025-05-12,0.9,3.0,0.3,31
669394,2025,777934,2025-05-13,1.6,4.0,0.4,32
669394,2025,777918,2025-05-14,1.95,4.0,0.4875,33
669394,2025,777910,2025-05-15,2.9,3.0,0.9666666666666667,34
669394,2025,777895,2025-05-16,0.9,4.0,0.225,35
669394,2025,777882,2025-05-17,1.25,4.0,0.3125,36
669394,2025,777869,2025-05-18,0.9,4.0,0.225,37
669394,2025,777849,2025-05-20,0.0,4.0,0.0,38
669394,2025,777835,2025-05-21,4.9,4.0,1.225,39
669394,2025,777818,2025-05-22,0.0,4.0,0.0,40
669394,2025,777805,2025-05-23,1.25,4.0,0.3125,41
669394,2025,777792,2025-05-24,0.0,4.0,0.0,42
669394,2025,777777,2025-05-25,3.25,4.0,0.8125,43
669394,2025,777759,2025-05-26,0.0,4.0,0.0,44
669394,2025,777741,2025-05-27,0.0,4.0,0.0,45
669394,2025,777724,2025-05-28,0.0,3.0,0.0,46
669394,2025,777709,2025-05-30,0.9,5.0,0.18,47
669394,2025,777697,2025-05-31,0.9,3.0,0.3,48
669394,2025,777678,2025-06-01,1.25,4.0,0.3125,49
669394,2025,777662,2025-06-03,1.8,3.0,0.6,50
669394,2025,777646,2025-06-04,0.0,4.0,0.0,51
669394,2025,777629,2025-06-05,2.9,4.0,0.725,52
669394,2025,777624,2025-06-06,0.0,4.0,0.0,53
669394,2025,777610,2025-06-07,0.7,4.0,0.175,54
669394,2025,777596,2025-06-08,4.15,4.0,1.0375,55
669394,2025,777557,2025-06-10,1.8,6.0,0.3,56
669394,2025,777556,2025-06-11,0.0,4.0,0.0,57
669394,2025,777533,2025-06-12,3.8,6.0,0.6333333333333333,58
669394,2025,777524,2025-06-13,2.15,4.0,0.5375,59
669394,2025,777508,2025-06-14,1.4,6.0,0.2333333333333333,60
669394,2025,777493,2025-06-15,0.9,4.0,0.225,61
669394,2025,777468,2025-06-17,0.0,4.0,0.0,62
669394,2025,777460,2025-06-18,1.25,4.0,0.3125,63
669394,2025,777443,2025-06-19,0.0,3.0,0.0,64
669394,2025,777432,2025-06-20,0.9,4.0,0.225,65
669394,2025,777268,2025-07-02,0.0,4.0,0.0,66
669394,2025,777239,2025-07-04,0.9,4.0,0.225,67
669394,2025,777223,2025-07-05,2.5,4.0,0.625,68
669394,2025,777207,2025-07-06,1.8,3.0,0.6,69
669394,2025,777200,2025-07-07,0.7,4.0,0.175,70
669394,2025,777180,2025-07-08,3.8,5.0,0.76,71
669394,2025,777171,2025-07-09,0.9,4.0,0.225,72
669394,2025,777159,2025-07-10,1.25,5.0,0.25,73
669394,2025,777154,2025-07-11,0.9,3.0,0.3,74
669394,2025,777137,2025-07-12,0.0,1.0,0.0,75
669394,2025,776821,2025-08-08,2.15,3.0,0.7166666666666667,76
669394,2025,776810,2025-08-09,0.9,3.0,0.3,77
669394,2025,776800,2025-08-10,0.0,2.0,0.0,78
669394,2025,776785,2025-08-11,0.9,1.0,0.9,79
669394,2025,776764,2025-08-12,0.7,1.0,0.7,80
669394,2025,776746,2025-08-13,2.9,4.0,0.725,81
669394,2025,776735,2025-08-15,0.0,1.0,0.0,82
669394,2025,776723,2025-08-16,3.4,5.0,0.6799999999999999,83
669394,2025,776710,2025-08-17,0.9,3.0,0.3,84
669394,2025,776495,2025-09-01,1.6,2.0,0.8,85
669394,2025,776468,2025-09-03,1.8,4.0,0.45,86
669394,2025,776449,2025-09-05,2.0,5.0,0.4,87
669394,2025,776432,2025-09-06,0.0,4.0,0.0,88
669394,2025,776418,2025-09-07,2.9,3.0,0.9666666666666667,89
669394,2025,776406,2025-09-08,1.6,4.0,0.4,90
669394,2025,776395,2025-09-09,0.0,4.0,0.0,91
669394,2025,776375,2025-09-10,4.7,4.0,1.175,92
669394,2025,776359,2025-09-12,1.8,5.0,0.36,93
669394,2025,776349,2025-09-13,0.9,4.0,0.225,94
669394,2025,776319,2025-09-15,0.0,4.0,0.0,95
669394,2025,776301,2025-09-16,0.0,3.0,0.0,96
669394,2025,776251,2025-09-19,0.0,5.0,0.0,97
669394,2025,776242,2025-09-20,0.0,2.0,0.0,98
669394,2025,776210,2025-09-23,0.0,4.0,0.0,99
669394,2025,776183,2025-09-25,0.0,1.0,0.0,100
669394,2025,776175,2025-09-26,0.9,3.0,0.3,101
669394,2025,776158,2025-09-27,0.0,2.0,0.0,102
669394,2025,776147,2025-09-28,1.6,4.0,0.4,103
671289,2025,778524,2025-03-30,0.7,2.0,0.35,1
671289,2025,778467,2025-04-03,0.7,4.0,0.175,2
671289,2025,778456,2025-04-04,0.0,1.0,0.0,3
671289,2025,778423,2025-04-06,1.6,4.0,0.4,4
671289,2025,778379,2025-04-09,0.0,1.0,0.0,5
671289,2025,778371,2025-04-10,0.7,4.0,0.175,6
671289,2025,777887,2025-05-17,1.6,4.0,0.4,7
671289,2025,777852,2025-05-19,0.0,2.0,0.0,8
671289,2025,777842,2025-05-20,3.05,4.0,0.7625,9
671289,2025,777823,2025-05-21,0.0,2.0,0.0,10
671289,2025,777817,2025-05-22,0.0,4.0,0.0,11
671289,2025,777782,2025-05-24,1.25,4.0,0.3125,12
671289,2025,777751,2025-05-27,0.9,3.0,0.3,13
671289,2025,777731,2025-05-28,0.0,4.0,0.0,14
671289,2025,777718,2025-05-30,0.9,2.0,0.45,15
671289,2025,777686,2025-06-01,2.9,3.0,0.9666666666666667,16
671289,2025,777673,2025-06-02,0.9,4.0,0.225,17
671289,2025,777666,2025-06-03,3.6,4.0,0.9,18
671289,2025,777652,2025-06-04,1.25,3.0,0.4166666666666667,19
671289,2025,777616,2025-06-06,1.95,3.0,0.65,20
671289,2025,777604,2025-06-07,0.9,4.0,0.225,21
671289,2025,777583,2025-06-08,3.55,4.0,0.8875,22
671289,2025,777563,2025-06-10,1.4,3.0,0.4666666666666666,23
671289,2025,777547,2025-06-11,0.9,4.0,0.225,24
671289,2025,777534,2025-06-12,0.0,1.0,0.0,25
671289,2025,777535,2025-06-13,1.6,4.0,0.4,26
671289,2025,777523,2025-06-14,0.9,3.0,0.3,27
671289,2025,777504,2025-06-15,2.3,5.0,0.45999999999999996,28
671289,2025,777488,2025-06-16,0.9,4.0,0.225,29
671289,2025,777480,2025-06-17,3.6999999999999997,5.0,0.74,30
671289,2025,777461,2025-06-18,1.25,4.0,0.3125,31
671289,2025,777445,2025-06-19,0.9,2.0,0.45,32
671289,2025,777430,2025-06-20,1.8,5.0,0.36,33
671289,2025,777410,2025-06-21,2.5,4.0,0.625,34
671289,2025,777399,2025-06-22,0.9,4.0,0.225,35
671289,2025,777379,2025-06-24,2.15,5.0,0.43,36
671289,2025,777358,2025-06-25,1.8,4.0,0.45,37
671289,2025,777344,2025-06-26,0.7,4.0,0.175,38
671289,2025,777321,2025-06-28,1.4,4.0,0.35,39
671289,2025,777301,2025-06-29,0.7,2.0,0.35,40
671289,2025,777285,2025-07-01,1.25,5.0,0.25,41
671289,2025,777269,2025-07-02,2.7,5.0,0.54,42
671289,2025,777264,2025-07-03,1.8,4.0,0.45,43
671289,2025,777243,2025-07-04,1.25,4.0,0.3125,44
671289,2025,777232,2025-07-05,4.1,5.0,0.82,45
671289,2025,777209,2025-07-07,2.5,5.0,0.5,46
671289,2025,777196,2025-07-08,0.9,4.0,0.225,47
671289,2025,777179,2025-07-09,1.8,4.0,0.45,48
671289,2025,777160,2025-07-11,0.7,5.0,0.13999999999999999,49
671289,2025,777140,2025-07-12,0.9,4.0,0.225,50
671289,2025,777128,2025-07-13,0.0,5.0,0.0,51
671289,2025,777102,2025-07-18,2.5,4.0,0.625,52
671289,2025,777080,2025-07-19,1.25,5.0,0.25,53
671289,2025,777049,2025-07-22,0.7,5.0,0.13999999999999999,54
671289,2025,777028,2025-07-23,1.6,5.0,0.32,55
671289,2025,777020,2025-07-25,0.7,5.0,0.13999999999999999,56
671289,2025,776999,2025-07-26,0.7,4.0,0.175,57
671289,2025,776986,2025-07-27,0.9,4.0,0.225,58
671289,2025,776968,2025-07-28,1.8,5.0,0.36,59
671289,2025,776951,2025-07-29,2.15,4.0,0.5375,60
671289,2025,776942,2025-07-30,0.9,4.0,0.225,61
671289,2025,776919,2025-08-01,1.95,6.0,0.325,62
671289,2025,776904,2025-08-02,0.0,1.0,0.0,63
671289,2025,776886,2025-08-03,3.0,5.0,0.6,64
671289,2025,776872,2025-08-04,1.25,4.0,0.3125,65
671289,2025,776854,2025-08-05,0.9,5.0,0.18,66
671289,2025,776836,2025-08-06,1.8,4.0,0.45,67
671289,2025,776825,2025-08-08,0.9,4.0,0.225,68
671289,2025,776809,2025-08-09,0.7,5.0,0.13999999999999999,69
671289,2025,776783,2025-08-11,0.9,4.0,0.225,70
671289,2025,776775,2025-08-12,0.9,4.0,0.225,71
671289,2025,776758,2025-08-13,2.7,5.0,0.54,72
671289,2025,776742,2025-08-14,1.8,4.0,0.45,73
671289,2025,776730,2025-08-15,2.3,4.0,0.575,74
671289,2025,776715,2025-08-16,2.0,2.0,1.0,75
671289,2025,776701,2025-08-17,0.0,4.0,0.0,76
671289,2025,776693,2025-08-18,0.0,4.0,0.0,77
671289,2025,776671,2025-08-19,1.6,4.0,0.4,78
671289,2025,776660,2025-08-20,1.8,5.0,0.36,79
671289,2025,776644,2025-08-21,0.9,5.0,0.18,80
671289,2025,776637,2025-08-22,0.0,4.0,0.0,81
671289,2025,776632,2025-08-23,0.0,4.0,0.0,82
671289,2025,776610,2025-08-24,0.0,4.0,0.0,83
671289,2025,776587,2025-08-26,1.1,3.0,0.3666666666666667,84
671289,2025,776571,2025-08-27,1.8,4.0,0.45,85
671289,2025,776555,2025-08-28,2.3,5.0,0.45999999999999996,86
671289,2025,776542,2025-08-29,0.0,1.0,0.0,87
671289,2025,776526,2025-08-30,0.9,4.0,0.225,88
671289,2025,776511,2025-08-31,1.6,4.0,0.4,89
671289,2025,776492,2025-09-01,2.7,5.0,0.54,90
671289,2025,776486,2025-09-02,2.3,5.0,0.45999999999999996,91
671289,2025,776467,2025-09-03,2.5,5.0,0.5,92
671289,2025,776442,2025-09-05,0.0,4.0,0.0,93
671289,2025,776431,2025-09-06,0.7,5.0,0.13999999999999999,94
671289,2025,776417,2025-09-07,0.0,4.0,0.0,95
671289,2025,776408,2025-09-08,0.0,4.0,0.0,96
671289,2025,776389,2025-09-09,0.9,4.0,0.225,97
671289,2025,776380,2025-09-10,0.9,4.0,0.225,98
671289,2025,776365,2025-09-11,0.0,4.0,0.0,99
671289,2025,776357,2025-09-12,1.1,4.0,0.275,100
671289,2025,776341,2025-09-13,3.4,5.0,0.6799999999999999,101
671289,2025,776323,2025-09-14,0.7,5.0,0.13999999999999999,102
671289,2025,776293,2025-09-16,2.3,5.0,0.45999999999999996,103
671289,2025,776277,2025-09-17,0.9,5.0,0.18,104
671289,2025,776270,2025-09-18,1.8,5.0,0.36,105
671289,2025,776253,2025-09-19,3.05,4.0,0.7625,106
671289,2025,776241,2025-09-20,0.0,4.0,0.0,107
677800,2025,778553,2025-03-27,5.6,4.0,1.4,1
677800,2025,778550,2025-03-28,2.5,4.0,0.625,2
677800,2025,778531,2025-03-29,1.25,3.0,0.4166666666666667,3
677800,2025,778516,2025-03-30,2.65,3.0,0.8833333333333333,4
677800,2025,778512,2025-03-31,0.0,1.0,0.0,5
677800,2025,778483,2025-04-02,0.7,4.0,0.175,6
677800,2025,778470,2025-04-03,1.6,4.0,0.4,7
677800,2025,778463,2025-04-04,3.8,5.0,0.76,8
677800,2025,778443,2025-04-06,1.6,2.0,0.8,9
677800,2025,778432,2025-04-06,2.15,6.0,0.35833333333333334,10
677800,2025,778426,2025-04-07,0.0,4.0,0.0,11
677800,2025,778404,2025-04-08,0.0,1.0,0.0,12
677800,2025,778386,2025-04-09,0.0,3.0,0.0,13
677800,2025,778377,2025-04-10,0.0,3.0,0.0,14
677800,2025,778366,2025-04-11,2.15,4.0,0.5375,15
677800,2025,778349,2025-04-12,1.6,4.0,0.4,16
677800,2025,778338,2025-04-13,0.7,4.0,0.175,17
677800,2025,778328,2025-04-14,0.9,4.0,0.225,18
677800,2025,778319,2025-04-15,0.7,5.0,0.13999999999999999,19
677800,2025,778298,2025-04-16,1.25,4.0,0.3125,20
677800,2025,778264,2025-04-19,0.0,4.0,0.0,21
677800,2025,778245,2025-04-20,2.0,4.0,0.5,22
677800,2025,778238,2025-04-21,0.7,4.0,0.175,23
677800,2025,778224,2025-04-22,3.75,5.0,0.75,24
677800,2025,778207,2025-04-23,0.0,4.0,0.0,25
677800,2025,778196,2025-04-24,0.0,4.0,0.0,26
677800,2025,778179,2025-04-26,2.7,4.0,0.675,27
677800,2025,778127,2025-04-29,4.5,5.0,0.9,28
677800,2025,778114,2025-04-30,2.3,5.0,0.45999999999999996,29
677800,2025,778095,2025-05-01,0.0,4.0,0.0,30
677800,2025,778089,2025-05-02,0.7,4.0,0.175,31
677800,2025,778073,2025-05-03,0.0,5.0,0.0,32
677800,2025,778063,2025-05-04,3.8,4.0,0.95,33
677800,2025,778037,2025-05-06,0.9,4.0,0.225,34
677800,2025,778018,2025-05-07,5.25,4.0,1.3125,35
677800,2025,778006,2025-05-08,0.0,4.0,0.0,36
677800,2025,777990,2025-05-09,0.0,5.0,0.0,37
677800,2025,777977,2025-05-10,0.7,5.0,0.13999999999999999,38
677800,2025,777965,2025-05-11,3.8,4.0,0.95,39
677800,2025,777951,2025-05-12,2.0,4.0,0.5,40
677800,2025,777940,2025-05-13,1.8,6.0,0.3,41
677800,2025,777927,2025-05-14,0.0,1.0,0.0,42
677800,2025,777908,2025-05-16,0.0,1.0,0.0,43
677800,2025,777893,2025-05-17,0.0,4.0,0.0,44
677800,2025,777876,2025-05-18,0.0,3.0,0.0,45
677800,2025,777856,2025-05-19,1.25,4.0,0.3125,46
677800,2025,777851,2025-05-20,0.9,4.0,0.225,47
677800,2025,777831,2025-05-21,0.0,4.0,0.0,48
677800,2025,777809,2025-05-24,2.7,4.0,0.675,49
677800,2025,777790,2025-05-24,0.9,2.0,0.45,50
677800,2025,777785,2025-05-25,0.0,4.0,0.0,51
677800,2025,777764,2025-05-26,0.9,4.0,0.225,52
677800,2025,777747,2025-05-27,0.9,4.0,0.225,53
677800,2025,777736,2025-05-28,2.0,4.0,0.5,54
677800,2025,777719,2025-05-30,0.7,3.0,0.2333333333333333,55
677800,2025,777706,2025-05-31,0.9,4.0,0.225,56
677800,2025,777692,2025-06-01,0.0,4.0,0.0,57
677800,2025,777670,2025-06-02,0.0,1.0,0.0,58
677800,2025,777667,2025-06-03,0.0,2.0,0.0,59
677800,2025,777649,2025-06-04,1.8,3.0,0.6,60
677800,2025,777627,2025-06-06,0.0,3.0,0.0,61
677800,2025,777605,2025-06-07,0.0,1.0,0.0,62
677800,2025,777593,2025-06-08,0.0,2.0,0.0,63
677800,2025,777425,2025-06-20,2.15,4.0,0.5375,64
677800,2025,777417,2025-06-21,1.8,4.0,0.45,65
677800,2025,777395,2025-06-22,0.0,1.0,0.0,66
677800,2025,777381,2025-06-23,0.9,4.0,0.225,67
677800,2025,777376,2025-06-24,0.9,2.0,0.45,68
677800,2025,777362,2025-06-25,0.7,4.0,0.175,69
677800,2025,777345,2025-06-27,0.9,3.0,0.3,70
677800,2025,777323,2025-06-28,3.25,6.0,0.5416666666666666,71
677800,2025,777310,2025-06-29,0.0,2.0,0.0,72
677800,2025,777300,2025-06-30,4.0,5.0,0.8,73
677800,2025,777294,2025-07-01,2.5,4.0,0.625,74
677800,2025,777277,2025-07-02,2.0,4.0,0.5,75
677800,2025,777245,2025-07-04,0.7,5.0,0.13999999999999999,76
677800,2025,777209,2025-07-07,2.15,4.0,0.5375,77
677800,2025,777179,2025-07-09,2.0,5.0,0.4,78
677800,2025,777170,2025-07-10,0.7,4.0,0.175,79
677800,2025,777155,2025-07-11,1.6,3.0,0.5333333333333333,80
677800,2025,777144,2025-07-12,0.0,3.0,0.0,81
677800,2025,777101,2025-07-18,0.7,4.0,0.175,82
677800,2025,777096,2025-07-19,0.0,1.0,0.0,83
677800,2025,777075,2025-07-20,4.7,4.0,1.175,84
677800,2025,777063,2025-07-21,0.0,4.0,0.0,85
677800,2025,777038,2025-07-23,0.0,5.0,0.0,86
677800,2025,777012,2025-07-25,0.0,2.0,0.0,87
677800,2025,776998,2025-07-26,0.0,1.0,0.0,88
677800,2025,776983,2025-07-27,0.0,3.0,0.0,89
677800,2025,776961,2025-07-28,3.05,4.0,0.7625,90
677800,2025,776954,2025-07-29,1.95,5.0,0.39,91
677800,2025,776935,2025-07-30,0.9,5.0,0.18,92
677800,2025,776922,2025-08-01,0.0,4.0,0.0,93
677800,2025,776895,2025-08-03,0.9,2.0,0.45,94
677800,2025,776880,2025-08-04,2.5,4.0,0.625,95
677800,2025,776864,2025-08-05,2.15,4.0,0.5375,96
677800,2025,776856,2025-08-06,0.7,4.0,0.175,97
677800,2025,776820,2025-08-08,2.7,5.0,0.54,98
677800,2025,776807,2025-08-09,0.7,4.0,0.175,99
677800,2025,776789,2025-08-10,1.8,4.0,0.45,100
677800,2025,776782,2025-08-11,0.0,4.0,0.0,101
677800,2025,776769,2025-08-12,3.2,5.0,0.64,102
677800,2025,776753,2025-08-13,2.5,4.0,0.625,103
677800,2025,776741,2025-08-15,0.0,3.0,0.0,104
677800,2025,776724,2025-08-16,0.0,4.0,0.0,105
677800,2025,776714,2025-08-17,2.9,3.0,0.9666666666666667,106
677800,2025,776236,2025-09-21,0.0,4.0,0.0,107
677800,2025,776217,2025-09-23,1.25,3.0,0.4166666666666667,108
677800,2025,776206,2025-09-24,0.9,4.0,0.225,109
677800,2025,776181,2025-09-26,0.0,3.0,0.0,110
677800,2025,776157,2025-09-27,0.9,4.0,0.225,111
677800,2025,776151,2025-09-28,0.7,4.0,0.175,112
677942,2025,777256,2025-07-03,0.0,3.0,0.0,1
677942,2025,777248,2025-07-04,0.9,4.0,0.225,2
677942,2025,777234,2025-07-05,1.4,4.0,0.35,3
677942,2025,777203,2025-07-07,0.9,4.0,0.225,4
677942,2025,777150,2025-07-11,1.25,4.0,0.3125,5
677942,2025,777115,2025-07-13,2.15,4.0,0.5375,6
677942,2025,777100,2025-07-18,1.25,4.0,0.3125,7
677942,2025,777081,2025-07-19,3.4,4.0,0.85,8
677942,2025,777071,2025-07-20,0.0,3.0,0.0,9
677942,2025,777055,2025-07-21,2.65,4.0,0.6625,10
677942,2025,777040,2025-07-22,0.2,3.0,0.06666666666666667,11
677942,2025,777032,2025-07-23,0.9,4.0,0.225,12
677942,2025,777002,2025-07-26,0.0,3.0,0.0,13
677942,2025,776953,2025-07-29,0.0,4.0,0.0,14
677942,2025,776940,2025-07-30,0.0,3.0,0.0,15
677942,2025,776914,2025-08-01,0.9,4.0,0.225,16
677942,2025,776899,2025-08-02,0.9,3.0,0.3,17
677942,2025,776881,2025-08-03,2.9,5.0,0.58,18
677942,2025,776873,2025-08-04,1.95,4.0,0.4875,19
677942,2025,776852,2025-08-05,0.9,5.0,0.18,20
677942,2025,776838,2025-08-06,1.4,4.0,0.35,21
677942,2025,776825,2025-08-08,3.95,4.0,0.9875,22
677942,2025,776809,2025-08-09,2.5,4.0,0.625,23
677942,2025,776794,2025-08-10,2.5,4.0,0.625,24
677942,2025,776785,2025-08-11,2.0,4.0,0.5,25
677942,2025,776764,2025-08-12,2.7,4.0,0.675,26
677942,2025,776746,2025-08-13,0.7,4.0,0.175,27
677942,2025,776742,2025-08-14,1.25,4.0,0.3125,28
677942,2025,776730,2025-08-15,0.0,3.0,0.0,29
677942,2025,776715,2025-08-16,0.0,4.0,0.0,30
677942,2025,776701,2025-08-17,0.9,5.0,0.18,31
677942,2025,776682,2025-08-18,1.4,4.0,0.35,32
677942,2025,776672,2025-08-19,0.7,4.0,0.175,33
677942,2025,776658,2025-08-20,0.0,4.0,0.0,34
677942,2025,776635,2025-08-22,0.9,4.0,0.225,35
677942,2025,776622,2025-08-23,4.15,4.0,1.0375,36
677942,2025,776609,2025-08-24,0.9,4.0,0.225,37
677942,2025,776593,2025-08-25,0.0,4.0,0.0,38
677942,2025,776586,2025-08-26,0.7,4.0,0.175,39
677942,2025,776572,2025-08-27,2.0,4.0,0.5,40
677942,2025,776553,2025-08-28,3.55,5.0,0.71,41
677942,2025,776534,2025-08-29,2.7,4.0,0.675,42
677942,2025,776523,2025-08-30,2.15,4.0,0.5375,43
677942,2025,776509,2025-08-31,0.7,4.0,0.175,44
677942,2025,776495,2025-09-01,1.6,4.0,0.4,45
677942,2025,776481,2025-09-02,1.8,4.0,0.45,46
677942,2025,776468,2025-09-03,0.0,3.0,0.0,47
677942,2025,776448,2025-09-05,2.0999999999999996,4.0,0.5249999999999999,48
677942,2025,776424,2025-09-06,0.0,4.0,0.0,49
677942,2025,776415,2025-09-07,0.9,4.0,0.225,50
677942,2025,776399,2025-09-08,0.9,3.0,0.3,51
677942,2025,776394,2025-09-09,1.8,4.0,0.45,52
677942,2025,776374,2025-09-10,0.9,4.0,0.225,53
677942,2025,776355,2025-09-12,0.0,5.0,0.0,54
677942,2025,776337,2025-09-13,2.15,5.0,0.43,55
677942,2025,776324,2025-09-14,0.7,2.0,0.35,56
677942,2025,776309,2025-09-15,1.6,4.0,0.4,57
677942,2025,776294,2025-09-16,1.8,4.0,0.45,58
677942,2025,776279,2025-09-17,2.5,5.0,0.5,59
677942,2025,776255,2025-09-19,0.7,4.0,0.175,60
677942,2025,776246,2025-09-20,1.25,4.0,0.3125,61
677942,2025,776230,2025-09-21,0.0,5.0,0.0,62
677942,2025,776213,2025-09-23,0.0,4.0,0.0,63
677942,2025,776193,2025-09-24,0.9,3.0,0.3,64
677942,2025,776185,2025-09-25,1.6,4.0,0.4,65
677942,2025,776170,2025-09-26,0.7,4.0,0.175,66
677942,2025,776152,2025-09-27,0.7,1.0,0.7,67
669127,2025,778547,2025-03-27,0.0,3.0,0.0,1
669127,2025,778541,2025-03-28,1.6,5.0,0.32,2
669127,2025,778521,2025-03-29,2.0,4.0,0.5,3
669127,2025,778501,2025-03-31,0.7,4.0,0.175,4
669127,2025,778494,2025-04-01,2.9,4.0,0.725,5
669127,2025,778471,2025-04-02,0.9,4.0,0.225,6
669127,2025,778456,2025-04-04,1.6,4.0,0.4,7
669127,2025,778442,2025-04-05,4.1,5.0,0.82,8
669127,2025,778414,2025-04-07,0.9,4.0,0.225,9
669127,2025,778395,2025-04-08,0.0,4.0,0.0,10
669127,2025,778381,2025-04-09,0.7,4.0,0.175,11
669127,2025,778358,2025-04-11,3.2,5.0,0.64,12
669127,2025,778346,2025-04-12,0.9,4.0,0.225,13
669127,2025,778333,2025-04-13,0.0,4.0,0.0,14
669127,2025,778309,2025-04-15,4.15,5.0,0.8300000000000001,15
669127,2025,778294,2025-04-16,0.7,4.0,0.175,16
669127,2025,778261,2025-04-18,0.0,5.0,0.0,17
669127,2025,778253,2025-04-19,2.0,4.0,0.5,18
669127,2025,778239,2025-04-20,0.0,3.0,0.0,19
669127,2025,778213,2025-04-22,0.9,5.0,0.18,20
669127,2025,778197,2025-04-23,3.95,4.0,0.9875,21
669127,2025,778192,2025-04-24,0.0,4.0,0.0,22
669127,2025,778178,2025-04-25,0.0,4.0,0.0,23
669127,2025,778149,2025-04-27,0.0,4.0,0.0,24
669127,2025,778143,2025-04-28,1.6,4.0,0.4,25
669127,2025,778122,2025-04-29,2.9,4.0,0.725,26
669127,2025,778106,2025-04-30,1.8,4.0,0.45,27
669127,2025,778091,2025-05-02,0.0,5.0,0.0,28
669127,2025,778075,2025-05-03,0.0,5.0,0.0,29
669127,2025,778038,2025-05-05,2.7,5.0,0.54,30
669127,2025,778024,2025-05-06,0.9,4.0,0.225,31
669127,2025,778010,2025-05-07,0.0,1.0,0.0,32
669127,2025,777994,2025-05-09,0.9,4.0,0.225,33
669127,2025,777972,2025-05-10,5.05,5.0,1.01,34
669127,2025,777957,2025-05-11,0.9,4.0,0.225,35
669127,2025,777937,2025-05-13,2.5,5.0,0.5,36
669127,2025,777917,2025-05-14,1.6,4.0,0.4,37
669127,2025,777946,2025-05-15,2.15,3.0,0.7166666666666667,38
669127,2025,777891,2025-05-16,0.7,3.0,0.2333333333333333,39
669127,2025,777879,2025-05-17,0.0,4.0,0.0,40
669127,2025,777867,2025-05-18,0.7,4.0,0.175,41
669127,2025,777853,2025-05-19,0.9,4.0,0.225,42
669127,2025,777843,2025-05-20,2.9,4.0,0.725,43
669127,2025,777828,2025-05-21,0.7,5.0,0.13999999999999999,44
669127,2025,777812,2025-05-22,0.0,1.0,0.0,45
669127,2025,777804,2025-05-23,0.7,4.0,0.175,46
669127,2025,777784,2025-05-24,1.8,6.0,0.3,47
669127,2025,777752,2025-05-27,0.0,3.0,0.0,48
669127,2025,777734,2025-05-28,1.25,4.0,0.3125,49
669127,2025,777727,2025-05-29,0.9,4.0,0.225,50
669127,2025,777716,2025-05-30,2.7,4.0,0.675,51
669127,2025,777701,2025-05-31,0.0,5.0,0.0,52
669127,2025,777669,2025-06-02,0.7,4.0,0.175,53
669127,2025,777658,2025-06-03,1.25,4.0,0.3125,54
669127,2025,777643,2025-06-04,1.25,4.0,0.3125,55
669127,2025,777636,2025-06-05,1.25,3.0,0.4166666666666667,56
669127,2025,777296,2025-06-30,2.0,4.0,0.5,57
669127,2025,777286,2025-07-01,3.25,4.0,0.8125,58
669127,2025,777244,2025-07-04,1.25,4.0,0.3125,59
669127,2025,777227,2025-07-05,1.6,4.0,0.4,60
669127,2025,777210,2025-07-06,0.0,4.0,0.0,61
669127,2025,777189,2025-07-08,0.0,4.0,0.0,62
669127,2025,777176,2025-07-09,0.9,4.0,0.225,63
669127,2025,777156,2025-07-10,0.0,1.0,0.0,64
669127,2025,777152,2025-07-11,0.0,4.0,0.0,65
669127,2025,777132,2025-07-12,0.0,4.0,0.0,66
669127,2025,777105,2025-07-18,4.15,4.0,1.0375,67
669127,2025,777104,2025-07-19,3.25,5.0,0.65,68
669127,2025,777084,2025-07-20,1.25,4.0,0.3125,69
669127,2025,777057,2025-07-21,2.3,4.0,0.575,70
669127,2025,777043,2025-07-22,0.9,4.0,0.225,71
669127,2025,777033,2025-07-23,1.8,4.0,0.45,72
669127,2025,777025,2025-07-24,0.0,4.0,0.0,73
669127,2025,777007,2025-07-25,4.5,6.0,0.75,74
669127,2025,776991,2025-07-26,2.0,4.0,0.5,75
669127,2025,776976,2025-07-27,2.9,4.0,0.725,76
669127,2025,776957,2025-07-28,0.7,4.0,0.175,77
669127,2025,776944,2025-07-29,3.25,4.0,0.8125,78
669127,2025,776930,2025-07-30,0.9,4.0,0.225,79
669127,2025,776914,2025-08-01,4.15,5.0,0.8300000000000001,80
669127,2025,776899,2025-08-02,2.15,4.0,0.5375,81
669127,2025,776881,2025-08-03,0.9,4.0,0.225,82
669127,2025,776865,2025-08-05,8.15,6.0,1.3583333333333334,83
669127,2025,776850,2025-08-06,0.9,4.0,0.225,84
669127,2025,776837,2025-08-07,0.9,5.0,0.18,85
669127,2025,776831,2025-08-08,0.0,4.0,0.0,86
669127,2025,776811,2025-08-09,4.85,5.0,0.97,87
669127,2025,776804,2025-08-10,0.0,5.0,0.0,88
669127,2025,776787,2025-08-11,3.8,4.0,0.95,89
669127,2025,776762,2025-08-12,1.25,4.0,0.3125,90
669127,2025,776751,2025-08-13,0.0,4.0,0.0,91
669127,2025,776734,2025-08-15,2.9,5.0,0.58,92
669127,2025,776718,2025-08-16,0.7,5.0,0.13999999999999999,93
669127,2025,776699,2025-08-17,2.0,5.0,0.4,94
669127,2025,776674,2025-08-19,2.0,5.0,0.4,95
669127,2025,776665,2025-08-20,2.0,5.0,0.4,96
669127,2025,776638,2025-08-22,0.0,4.0,0.0,97
669127,2025,776620,2025-08-23,1.95,5.0,0.39,98
669127,2025,776602,2025-08-24,0.0,5.0,0.0,99
669127,2025,776590,2025-08-25,2.0,4.0,0.5,100
669127,2025,776573,2025-08-26,3.05,5.0,0.61,101
669127,2025,776559,2025-08-27,1.95,4.0,0.4875,102
669127,2025,776538,2025-08-29,0.0,4.0,0.0,103
669127,2025,776524,2025-08-30,0.0,4.0,0.0,104
669127,2025,776483,2025-09-02,1.25,4.0,0.3125,105
669127,2025,776470,2025-09-03,0.9,5.0,0.18,106
669127,2025,776444,2025-09-05,2.3,5.0,0.45999999999999996,107
669127,2025,776430,2025-09-06,3.75,7.0,0.5357142857142857,108
669127,2025,776410,2025-09-08,0.0,4.0,0.0,109
669127,2025,776396,2025-09-09,1.8,5.0,0.36,110
669127,2025,776379,2025-09-10,3.95,5.0,0.79,111
669127,2025,776358,2025-09-12,0.9,4.0,0.225,112
669127,2025,776340,2025-09-13,3.3499999999999996,5.0,0.6699999999999999,113
669127,2025,776327,2025-09-14,0.0,4.0,0.0,114
669127,2025,776310,2025-09-16,0.9,5.0,0.18,115
669127,2025,776299,2025-09-17,1.6,5.0,0.32,116
669127,2025,776266,2025-09-19,0.0,4.0,0.0,117
669127,2025,776249,2025-09-20,0.0,3.0,0.0,118
669127,2025,776208,2025-09-23,0.9,4.0,0.225,119
669127,2025,776195,2025-09-24,5.05,4.0,1.2625,120
669127,2025,776182,2025-09-25,3.95,5.0,0.79,121
669127,2025,776172,2025-09-26,2.15,5.0,0.43,122
669127,2025,776154,2025-09-27,3.05,4.0,0.7625,123
683146,2025,778518,2025-03-28,0.0,2.0,0.0,1
683146,2025,778530,2025-03-29,0.0,3.0,0.0,2
683146,2025,778509,2025-03-31,1.25,4.0,0.3125,3
683146,2025,778497,2025-04-01,0.0,1.0,0.0,4
683146,2025,778481,2025-04-02,0.0,4.0,0.0,5
683146,2025,778446,2025-04-05,0.9,4.0,0.225,6
683146,2025,778435,2025-04-06,0.0,3.0,0.0,7
683146,2025,778407,2025-04-08,0.9,3.0,0.3,8
683146,2025,778390,2025-04-09,0.0,3.0,0.0,9
683146,2025,778346,2025-04-12,0.9,4.0,0.225,10
683146,2025,778333,2025-04-13,1.6,5.0,0.32,11
683146,2025,778299,2025-04-16,1.8,4.0,0.45,12
683146,2025,778278,2025-04-17,2.15,3.0,0.7166666666666667,13
683146,2025,778270,2025-04-18,1.95,4.0,0.4875,14
683146,2025,778256,2025-04-19,0.7,2.0,0.35,15
683146,2025,778244,2025-04-20,0.7,4.0,0.175,16
683146,2025,778225,2025-04-21,0.7,3.0,0.2333333333333333,17
683146,2025,778203,2025-04-23,2.0,2.0,1.0,18
683146,2025,778014,2025-05-07,0.9,4.0,0.225,19
683146,2025,778001,2025-05-09,2.9,4.0,0.725,20
683146,2025,777982,2025-05-10,4.0,4.0,1.0,21
683146,2025,777950,2025-05-12,0.0,2.0,0.0,22
683146,2025,777943,2025-05-13,2.9,3.0,0.9666666666666667,23
683146,2025,777919,2025-05-14,0.0,2.0,0.0,24
683146,2025,777904,2025-05-16,0.0,1.0,0.0,25
683146,2025,777888,2025-05-17,0.9,4.0,0.225,26
683146,2025,777878,2025-05-18,0.0,2.0,0.0,27
683146,2025,777856,2025-05-19,0.0,3.0,0.0,28
683146,2025,777851,2025-05-20,0.0,3.0,0.0,29
683146,2025,777831,2025-05-21,1.8,4.0,0.45,30
683146,2025,777808,2025-05-23,3.6,5.0,0.72,31
683146,2025,777789,2025-05-24,3.75,4.0,0.9375,32
683146,2025,777773,2025-05-25,0.0,3.0,0.0,33
683146,2025,777758,2025-05-26,0.0,4.0,0.0,34
683146,2025,777749,2025-05-27,1.8,4.0,0.45,35
683146,2025,777737,2025-05-28,1.4,5.0,0.27999999999999997,36
683146,2025,777718,2025-05-30,0.9,1.0,0.9,37
683146,2025,777700,2025-05-31,2.5,4.0,0.625,38
683146,2025,777686,2025-06-01,0.0,4.0,0.0,39
683146,2025,777675,2025-06-02,0.9,4.0,0.225,40
683146,2025,777638,2025-06-04,0.0,4.0,0.0,41
683146,2025,777631,2025-06-05,1.6,5.0,0.32,42
683146,2025,777616,2025-06-06,0.7,5.0,0.13999999999999999,43
683146,2025,777604,2025-06-07,1.8,4.0,0.45,44
683146,2025,777583,2025-06-08,2.0,5.0,0.4,45
683146,2025,777570,2025-06-10,0.0,2.0,0.0,46
683146,2025,777555,2025-06-11,0.7,4.0,0.175,47
683146,2025,777544,2025-06-12,1.8,4.0,0.45,48
683146,2025,777528,2025-06-13,0.7,2.0,0.35,49
683146,2025,777518,2025-06-14,2.0,4.0,0.5,50
683146,2025,777502,2025-06-15,0.0,2.0,0.0,51
683146,2025,777437,2025-06-20,0.0,4.0,0.0,52
683146,2025,777423,2025-06-21,0.7,5.0,0.13999999999999999,53
683146,2025,777389,2025-06-23,1.8,3.0,0.6,54
683146,2025,777387,2025-06-24,0.9,4.0,0.225,55
683146,2025,777369,2025-06-25,1.8,4.0,0.45,56
683146,2025,777352,2025-06-26,1.6,4.0,0.4,57
683146,2025,777341,2025-06-27,3.4,4.0,0.85,58
683146,2025,777325,2025-06-28,1.95,4.0,0.4875,59
683146,2025,777313,2025-06-29,0.0,3.0,0.0,60
683146,2025,777289,2025-07-02,0.0,3.0,0.0,61
683146,2025,777276,2025-07-02,0.7,4.0,0.175,62
683146,2025,777257,2025-07-03,0.0,3.0,0.0,63
683146,2025,777250,2025-07-04,2.9,4.0,0.725,64
683146,2025,777216,2025-07-06,0.9,2.0,0.45,65
683146,2025,777198,2025-07-08,2.85,4.0,0.7125,66
683146,2025,777165,2025-07-10,0.7,4.0,0.175,67
683146,2025,777181,2025-07-10,1.6,4.0,0.4,68
683146,2025,777151,2025-07-11,0.0,1.0,0.0,69
683146,2025,777136,2025-07-12,0.0,3.0,0.0,70
683146,2025,777124,2025-07-13,0.0,1.0,0.0,71
683146,2025,777111,2025-07-18,0.9,1.0,0.9,72
683146,2025,777092,2025-07-19,3.5999999999999996,4.0,0.8999999999999999,73
683146,2025,777087,2025-07-20,0.9,4.0,0.225,74
683146,2025,777061,2025-07-21,2.7,4.0,0.675,75
683146,2025,777054,2025-07-22,1.25,4.0,0.3125,76
683146,2025,777034,2025-07-23,0.9,4.0,0.225,77
683146,2025,777004,2025-07-25,0.9,4.0,0.225,78
683146,2025,776985,2025-07-26,0.9,4.0,0.225,79
683146,2025,776974,2025-07-27,0.7,4.0,0.175,80
683146,2025,776959,2025-07-28,0.0,4.0,0.0,81
683146,2025,776947,2025-07-29,0.7,4.0,0.175,82
683146,2025,776931,2025-07-30,0.0,3.0,0.0,83
683146,2025,776926,2025-08-01,0.0,1.0,0.0,84
683146,2025,776911,2025-08-02,2.3,4.0,0.575,85
683146,2025,776876,2025-08-04,0.9,2.0,0.45,86
683146,2025,776846,2025-08-06,0.0,3.0,0.0,87
683146,2025,776799,2025-08-10,2.0,4.0,0.5,88
683146,2025,776772,2025-08-12,2.9,4.0,0.725,89
683146,2025,776756,2025-08-13,1.8,4.0,0.45,90
683146,2025,776748,2025-08-14,0.7,3.0,0.2333333333333333,91
683146,2025,776726,2025-08-16,1.8,3.0,0.6,92
683146,2025,776707,2025-08-17,0.9,4.0,0.225,93
683146,2025,776678,2025-08-19,2.7,4.0,0.675,94
683146,2025,776659,2025-08-20,2.7,4.0,0.675,95
683146,2025,776650,2025-08-21,0.9,4.0,0.225,96
683146,2025,776645,2025-08-22,3.95,6.0,0.6583333333333333,97
683146,2025,776626,2025-08-23,0.7,5.0,0.13999999999999999,98
683146,2025,776624,2025-08-24,0.0,4.0,0.0,99
683146,2025,776598,2025-08-25,0.7,1.0,0.7,100
683146,2025,776585,2025-08-26,0.9,1.0,0.9,101
683146,2025,776566,2025-08-27,2.15,4.0,0.5375,102
683146,2025,776558,2025-08-28,0.9,4.0,0.225,103
683146,2025,776548,2025-08-29,2.5,5.0,0.5,104
683146,2025,776535,2025-08-30,2.5,5.0,0.5,105
683146,2025,776519,2025-08-31,0.0,4.0,0.0,106
683146,2025,776501,2025-09-01,0.7,4.0,0.175,107
683146,2025,776490,2025-09-02,2.7,5.0,0.54,108
683146,2025,776478,2025-09-03,0.0,4.0,0.0,109
683146,2025,776450,2025-09-05,0.0,1.0,0.0,110
683146,2025,776439,2025-09-06,1.25,4.0,0.3125,111
683146,2025,776429,2025-09-07,2.0,3.0,0.6666666666666666,112
683146,2025,776405,2025-09-08,1.6,2.0,0.8,113
683146,2025,776384,2025-09-10,0.9,2.0,0.45,114
683146,2025,776359,2025-09-12,0.0,3.0,0.0,115
683146,2025,776349,2025-09-13,0.9,2.0,0.45,116
683146,2025,776335,2025-09-14,0.0,1.0,0.0,117
683146,2025,776304,2025-09-16,2.7,4.0,0.675,118
683146,2025,776288,2025-09-17,3.05,4.0,0.7625,119
683146,2025,776276,2025-09-18,0.0,4.0,0.0,120
683146,2025,776259,2025-09-19,0.7,4.0,0.175,121
683146,2025,776252,2025-09-20,0.9,3.0,0.3,122
683146,2025,776237,2025-09-21,0.0,4.0,0.0,123
683146,2025,776209,2025-09-23,0.9,4.0,0.225,124
683146,2025,776187,2025-09-25,2.9,4.0,0.725,125
683146,2025,776173,2025-09-26,0.0,1.0,0.0,126
669065,2025,778562,2025-03-27,2.3,5.0,0.45999999999999996,1
669065,2025,778548,2025-03-28,0.0,4.0,0.0,2
669065,2025,778539,2025-03-29,2.7,5.0,0.54,3
669065,2025,778519,2025-03-30,1.4,2.0,0.7,4
669065,2025,778497,2025-04-01,2.0,4.0,0.5,5
669065,2025,778481,2025-04-02,2.0999999999999996,6.0,0.3499999999999999,6
669065,2025,778464,2025-04-04,0.9,4.0,0.225,7
669065,2025,778451,2025-04-05,0.9,5.0,0.18,8
669065,2025,778416,2025-04-07,1.6,4.0,0.4,9
669065,2025,778407,2025-04-08,0.0,3.0,0.0,10
669065,2025,778390,2025-04-09,1.6,5.0,0.32,11
669065,2025,778369,2025-04-11,2.85,5.0,0.5700000000000001,12
669065,2025,778354,2025-04-12,2.15,4.0,0.5375,13
669065,2025,778337,2025-04-13,3.05,5.0,0.61,14
669065,2025,778318,2025-04-15,0.0,4.0,0.0,15
669065,2025,778303,2025-04-16,0.7,3.0,0.2333333333333333,16
669065,2025,778291,2025-04-17,1.8,5.0,0.36,17
669065,2025,778274,2025-04-18,0.9,4.0,0.225,18
669065,2025,778252,2025-04-19,0.7,2.0,0.35,19
669065,2025,778248,2025-04-20,1.8,5.0,0.36,20
669065,2025,778230,2025-04-21,2.0,1.0,2.0,21
669065,2025,778219,2025-04-22,1.6,4.0,0.4,22
669065,2025,778208,2025-04-23,0.0,4.0,0.0,23
669065,2025,778175,2025-04-25,0.9,4.0,0.225,24
669065,2025,778154,2025-04-26,2.5,4.0,0.625,25
669065,2025,778136,2025-04-27,0.9,4.0,0.225,26
669065,2025,778132,2025-04-28,0.0,2.0,0.0,27
669065,2025,778109,2025-04-30,6.15,4.0,1.5375,28
669065,2025,778091,2025-05-02,0.9,4.0,0.225,29
669065,2025,778075,2025-05-03,4.0,5.0,0.8,30
669065,2025,778061,2025-05-04,0.9,4.0,0.225,31
669065,2025,778047,2025-05-05,0.7,5.0,0.13999999999999999,32
669065,2025,778035,2025-05-06,0.2,3.0,0.06666666666666667,33
669065,2025,778017,2025-05-07,0.9,3.0,0.3,34
669065,2025,777991,2025-05-09,0.7,4.0,0.175,35
669065,2025,777978,2025-05-10,2.0,4.0,0.5,36
669065,2025,777966,2025-05-11,0.7,4.0,0.175,37
669065,2025,777952,2025-05-12,1.6,4.0,0.4,38
669065,2025,777936,2025-05-13,2.0,4.0,0.5,39
669065,2025,777921,2025-05-14,5.6,4.0,1.4,40
669065,2025,777903,2025-05-16,1.6,5.0,0.32,41
669065,2025,777889,2025-05-17,2.15,4.0,0.5375,42
669065,2025,777877,2025-05-18,1.6,4.0,0.4,43
669065,2025,777863,2025-05-19,1.25,4.0,0.3125,44
669065,2025,777850,2025-05-20,1.8,3.0,0.6,45
669065,2025,777833,2025-05-21,0.9,4.0,0.225,46
669065,2025,777798,2025-05-23,3.75,5.0,0.75,47
669065,2025,777781,2025-05-24,0.9,5.0,0.18,48
669065,2025,777767,2025-05-25,0.0,4.0,0.0,49
669065,2025,777756,2025-05-26,0.0,5.0,0.0,50
669065,2025,777742,2025-05-27,1.6,5.0,0.32,51
669065,2025,777726,2025-05-28,0.0,5.0,0.0,52
669065,2025,777717,2025-05-30,0.7,4.0,0.175,53
669065,2025,777689,2025-06-01,0.0,4.0,0.0,54
669065,2025,777673,2025-06-02,1.25,5.0,0.25,55
669065,2025,777666,2025-06-03,1.8,4.0,0.45,56
669065,2025,777652,2025-06-04,0.0,1.0,0.0,57
669065,2025,777592,2025-06-08,0.0,1.0,0.0,58
669065,2025,777574,2025-06-09,0.9,4.0,0.225,59
669065,2025,777566,2025-06-10,0.0,4.0,0.0,60
669065,2025,777552,2025-06-11,0.0,2.0,0.0,61
669065,2025,777530,2025-06-13,2.5,5.0,0.5,62
669065,2025,777514,2025-06-14,0.9,4.0,0.225,63
669065,2025,777503,2025-06-15,0.7,1.0,0.7,64
669065,2025,777483,2025-06-16,1.6,4.0,0.4,65
669065,2025,777481,2025-06-17,0.9,4.0,0.225,66
669065,2025,777465,2025-06-18,0.0,1.0,0.0,67
669065,2025,777444,2025-06-19,0.0,1.0,0.0,68
669065,2025,777439,2025-06-20,1.95,4.0,0.4875,69
669065,2025,777424,2025-06-21,0.7,4.0,0.175,70
669065,2025,777402,2025-06-22,2.7,4.0,0.675,71
669065,2025,777364,2025-06-24,0.9,4.0,0.225,72
669065,2025,777355,2025-06-25,3.2,5.0,0.64,73
669065,2025,777347,2025-06-26,3.4,5.0,0.6799999999999999,74
669065,2025,777332,2025-06-27,3.25,5.0,0.65,75
669065,2025,777318,2025-06-28,2.3,5.0,0.45999999999999996,76
669065,2025,777303,2025-06-29,1.25,2.0,0.625,77
669065,2025,777293,2025-07-01,2.9,3.0,0.9666666666666667,78
669065,2025,777275,2025-07-02,2.9,4.0,0.725,79
669065,2025,777263,2025-07-03,0.0,3.0,0.0,80
669065,2025,777254,2025-07-04,0.9,4.0,0.225,81
669065,2025,777238,2025-07-05,2.0,3.0,0.6666666666666666,82
669065,2025,777224,2025-07-06,0.0,3.0,0.0,83
669065,2025,777208,2025-07-07,0.9,4.0,0.225,84
669065,2025,777197,2025-07-08,1.6,5.0,0.32,85
669065,2025,777183,2025-07-09,0.0,1.0,0.0,86
669065,2025,777168,2025-07-10,0.7,1.0,0.7,87
669065,2025,777157,2025-07-11,1.6,4.0,0.4,88
669065,2025,777141,2025-07-12,2.3,4.0,0.575,89
669065,2025,777129,2025-07-13,7.8,5.0,1.56,90
669065,2025,777109,2025-07-18,4.9,5.0,0.9800000000000001,91
669065,2025,777093,2025-07-19,1.95,3.0,0.65,92
669065,2025,777082,2025-07-20,0.0,4.0,0.0,93
669065,2025,777062,2025-07-21,2.0,4.0,0.5,94
669065,2025,777052,2025-07-22,1.25,3.0,0.4166666666666667,95
669065,2025,777037,2025-07-23,1.95,4.0,0.4875,96
669065,2025,777008,2025-07-25,4.3,5.0,0.86,97
669065,2025,776996,2025-07-26,2.15,4.0,0.5375,98
669065,2025,776978,2025-07-27,1.6,4.0,0.4,99
669065,2025,776946,2025-07-29,2.85,4.0,0.7125,100
669065,2025,776934,2025-07-30,0.0,4.0,0.0,101
669065,2025,776925,2025-08-01,2.0,5.0,0.4,102
669065,2025,776910,2025-08-02,0.0,4.0,0.0,103
669065,2025,776891,2025-08-03,2.9,5.0,0.58,104
669065,2025,776875,2025-08-04,0.9,4.0,0.225,105
669065,2025,776862,2025-08-05,0.7,4.0,0.175,106
669065,2025,776849,2025-08-06,1.8,5.0,0.36,107
669065,2025,776842,2025-08-07,0.9,5.0,0.18,108
669065,2025,776834,2025-08-08,1.6,5.0,0.32,109
669065,2025,778431,2025-08-09,0.0,4.0,0.0,110
669065,2025,776819,2025-08-09,0.7,5.0,0.13999999999999999,111
669065,2025,776803,2025-08-10,0.7,3.0,0.2333333333333333,112
669065,2025,776778,2025-08-12,0.0,2.0,0.0,113
669065,2025,776766,2025-08-13,3.75,5.0,0.75,114
669065,2025,776745,2025-08-14,1.6,5.0,0.32,115
669065,2025,776741,2025-08-15,3.2,4.0,0.8,116
668939,2025,778556,2025-03-27,4.9,5.0,0.9800000000000001,1
668939,2025,778549,2025-03-28,1.4,4.0,0.35,2
668939,2025,778536,2025-03-29,1.25,5.0,0.25,3
668939,2025,778525,2025-03-30,0.9,4.0,0.225,4
668939,2025,778512,2025-03-31,0.9,5.0,0.18,5
668939,2025,778483,2025-04-02,0.7,4.0,0.175,6
668939,2025,778470,2025-04-03,1.6,4.0,0.4,7
668939,2025,778455,2025-04-04,0.9,4.0,0.225,8
668939,2025,778422,2025-04-06,0.9,4.0,0.225,9
668939,2025,778413,2025-04-07,1.6,5.0,0.32,10
668939,2025,778396,2025-04-08,1.6,4.0,0.4,11
668939,2025,778380,2025-04-09,1.6,4.0,0.4,12
668939,2025,778362,2025-04-12,2.0,4.0,0.5,13
668939,2025,778344,2025-04-13,2.15,5.0,0.43,14
668939,2025,778317,2025-04-15,0.0,5.0,0.0,15
668939,2025,778301,2025-04-16,0.0,4.0,0.0,16
668939,2025,778292,2025-04-17,0.7,4.0,0.175,17
668939,2025,778276,2025-04-18,0.7,4.0,0.175,18
668939,2025,778262,2025-04-19,0.7,5.0,0.13999999999999999,19
668939,2025,778250,2025-04-20,2.9,4.0,0.725,20
668939,2025,778222,2025-04-22,0.7,4.0,0.175,21
668939,2025,778204,2025-04-23,2.5,5.0,0.5,22
668939,2025,778193,2025-04-24,0.0,4.0,0.0,23
668939,2025,778168,2025-04-26,0.7,1.0,0.7,24
668939,2025,778180,2025-04-26,1.6,4.0,0.4,25
668939,2025,778140,2025-04-28,1.6,4.0,0.4,26
668939,2025,778133,2025-04-29,0.0,2.0,0.0,27
668939,2025,778115,2025-04-30,2.5,4.0,0.625,28
668939,2025,778093,2025-05-02,1.25,4.0,0.3125,29
668939,2025,778072,2025-05-03,0.7,4.0,0.175,30
668939,2025,778062,2025-05-04,1.25,5.0,0.25,31
668939,2025,778028,2025-05-06,0.7,4.0,0.175,32
668939,2025,778011,2025-05-07,0.9,4.0,0.225,33
668939,2025,778007,2025-05-08,0.0,1.0,0.0,34
668939,2025,777986,2025-05-09,0.0,5.0,0.0,35
668939,2025,777973,2025-05-10,0.0,4.0,0.0,36
668939,2025,777961,2025-05-11,2.5,5.0,0.5,37
668939,2025,777938,2025-05-14,0.0,1.0,0.0,38
668939,2025,777924,2025-05-14,0.7,4.0,0.175,39
668939,2025,777911,2025-05-15,1.6,4.0,0.4,40
668939,2025,777907,2025-05-16,3.05,5.0,0.61,41
668939,2025,777890,2025-05-17,1.25,4.0,0.3125,42
668939,2025,777873,2025-05-18,0.0,4.0,0.0,43
668939,2025,777860,2025-05-19,0.0,1.0,0.0,44
668939,2025,777844,2025-05-20,0.9,4.0,0.225,45
668939,2025,777826,2025-05-21,3.25,6.0,0.5416666666666666,46
668939,2025,777815,2025-05-23,1.6,5.0,0.32,47
668939,2025,777809,2025-05-24,2.0999999999999996,5.0,0.41999999999999993,48
668939,2025,777790,2025-05-24,1.6,4.0,0.4,49
668939,2025,777785,2025-05-25,0.0,2.0,0.0,50
668939,2025,777740,2025-05-28,0.0,5.0,0.0,51
668939,2025,777720,2025-05-30,0.9,4.0,0.225,52
668939,2025,777699,2025-05-31,0.7,4.0,0.175,53
668939,2025,777655,2025-06-03,2.7,5.0,0.54,54
668939,2025,777645,2025-06-04,2.0,4.0,0.5,55
668939,2025,777628,2025-06-05,3.8,4.0,0.95,56
668939,2025,777613,2025-06-06,0.7,5.0,0.13999999999999999,57
668939,2025,777599,2025-06-07,1.95,5.0,0.39,58
668939,2025,777588,2025-06-08,2.5,4.0,0.625,59
668939,2025,777573,2025-06-10,0.0,4.0,0.0,60
668939,2025,777562,2025-06-11,2.8499999999999996,5.0,0.57,61
668939,2025,777540,2025-06-12,0.0,4.0,0.0,62
668939,2025,777539,2025-06-13,1.6,4.0,0.4,63
668939,2025,777519,2025-06-14,2.5,4.0,0.625,64
668939,2025,777484,2025-06-16,2.0,4.0,0.5,65
668939,2025,777477,2025-06-17,0.9,5.0,0.18,66
668939,2025,777463,2025-06-18,0.0,1.0,0.0,67
668939,2025,777446,2025-06-19,0.7,5.0,0.13999999999999999,68
668939,2025,776966,2025-07-28,3.4,5.0,0.6799999999999999,69
668939,2025,776962,2025-07-29,1.25,4.0,0.3125,70
668939,2025,776948,2025-07-30,0.9,5.0,0.18,71
668939,2025,776915,2025-08-01,1.25,4.0,0.3125,72
668939,2025,776902,2025-08-02,1.95,4.0,0.4875,73
668939,2025,776888,2025-08-03,1.25,4.0,0.3125,74
668939,2025,776877,2025-08-04,1.95,4.0,0.4875,75
668939,2025,776868,2025-08-05,0.9,4.0,0.225,76
668939,2025,776851,2025-08-06,1.8,4.0,0.45,77
668939,2025,776831,2025-08-08,2.7,3.0,0.9,78
668939,2025,776811,2025-08-09,0.0,4.0,0.0,79
668939,2025,776804,2025-08-10,1.4,4.0,0.35,80
668939,2025,776776,2025-08-12,0.9,4.0,0.225,81
668939,2025,776761,2025-08-13,0.0,4.0,0.0,82
668939,2025,776733,2025-08-15,0.9,5.0,0.18,83
668939,2025,776722,2025-08-16,0.0,5.0,0.0,84
668939,2025,776705,2025-08-17,0.9,5.0,0.18,85
668939,2025,776223,2025-09-23,0.0,4.0,0.0,86
668939,2025,776203,2025-09-24,0.7,4.0,0.175,87
668939,2025,776191,2025-09-25,1.6,1.0,1.6,88
668939,2025,776174,2025-09-26,0.7,4.0,0.175,89
668939,2025,776140,2025-09-28,0.7,4.0,0.175,90
682622,2025,778357,2025-04-12,0.9,4.0,0.225,1
682622,2025,778343,2025-04-13,0.7,3.0,0.2333333333333333,2
682622,2025,778285,2025-04-17,0.0,1.0,0.0,3
682622,2025,778276,2025-04-18,0.0,5.0,0.0,4
682622,2025,778250,2025-04-20,6.3,7.0,0.9,5
682622,2025,778230,2025-04-21,2.15,4.0,0.5375,6
682622,2025,778219,2025-04-22,2.7,4.0,0.675,7
682622,2025,778208,2025-04-23,0.7,4.0,0.175,8
682622,2025,778181,2025-04-25,2.7,5.0,0.54,9
682622,2025,778161,2025-04-26,2.0,5.0,0.4,10
682622,2025,778148,2025-04-27,3.05,4.0,0.7625,11
682622,2025,778141,2025-04-28,3.0,4.0,0.75,12
682622,2025,778119,2025-04-30,0.0,4.0,0.0,13
682622,2025,778134,2025-04-30,0.0,4.0,0.0,14
682622,2025,778107,2025-05-01,1.8,4.0,0.45,15
682622,2025,778087,2025-05-02,0.0,4.0,0.0,16
682622,2025,778077,2025-05-03,0.9,2.0,0.45,17
682622,2025,778058,2025-05-04,0.9,4.0,0.225,18
682622,2025,777255,2025-07-04,0.7,4.0,0.175,19
682622,2025,777233,2025-07-05,0.7,4.0,0.175,20
682622,2025,777208,2025-07-07,0.9,3.0,0.3,21
682622,2025,777197,2025-07-08,0.9,4.0,0.225,22
682622,2025,777183,2025-07-09,2.9,3.0,0.9666666666666667,23
682622,2025,777168,2025-07-10,0.9,2.0,0.45,24
682622,2025,777160,2025-07-11,3.25,3.0,1.0833333333333333,25
682622,2025,777140,2025-07-12,2.9,4.0,0.725,26
682622,2025,777128,2025-07-13,1.6,4.0,0.4,27
682622,2025,777111,2025-07-18,0.9,5.0,0.18,28
682622,2025,777092,2025-07-19,0.7,4.0,0.175,29
682622,2025,777087,2025-07-20,0.9,4.0,0.225,30
682622,2025,777064,2025-07-21,1.8,5.0,0.36,31
682622,2025,777042,2025-07-22,0.9,3.0,0.3,32
682622,2025,777026,2025-07-23,2.65,4.0,0.6625,33
682622,2025,777013,2025-07-25,2.15,4.0,0.5375,34
682622,2025,777000,2025-07-26,0.0,3.0,0.0,35
682622,2025,776982,2025-07-27,0.9,3.0,0.3,36
682622,2025,776967,2025-07-28,0.0,4.0,0.0,37
682622,2025,776963,2025-07-29,2.0,3.0,0.6666666666666666,38
682622,2025,776941,2025-07-30,0.9,4.0,0.225,39
682622,2025,776928,2025-07-31,2.7,6.0,0.45,40
682622,2025,776921,2025-08-01,0.0,3.0,0.0,41
682622,2025,776907,2025-08-02,0.9,4.0,0.225,42
682622,2025,776860,2025-08-05,1.25,4.0,0.3125,43
682622,2025,776847,2025-08-06,0.0,3.0,0.0,44
682622,2025,776840,2025-08-07,0.0,4.0,0.0,45
682622,2025,776812,2025-08-09,3.75,4.0,0.9375,46
682622,2025,776801,2025-08-10,4.15,5.0,0.8300000000000001,47
682622,2025,776792,2025-08-11,0.9,4.0,0.225,48
682622,2025,776777,2025-08-12,0.9,4.0,0.225,49
682622,2025,776765,2025-08-13,2.15,4.0,0.5375,50
682622,2025,776740,2025-08-15,0.9,4.0,0.225,51
682622,2025,776721,2025-08-16,2.9,5.0,0.58,52
682622,2025,776709,2025-08-17,1.8,4.0,0.45,53
682622,2025,776681,2025-08-18,1.8,5.0,0.36,54
682622,2025,776668,2025-08-19,3.25,4.0,0.8125,55
682622,2025,776652,2025-08-20,1.8,4.0,0.45,56
682622,2025,776635,2025-08-22,0.7,4.0,0.175,57
682622,2025,776622,2025-08-23,0.7,4.0,0.175,58
682622,2025,776609,2025-08-24,2.5,5.0,0.5,59
682622,2025,776594,2025-08-25,0.0,4.0,0.0,60
682622,2025,776574,2025-08-26,0.9,4.0,0.225,61
682622,2025,776562,2025-08-27,2.7,5.0,0.54,62
682622,2025,776551,2025-08-29,3.6,6.0,0.6,63
682622,2025,776536,2025-08-30,0.9,4.0,0.225,64
682622,2025,776518,2025-08-31,0.7,4.0,0.175,65
682622,2025,776503,2025-09-01,0.9,5.0,0.18,66
682622,2025,776491,2025-09-02,2.5,4.0,0.625,67
682622,2025,776475,2025-09-03,2.15,5.0,0.43,68
682622,2025,776450,2025-09-05,0.0,5.0,0.0,69
682622,2025,776439,2025-09-06,0.7,4.0,0.175,70
682622,2025,776429,2025-09-07,1.6,4.0,0.4,71
682622,2025,776407,2025-09-08,0.0,4.0,0.0,72
682622,2025,776392,2025-09-09,0.0,2.0,0.0,73
682622,2025,776377,2025-09-10,0.0,5.0,0.0,74
682622,2025,776340,2025-09-13,0.9,5.0,0.18,75
682622,2025,776327,2025-09-14,2.9,4.0,0.725,76
682622,2025,776312,2025-09-15,1.6,5.0,0.32,77
682622,2025,776300,2025-09-16,0.0,4.0,0.0,78
682622,2025,776283,2025-09-17,1.8,5.0,0.36,79
682622,2025,776267,2025-09-19,0.0,4.0,0.0,80
682622,2025,776254,2025-09-20,0.9,2.0,0.45,81
682622,2025,776239,2025-09-21,0.9,3.0,0.3,82
682622,2025,776224,2025-09-23,0.0,4.0,0.0,83
682622,2025,776202,2025-09-24,2.9,6.0,0.48333333333333334,84
682622,2025,776190,2025-09-25,0.9,3.0,0.3,85
682622,2025,776171,2025-09-26,0.0,4.0,0.0,86
682622,2025,776153,2025-09-27,0.9,5.0,0.18,87
682622,2025,776144,2025-09-28,0.9,4.0,0.225,88
669477,2025,778540,2025-03-29,0.7,2.0,0.35,1
669477,2025,778489,2025-04-01,0.0,2.0,0.0,2
669477,2025,778475,2025-04-02,0.0,3.0,0.0,3
669477,2025,778397,2025-04-08,2.15,3.0,0.7166666666666667,4
669477,2025,778376,2025-04-09,0.9,2.0,0.45,5
669477,2025,778339,2025-04-13,1.25,4.0,0.3125,6
669477,2025,778313,2025-04-15,0.9,4.0,0.225,7
669477,2025,778279,2025-04-17,0.0,4.0,0.0,8
669477,2025,777855,2025-05-19,1.95,3.0,0.65,9
669477,2025,777836,2025-05-20,1.6,4.0,0.4,10
669477,2025,777801,2025-05-23,2.3,4.0,0.575,11
669477,2025,777755,2025-05-27,0.0,3.0,0.0,12
669477,2025,777717,2025-05-30,0.0,4.0,0.0,13
669477,2025,777705,2025-05-31,0.0,1.0,0.0,14
669477,2025,777689,2025-06-01,1.6,4.0,0.4,15
669477,2025,777676,2025-06-02,0.7,3.0,0.2333333333333333,16
669477,2025,777656,2025-06-03,1.1,3.0,0.3666666666666667,17
669477,2025,777619,2025-06-06,0.0,1.0,0.0,18
669477,2025,777587,2025-06-08,0.0,3.0,0.0,19
669477,2025,777563,2025-06-10,2.9,4.0,0.725,20
669477,2025,777547,2025-06-11,2.5,5.0,0.5,21
669477,2025,777534,2025-06-12,1.6,5.0,0.32,22
669477,2025,777522,2025-06-13,2.7,4.0,0.675,23
669477,2025,777506,2025-06-14,2.0,4.0,0.5,24
669477,2025,777498,2025-06-15,0.0,1.0,0.0,25
669477,2025,777472,2025-06-17,1.6,5.0,0.32,26
669477,2025,777454,2025-06-18,0.0,4.0,0.0,27
669477,2025,777440,2025-06-19,1.8,3.0,0.6,28
669477,2025,777425,2025-06-20,2.5,4.0,0.625,29
669477,2025,777417,2025-06-21,0.9,3.0,0.3,30
669477,2025,777395,2025-06-22,5.05,4.0,1.2625,31
669477,2025,777364,2025-06-24,0.9,4.0,0.225,32
669477,2025,777355,2025-06-25,0.7,4.0,0.175,33
669477,2025,777199,2025-07-07,1.6,4.0,0.4,34
669477,2025,777186,2025-07-08,1.25,4.0,0.3125,35
669477,2025,777163,2025-07-09,0.7,3.0,0.2333333333333333,36
669477,2025,777143,2025-07-11,0.7,4.0,0.175,37
669477,2025,777127,2025-07-12,0.0,4.0,0.0,38
669477,2025,777119,2025-07-13,0.9,4.0,0.225,39
669477,2025,777108,2025-07-18,0.9,4.0,0.225,40
669477,2025,777094,2025-07-19,0.0,3.0,0.0,41
669477,2025,777079,2025-07-20,0.0,1.0,0.0,42
669477,2025,777069,2025-07-21,0.9,4.0,0.225,43
669477,2025,777058,2025-07-22,2.0,4.0,0.5,44
669477,2025,777041,2025-07-23,0.9,5.0,0.18,45
669477,2025,777004,2025-07-25,0.9,4.0,0.225,46
669477,2025,776985,2025-07-26,0.7,4.0,0.175,47
669477,2025,776943,2025-07-29,1.25,3.0,0.4166666666666667,48
669477,2025,776933,2025-07-30,0.9,4.0,0.225,49
669477,2025,776926,2025-08-01,1.95,5.0,0.39,50
669477,2025,776911,2025-08-02,2.15,4.0,0.5375,51
669477,2025,776887,2025-08-03,2.9,5.0,0.58,52
669477,2025,776879,2025-08-04,1.6,4.0,0.4,53
669477,2025,776844,2025-08-06,0.0,4.0,0.0,54
669477,2025,776822,2025-08-08,2.0,4.0,0.5,55
669477,2025,776802,2025-08-09,0.0,4.0,0.0,56
669477,2025,776793,2025-08-10,0.0,3.0,0.0,57
669477,2025,776767,2025-08-12,3.95,5.0,0.79,58
669477,2025,776749,2025-08-13,1.6,4.0,0.4,59
669477,2025,776729,2025-08-15,0.7,4.0,0.175,60
669477,2025,776683,2025-08-18,1.95,5.0,0.39,61
669477,2025,776667,2025-08-19,0.0,4.0,0.0,62
669477,2025,776656,2025-08-20,2.0,4.0,0.5,63
669477,2025,776642,2025-08-21,1.6,4.0,0.4,64
669477,2025,776634,2025-08-22,0.7,4.0,0.175,65
669477,2025,776621,2025-08-23,3.95,5.0,0.79,66
669477,2025,776608,2025-08-24,0.0,4.0,0.0,67
669477,2025,776576,2025-08-26,0.0,4.0,0.0,68
669477,2025,776557,2025-08-27,0.9,4.0,0.225,69
669477,2025,776550,2025-08-28,0.9,4.0,0.225,70
669477,2025,776533,2025-08-29,0.9,5.0,0.18,71
669477,2025,776516,2025-08-30,0.0,4.0,0.0,72
669477,2025,776507,2025-08-31,1.25,1.0,1.25,73
669477,2025,776492,2025-09-01,0.7,2.0,0.35,74
669477,2025,776486,2025-09-02,2.9,5.0,0.58,75
669477,2025,776467,2025-09-03,0.7,4.0,0.175,76
669477,2025,776445,2025-09-05,2.15,5.0,0.43,77
669477,2025,776437,2025-09-06,0.0,4.0,0.0,78
669477,2025,776416,2025-09-07,0.9,4.0,0.225,79
669477,2025,776394,2025-09-09,0.9,3.0,0.3,80
669477,2025,776374,2025-09-10,2.15,4.0,0.5375,81
669477,2025,776350,2025-09-12,0.0,3.0,0.0,82
669477,2025,776328,2025-09-13,0.7,5.0,0.13999999999999999,83
669477,2025,776325,2025-09-14,0.0,4.0,0.0,84
669477,2025,776309,2025-09-15,2.9,3.0,0.9666666666666667,85
669477,2025,776294,2025-09-16,0.9,4.0,0.225,86
669477,2025,776271,2025-09-18,0.7,4.0,0.175,87
669477,2025,776256,2025-09-19,0.7,4.0,0.175,88
669477,2025,776233,2025-09-20,0.7,4.0,0.175,89
669477,2025,776220,2025-09-22,0.9,4.0,0.225,90
669477,2025,776196,2025-09-24,3.05,4.0,0.7625,91
669477,2025,776166,2025-09-26,0.0,4.0,0.0,92
669477,2025,776146,2025-09-27,2.0,3.0,0.6666666666666666,93
669477,2025,776137,2025-09-28,0.0,1.0,0.0,94
681393,2025,778291,2025-04-17,1.8,5.0,0.36,1
681393,2025,778274,2025-04-18,0.9,4.0,0.225,2
681393,2025,778252,2025-04-19,0.0,2.0,0.0,3
681393,2025,778248,2025-04-20,3.05,5.0,0.61,4
681393,2025,778230,2025-04-21,1.4,4.0,0.35,5
681393,2025,778219,2025-04-22,1.25,4.0,0.3125,6
681393,2025,778175,2025-04-25,0.9,4.0,0.225,7
681393,2025,778154,2025-04-26,0.0,3.0,0.0,8
681393,2025,778136,2025-04-27,4.15,4.0,1.0375,9
681393,2025,778132,2025-04-28,0.7,2.0,0.35,10
681393,2025,778123,2025-04-29,0.0,4.0,0.0,11
681393,2025,778109,2025-04-30,0.9,4.0,0.225,12
681393,2025,778091,2025-05-02,0.0,4.0,0.0,13
681393,2025,778075,2025-05-03,0.0,4.0,0.0,14
681393,2025,778061,2025-05-04,0.9,4.0,0.225,15
681393,2025,778047,2025-05-05,0.9,5.0,0.18,16
681393,2025,778035,2025-05-06,1.95,4.0,0.4875,17
681393,2025,777991,2025-05-09,1.25,4.0,0.3125,18
681393,2025,777978,2025-05-10,1.6,4.0,0.4,19
681393,2025,777966,2025-05-11,1.8,4.0,0.45,20
681393,2025,777952,2025-05-12,0.9,1.0,0.9,21
681393,2025,777936,2025-05-13,4.5,4.0,1.125,22
681393,2025,777921,2025-05-14,0.0,4.0,0.0,23
681393,2025,777903,2025-05-16,2.15,5.0,0.43,24
681393,2025,777889,2025-05-17,0.9,4.0,0.225,25
681393,2025,777877,2025-05-18,0.9,4.0,0.225,26
681393,2025,777863,2025-05-19,1.25,4.0,0.3125,27
681393,2025,777833,2025-05-21,1.6,4.0,0.4,28
681393,2025,777798,2025-05-23,2.5,5.0,0.5,29
681393,2025,777781,2025-05-24,4.7,5.0,0.9400000000000001,30
681393,2025,777767,2025-05-25,0.9,4.0,0.225,31
681393,2025,777756,2025-05-26,2.15,4.0,0.5375,32
681393,2025,777742,2025-05-27,0.9,4.0,0.225,33
681393,2025,777726,2025-05-28,0.7,5.0,0.13999999999999999,34
681393,2025,777717,2025-05-30,1.25,4.0,0.3125,35
681393,2025,777705,2025-05-31,0.0,3.0,0.0,36
681393,2025,777689,2025-06-01,0.0,4.0,0.0,37
681393,2025,777673,2025-06-02,0.0,4.0,0.0,38
681393,2025,777666,2025-06-03,0.0,1.0,0.0,39
681393,2025,777652,2025-06-04,1.8,4.0,0.45,40
681393,2025,777625,2025-06-06,0.0,4.0,0.0,41
681393,2025,777611,2025-06-07,2.5,4.0,0.625,42
681393,2025,777592,2025-06-08,0.0,4.0,0.0,43
681393,2025,777574,2025-06-09,1.25,4.0,0.3125,44
681393,2025,777552,2025-06-11,1.8,4.0,0.45,45
681393,2025,777530,2025-06-13,0.7,5.0,0.13999999999999999,46
681393,2025,777514,2025-06-14,0.0,4.0,0.0,47
681393,2025,777483,2025-06-16,0.9,4.0,0.225,48
681393,2025,777481,2025-06-17,2.3,4.0,0.575,49
681393,2025,777465,2025-06-18,2.7,4.0,0.675,50
681393,2025,777444,2025-06-19,0.0,3.0,0.0,51
681393,2025,777439,2025-06-20,0.9,4.0,0.225,52
681393,2025,777424,2025-06-21,0.7,4.0,0.175,53
681393,2025,777402,2025-06-22,0.0,1.0,0.0,54
681393,2025,777364,2025-06-24,1.8,4.0,0.45,55
681393,2025,777355,2025-06-25,1.8,5.0,0.36,56
681393,2025,777347,2025-06-26,1.6,5.0,0.32,57
681393,2025,777332,2025-06-27,3.05,4.0,0.7625,58
681393,2025,777318,2025-06-28,0.0,4.0,0.0,59
681393,2025,777303,2025-06-29,0.7,5.0,0.13999999999999999,60
681393,2025,777293,2025-07-01,0.0,3.0,0.0,61
681393,2025,777275,2025-07-02,1.8,4.0,0.45,62
681393,2025,777263,2025-07-03,0.0,3.0,0.0,63
681393,2025,777254,2025-07-04,2.0,4.0,0.5,64
681393,2025,777238,2025-07-05,0.0,1.0,0.0,65
681393,2025,777224,2025-07-06,0.0,3.0,0.0,66
681393,2025,777208,2025-07-07,1.6,4.0,0.4,67
681393,2025,777197,2025-07-08,1.8,5.0,0.36,68
681393,2025,777183,2025-07-09,2.7,4.0,0.675,69
681393,2025,777168,2025-07-10,0.9,4.0,0.225,70
681393,2025,777157,2025-07-11,0.9,3.0,0.3,71
681393,2025,776548,2025-08-29,2.15,5.0,0.43,72
681393,2025,776535,2025-08-30,2.65,5.0,0.53,73
681393,2025,776498,2025-09-01,0.7,4.0,0.175,74
681393,2025,776482,2025-09-02,1.8,4.0,0.45,75
681393,2025,776477,2025-09-03,1.25,3.0,0.4166666666666667,76
681393,2025,776293,2025-09-16,0.9,4.0,0.225,77
681393,2025,776277,2025-09-17,2.15,5.0,0.43,78
681393,2025,776251,2025-09-19,1.8,6.0,0.3,79
681393,2025,776242,2025-09-20,3.25,4.0,0.8125,80
681393,2025,776226,2025-09-21,0.0,1.0,0.0,81
681393,2025,776215,2025-09-23,0.0,5.0,0.0,82
681393,2025,776201,2025-09-24,0.9,3.0,0.3,83
681393,2025,776188,2025-09-25,0.7,4.0,0.175,84
681393,2025,776173,2025-09-26,2.0,2.0,1.0,85
681393,2025,776161,2025-09-27,0.0,4.0,0.0,86
681393,2025,776148,2025-09-28,2.85,4.0,0.7125,87
695391,2025,776734,2025-08-15,1.6,4.0,0.4,1
695391,2025,776718,2025-08-16,1.6,4.0,0.4,2
695391,2025,776699,2025-08-17,1.25,5.0,0.25,3
695391,2025,776674,2025-08-19,0.9,4.0,0.225,4
695391,2025,776665,2025-08-20,0.0,4.0,0.0,5
695391,2025,776653,2025-08-21,1.6,5.0,0.32,6
695391,2025,776638,2025-08-22,0.0,2.0,0.0,7
695391,2025,776602,2025-08-24,1.6,4.0,0.4,8
695391,2025,776590,2025-08-25,0.9,4.0,0.225,9
695391,2025,776559,2025-08-27,2.85,4.0,0.7125,10
695391,2025,776538,2025-08-29,0.0,1.0,0.0,11
695391,2025,776524,2025-08-30,0.0,1.0,0.0,12
695391,2025,776508,2025-08-31,0.9,3.0,0.3,13
695391,2025,776470,2025-09-03,0.0,1.0,0.0,14
695391,2025,776430,2025-09-06,0.9,1.0,0.9,15
695391,2025,776414,2025-09-07,0.0,2.0,0.0,16
695391,2025,776379,2025-09-10,0.0,1.0,0.0,17
695391,2025,776327,2025-09-14,3.05,3.0,1.0166666666666666,18
695391,2025,776310,2025-09-16,1.8,4.0,0.45,19
695391,2025,776299,2025-09-17,0.7,3.0,0.2333333333333333,20
695391,2025,776266,2025-09-19,0.0,1.0,0.0,21
695391,2025,776249,2025-09-20,0.7,2.0,0.35,22
695391,2025,776234,2025-09-21,1.25,1.0,1.25,23
695391,2025,776208,2025-09-23,1.25,4.0,0.3125,24
695391,2025,776195,2025-09-24,0.9,3.0,0.3,25
695391,2025,776182,2025-09-25,0.9,4.0,0.225,26
695391,2025,776172,2025-09-26,0.7,4.0,0.175,27
695391,2025,776138,2025-09-28,1.6,4.0,0.4,28
688363,2025,778562,2025-03-27,0.9,4.0,0.225,1
688363,2025,778548,2025-03-28,1.25,2.0,0.625,2
688363,2025,778509,2025-03-31,1.95,4.0,0.4875,3
688363,2025,778497,2025-04-01,1.25,3.0,0.4166666666666667,4
688363,2025,778481,2025-04-02,0.0,5.0,0.0,5
688363,2025,778464,2025-04-04,0.0,3.0,0.0,6
688363,2025,778451,2025-04-05,1.95,4.0,0.4875,7
688363,2025,778416,2025-04-07,0.9,3.0,0.3,8
688363,2025,778407,2025-04-08,0.0,4.0,0.0,9
688363,2025,778390,2025-04-09,0.0,4.0,0.0,10
688363,2025,778369,2025-04-11,0.9,3.0,0.3,11
688363,2025,778354,2025-04-12,1.8,4.0,0.45,12
688363,2025,778318,2025-04-15,0.9,4.0,0.225,13
688363,2025,778303,2025-04-16,0.7,4.0,0.175,14
688363,2025,778252,2025-04-19,3.05,5.0,0.61,15
688363,2025,778208,2025-04-23,0.9,3.0,0.3,16
688363,2025,778154,2025-04-26,0.9,1.0,0.9,17
688363,2025,778132,2025-04-28,0.0,4.0,0.0,18
688363,2025,778123,2025-04-29,0.0,1.0,0.0,19
688363,2025,778047,2025-05-05,0.7,2.0,0.35,20
688363,2025,778017,2025-05-07,0.7,3.0,0.2333333333333333,21
688363,2025,777952,2025-05-12,0.0,3.0,0.0,22
688363,2025,777903,2025-05-16,1.6,5.0,0.32,23
688363,2025,777850,2025-05-20,0.0,4.0,0.0,24
688363,2025,777833,2025-05-21,1.25,4.0,0.3125,25
688363,2025,777798,2025-05-23,0.9,2.0,0.45,26
688363,2025,777129,2025-07-13,0.7,5.0,0.13999999999999999,27
688363,2025,777109,2025-07-18,1.8,4.0,0.45,28
688363,2025,777093,2025-07-19,0.7,3.0,0.2333333333333333,29
688363,2025,777062,2025-07-21,0.0,3.0,0.0,30
688363,2025,777052,2025-07-22,0.9,2.0,0.45,31
688363,2025,777037,2025-07-23,0.0,2.0,0.0,32
688363,2025,777008,2025-07-25,2.3,4.0,0.575,33
688363,2025,776978,2025-07-27,1.25,2.0,0.625,34
688363,2025,776960,2025-07-28,0.9,3.0,0.3,35
688363,2025,776946,2025-07-29,2.0,2.0,1.0,36
688363,2025,776934,2025-07-30,0.0,3.0,0.0,37
688363,2025,776925,2025-08-01,0.0,1.0,0.0,38
688363,2025,776910,2025-08-02,0.0,3.0,0.0,39
688363,2025,776891,2025-08-03,2.3,4.0,0.575,40
688363,2025,776875,2025-08-04,1.25,2.0,0.625,41
688363,2025,776849,2025-08-06,2.0,3.0,0.6666666666666666,42
688363,2025,776842,2025-08-07,2.0,3.0,0.6666666666666666,43
688363,2025,776834,2025-08-08,0.0,4.0,0.0,44
688363,2025,778431,2025-08-09,0.7,2.0,0.35,45
688363,2025,776819,2025-08-09,1.4,3.0,0.4666666666666666,46
688363,2025,776766,2025-08-13,5.4,5.0,1.08,47
688363,2025,776745,2025-08-14,0.7,2.0,0.35,48
688363,2025,776741,2025-08-15,0.0,3.0,0.0,49
688363,2025,776724,2025-08-16,0.0,2.0,0.0,50
688363,2025,776277,2025-09-17,2.3,5.0,0.45999999999999996,51
688363,2025,776270,2025-09-18,0.0,4.0,0.0,52
688363,2025,776251,2025-09-19,1.25,2.0,0.625,53
688363,2025,776226,2025-09-21,2.5,4.0,0.625,54
688363,2025,776188,2025-09-25,0.7,4.0,0.175,55
688363,2025,776173,2025-09-26,0.0,3.0,0.0,56
688363,2025,776161,2025-09-27,0.7,3.0,0.2333333333333333,57
701350,2025,777584,2025-06-09,0.7,5.0,0.13999999999999999,1
701350,2025,777565,2025-06-10,1.25,4.0,0.3125,2
701350,2025,777561,2025-06-11,0.0,3.0,0.0,3
701350,2025,777537,2025-06-13,0.7,4.0,0.175,4
701350,2025,777516,2025-06-14,0.0,1.0,0.0,5
701350,2025,777500,2025-06-15,0.0,1.0,0.0,6
701350,2025,777486,2025-06-16,2.0,4.0,0.5,7
701350,2025,777473,2025-06-17,0.0,4.0,0.0,8
701350,2025,777453,2025-06-18,1.4,4.0,0.35,9
701350,2025,777425,2025-06-20,1.6,5.0,0.32,10
701350,2025,777417,2025-06-21,2.65,4.0,0.6625,11
701350,2025,777395,2025-06-22,1.4,5.0,0.27999999999999997,12
701350,2025,777381,2025-06-23,1.6,4.0,0.4,13
701350,2025,777376,2025-06-24,0.0,5.0,0.0,14
701350,2025,777362,2025-06-25,0.7,1.0,0.7,15
701350,2025,777345,2025-06-27,1.25,3.0,0.4166666666666667,16
701350,2025,777323,2025-06-28,3.4,6.0,0.5666666666666667,17
701350,2025,777310,2025-06-29,1.8,4.0,0.45,18
701350,2025,777300,2025-06-30,2.7,5.0,0.54,19
701350,2025,777294,2025-07-01,1.25,4.0,0.3125,20
701350,2025,777277,2025-07-02,0.0,4.0,0.0,21
701350,2025,777245,2025-07-04,4.25,6.0,0.7083333333333334,22
701350,2025,777228,2025-07-05,1.8,5.0,0.36,23
701350,2025,777213,2025-07-06,0.9,5.0,0.18,24
701350,2025,777209,2025-07-07,3.8,5.0,0.76,25
701350,2025,777196,2025-07-08,1.6,4.0,0.4,26
701350,2025,777179,2025-07-09,2.5,5.0,0.5,27
701350,2025,777170,2025-07-10,0.9,4.0,0.225,28
701350,2025,777155,2025-07-11,0.7,1.0,0.7,29
701350,2025,777144,2025-07-12,1.95,4.0,0.4875,30
701350,2025,777130,2025-07-13,1.25,4.0,0.3125,31
701350,2025,777101,2025-07-18,1.95,4.0,0.4875,32
701350,2025,777096,2025-07-19,0.7,4.0,0.175,33
701350,2025,777075,2025-07-20,2.5,5.0,0.5,34
701350,2025,777063,2025-07-21,1.25,5.0,0.25,35
701350,2025,777045,2025-07-22,0.0,4.0,0.0,36
701350,2025,777038,2025-07-23,1.95,3.0,0.65,37
701350,2025,777012,2025-07-25,0.7,4.0,0.175,38
701350,2025,776998,2025-07-26,3.55,4.0,0.8875,39
701350,2025,776983,2025-07-27,2.3,4.0,0.575,40
701350,2025,776961,2025-07-28,3.2,5.0,0.64,41
701350,2025,776954,2025-07-29,1.6,5.0,0.32,42
701350,2025,776935,2025-07-30,2.85,6.0,0.47500000000000003,43
701350,2025,776922,2025-08-01,1.8,5.0,0.36,44
701350,2025,776909,2025-08-02,1.6,4.0,0.4,45
701350,2025,776895,2025-08-03,1.25,4.0,0.3125,46
701350,2025,776856,2025-08-06,0.0,4.0,0.0,47
701350,2025,776820,2025-08-08,2.5,5.0,0.5,48
701350,2025,776807,2025-08-09,1.25,5.0,0.25,49
701350,2025,776789,2025-08-10,1.6,4.0,0.4,50
701350,2025,776782,2025-08-11,2.9,5.0,0.58,51
701350,2025,776769,2025-08-12,4.8,6.0,0.7999999999999999,52
701350,2025,776753,2025-08-13,0.0,4.0,0.0,53
701350,2025,776741,2025-08-15,1.4,4.0,0.35,54
701350,2025,776724,2025-08-16,2.85,5.0,0.5700000000000001,55
701350,2025,776714,2025-08-17,0.0,4.0,0.0,56
701350,2025,776695,2025-08-18,1.8,4.0,0.45,57
701350,2025,776684,2025-08-19,3.4,6.0,0.5666666666666667,58
701350,2025,776654,2025-08-21,3.6,6.0,0.6,59
701350,2025,776647,2025-08-22,0.0,4.0,0.0,60
701350,2025,776627,2025-08-23,2.85,6.0,0.47500000000000003,61
701350,2025,776616,2025-08-24,0.0,4.0,0.0,62
701350,2025,776604,2025-08-25,2.9,4.0,0.725,63
701350,2025,776591,2025-08-26,1.8,4.0,0.45,64
701350,2025,776579,2025-08-27,2.0,4.0,0.5,65
701350,2025,776564,2025-08-28,2.5,4.0,0.625,66
701350,2025,776549,2025-08-29,2.9,4.0,0.725,67
701350,2025,776539,2025-08-30,0.9,5.0,0.18,68
701350,2025,776517,2025-08-31,0.7,4.0,0.175,69
701350,2025,776505,2025-09-01,1.8,5.0,0.36,70
701350,2025,776493,2025-09-02,0.9,3.0,0.3,71
694671,2025,778553,2025-03-27,1.6,4.0,0.4,1
694671,2025,778550,2025-03-28,0.9,4.0,0.225,2
694671,2025,778531,2025-03-29,0.9,4.0,0.225,3
694671,2025,778516,2025-03-30,2.9,4.0,0.725,4
694671,2025,778511,2025-03-31,0.0,4.0,0.0,5
694671,2025,778498,2025-04-01,2.9,4.0,0.725,6
694671,2025,778480,2025-04-02,0.7,4.0,0.175,7
694671,2025,778454,2025-04-04,0.7,4.0,0.175,8
694671,2025,778438,2025-04-05,2.7,4.0,0.675,9
694671,2025,778420,2025-04-06,0.7,4.0,0.175,10
694671,2025,778411,2025-04-07,0.7,4.0,0.175,11
694671,2025,778401,2025-04-08,3.25,4.0,0.8125,12
694671,2025,778234,2025-04-20,1.6,4.0,0.4,13
694671,2025,778213,2025-04-22,4.5,5.0,0.9,14
694671,2025,778197,2025-04-23,2.7,4.0,0.675,15
694671,2025,778192,2025-04-24,2.7,5.0,0.54,16
694671,2025,778171,2025-04-25,3.4,4.0,0.85,17
694671,2025,778159,2025-04-26,1.25,4.0,0.3125,18
694671,2025,778143,2025-04-28,0.0,4.0,0.0,19
694671,2025,778122,2025-04-29,1.95,5.0,0.39,20
694671,2025,778106,2025-04-30,0.0,5.0,0.0,21
694671,2025,778096,2025-05-01,0.9,4.0,0.225,22
694671,2025,778083,2025-05-02,0.9,4.0,0.225,23
694671,2025,778070,2025-05-03,1.6,4.0,0.4,24
694671,2025,778052,2025-05-04,1.6,5.0,0.32,25
694671,2025,778037,2025-05-06,0.9,5.0,0.18,26
694671,2025,778018,2025-05-07,1.6,5.0,0.32,27
694671,2025,778006,2025-05-08,0.9,4.0,0.225,28
694671,2025,777996,2025-05-09,0.0,4.0,0.0,29
694671,2025,777987,2025-05-10,2.0999999999999996,5.0,0.41999999999999993,30
694671,2025,777969,2025-05-11,1.95,5.0,0.39,31
694671,2025,777949,2025-05-12,2.0,4.0,0.5,32
694671,2025,777934,2025-05-13,0.9,4.0,0.225,33
694671,2025,777918,2025-05-14,2.7,5.0,0.54,34
694671,2025,777910,2025-05-15,0.0,3.0,0.0,35
694671,2025,777895,2025-05-16,0.0,4.0,0.0,36
694671,2025,777882,2025-05-17,2.9,4.0,0.725,37
694671,2025,777869,2025-05-18,0.9,4.0,0.225,38
694671,2025,777849,2025-05-20,1.95,4.0,0.4875,39
694671,2025,777835,2025-05-21,0.9,5.0,0.18,40
694671,2025,777818,2025-05-22,1.4,4.0,0.35,41
694671,2025,777805,2025-05-23,0.9,4.0,0.225,42
694671,2025,777792,2025-05-24,0.9,5.0,0.18,43
694671,2025,777777,2025-05-25,0.9,4.0,0.225,44
694671,2025,777759,2025-05-26,2.0,4.0,0.5,45
694671,2025,777741,2025-05-27,0.9,3.0,0.3,46
694671,2025,777724,2025-05-28,0.0,4.0,0.0,47
694671,2025,777709,2025-05-30,2.7,5.0,0.54,48
694671,2025,777697,2025-05-31,0.0,4.0,0.0,49
694671,2025,777678,2025-06-01,0.7,5.0,0.13999999999999999,50
694671,2025,777662,2025-06-03,0.0,4.0,0.0,51
694671,2025,777646,2025-06-04,3.95,5.0,0.79,52
694671,2025,777629,2025-06-05,0.7,4.0,0.175,53
694671,2025,777624,2025-06-06,0.0,4.0,0.0,54
694671,2025,777610,2025-06-07,0.9,5.0,0.18,55
694671,2025,777557,2025-06-10,2.9,6.0,0.48333333333333334,56
694671,2025,777556,2025-06-11,0.0,4.0,0.0,57
694671,2025,777533,2025-06-12,4.3,6.0,0.7166666666666667,58
694671,2025,777524,2025-06-13,0.9,4.0,0.225,59
694671,2025,777508,2025-06-14,3.4,5.0,0.6799999999999999,60
694671,2025,777493,2025-06-15,0.9,4.0,0.225,61
694671,2025,777468,2025-06-17,0.0,4.0,0.0,62
694671,2025,777460,2025-06-18,3.4,5.0,0.6799999999999999,63
694671,2025,777443,2025-06-19,0.9,4.0,0.225,64
694671,2025,777404,2025-06-22,0.7,4.0,0.175,65
694671,2025,777394,2025-06-23,0.9,4.0,0.225,66
694671,2025,777380,2025-06-24,0.0,6.0,0.0,67
694671,2025,777223,2025-07-05,1.6,4.0,0.4,68
694671,2025,777207,2025-07-06,0.7,4.0,0.175,69
694671,2025,777200,2025-07-07,0.0,4.0,0.0,70
694671,2025,777180,2025-07-08,3.95,5.0,0.79,71
694671,2025,777171,2025-07-09,1.8,4.0,0.45,72
694671,2025,777159,2025-07-10,2.3,5.0,0.45999999999999996,73
694671,2025,777154,2025-07-11,4.7,5.0,0.9400000000000001,74
694671,2025,777137,2025-07-12,0.9,5.0,0.18,75
694671,2025,777125,2025-07-13,0.7,4.0,0.175,76
694671,2025,777098,2025-07-18,0.0,3.0,0.0,77
694671,2025,777088,2025-07-19,0.0,3.0,0.0,78
694671,2025,777073,2025-07-20,0.0,4.0,0.0,79
694671,2025,777057,2025-07-21,0.7,4.0,0.175,80
694671,2025,777043,2025-07-22,0.9,4.0,0.225,81
694671,2025,777033,2025-07-23,0.7,3.0,0.2333333333333333,82
694671,2025,777009,2025-07-25,1.95,4.0,0.4875,83
694671,2025,776993,2025-07-26,0.0,4.0,0.0,84
694671,2025,776981,2025-07-27,2.85,4.0,0.7125,85
694671,2025,776958,2025-07-28,1.95,4.0,0.4875,86
694671,2025,776945,2025-07-29,2.7,5.0,0.54,87
694671,2025,776932,2025-07-30,2.85,5.0,0.5700000000000001,88
694671,2025,776923,2025-07-31,0.0,3.0,0.0,89
694671,2025,776908,2025-08-01,0.9,4.0,0.225,90
694671,2025,776897,2025-08-02,2.15,5.0,0.43,91
694671,2025,776883,2025-08-03,0.0,4.0,0.0,92
694671,2025,776871,2025-08-04,2.85,4.0,0.7125,93
694671,2025,776855,2025-08-05,1.4,4.0,0.35,94
694671,2025,776845,2025-08-06,1.4,4.0,0.35,95
694671,2025,776821,2025-08-08,0.0,4.0,0.0,96
694671,2025,776810,2025-08-09,0.9,4.0,0.225,97
694671,2025,776800,2025-08-10,0.9,4.0,0.225,98
694671,2025,776785,2025-08-11,2.0,4.0,0.5,99
694671,2025,776764,2025-08-12,2.3,4.0,0.575,100
694671,2025,776735,2025-08-15,0.7,4.0,0.175,101
694671,2025,776723,2025-08-16,1.25,5.0,0.25,102
694671,2025,776710,2025-08-17,3.5999999999999996,5.0,0.72,103
694671,2025,776690,2025-08-18,1.8,4.0,0.45,104
694671,2025,776675,2025-08-19,0.7,4.0,0.175,105
694671,2025,776666,2025-08-20,5.0,5.0,1.0,106
694671,2025,776657,2025-08-21,0.7,5.0,0.13999999999999999,107
694671,2025,776641,2025-08-22,3.25,4.0,0.8125,108
694671,2025,776623,2025-08-23,3.2,4.0,0.8,109
694671,2025,776611,2025-08-24,1.6,5.0,0.32,110
694671,2025,776592,2025-08-25,0.9,4.0,0.225,111
694671,2025,776575,2025-08-26,1.6,4.0,0.4,112
694671,2025,776563,2025-08-27,4.25,5.0,0.85,113
694671,2025,776538,2025-08-29,0.7,4.0,0.175,114
694671,2025,776524,2025-08-30,2.9,5.0,0.58,115
694671,2025,776508,2025-08-31,0.7,5.0,0.13999999999999999,116
694671,2025,776495,2025-09-01,2.0,5.0,0.4,117
694671,2025,776481,2025-09-02,0.0,4.0,0.0,118
694671,2025,776468,2025-09-03,0.9,4.0,0.225,119
694671,2025,776449,2025-09-05,3.9,6.0,0.65,120
694671,2025,776432,2025-09-06,1.4,4.0,0.35,121
694671,2025,776418,2025-09-07,0.7,4.0,0.175,122
694671,2025,776406,2025-09-08,0.0,4.0,0.0,123
694671,2025,776395,2025-09-09,1.6,4.0,0.4,124
694671,2025,776375,2025-09-10,1.4,4.0,0.35,125
694671,2025,776359,2025-09-12,1.4,5.0,0.27999999999999997,126
694671,2025,776349,2025-09-13,2.15,5.0,0.43,127
694671,2025,776335,2025-09-14,0.7,5.0,0.13999999999999999,128
694671,2025,776319,2025-09-15,2.5,4.0,0.625,129
694671,2025,776301,2025-09-16,0.7,5.0,0.13999999999999999,130
694671,2025,776292,2025-09-17,0.7,4.0,0.175,131
694671,2025,776226,2025-09-21,3.4,4.0,0.85,132
694671,2025,776210,2025-09-23,0.0,2.0,0.0,133
686611,2025,778555,2025-03-27,0.7,4.0,0.175,1
686611,2025,778535,2025-03-29,0.0,5.0,0.0,2
686611,2025,778526,2025-03-30,0.0,3.0,0.0,3
686611,2025,778507,2025-03-31,0.0,4.0,0.0,4
686611,2025,778478,2025-04-02,0.0,3.0,0.0,5
686611,2025,778457,2025-04-04,0.9,4.0,0.225,6
686611,2025,778452,2025-04-05,0.0,3.0,0.0,7
686611,2025,778429,2025-04-06,1.8,4.0,0.45,8
686611,2025,778418,2025-04-07,0.0,3.0,0.0,9
686611,2025,778409,2025-04-08,1.8,4.0,0.45,10
686611,2025,778392,2025-04-09,0.7,4.0,0.175,11
686611,2025,778369,2025-04-11,0.0,4.0,0.0,12
686611,2025,778321,2025-04-14,0.0,4.0,0.0,13
686611,2025,778314,2025-04-15,1.6,4.0,0.4,14
686611,2025,778293,2025-04-16,0.9,3.0,0.3,15
686611,2025,778280,2025-04-17,0.9,4.0,0.225,16
686611,2025,778247,2025-04-19,6.15,5.0,1.23,17
686611,2025,778266,2025-04-20,0.9,4.0,0.225,18
686611,2025,778235,2025-04-20,0.9,4.0,0.225,19
686611,2025,778222,2025-04-22,2.0,4.0,0.5,20
686611,2025,778204,2025-04-23,0.9,3.0,0.3,21
686611,2025,778193,2025-04-24,0.0,3.0,0.0,22
686611,2025,778183,2025-04-25,3.4,4.0,0.85,23
686611,2025,778173,2025-04-26,1.8,4.0,0.45,24
686611,2025,778153,2025-04-27,2.7,4.0,0.675,25
686611,2025,778138,2025-04-28,0.9,5.0,0.18,26
686611,2025,778131,2025-04-29,0.0,3.0,0.0,27
686611,2025,778118,2025-04-30,0.0,4.0,0.0,28
686611,2025,778099,2025-05-01,0.7,4.0,0.175,29
686611,2025,778087,2025-05-02,0.7,4.0,0.175,30
686611,2025,778077,2025-05-03,1.4,4.0,0.35,31
686611,2025,778058,2025-05-04,0.9,4.0,0.225,32
686611,2025,778026,2025-05-06,1.25,4.0,0.3125,33
686611,2025,778046,2025-05-06,0.0,3.0,0.0,34
686611,2025,778022,2025-05-07,0.7,5.0,0.13999999999999999,35
686611,2025,777995,2025-05-09,0.0,3.0,0.0,36
686611,2025,777980,2025-05-10,2.7,4.0,0.675,37
686611,2025,777962,2025-05-11,0.0,3.0,0.0,38
686611,2025,777959,2025-05-12,1.6,4.0,0.4,39
686611,2025,777942,2025-05-13,0.0,4.0,0.0,40
686611,2025,777929,2025-05-14,1.8,4.0,0.45,41
686611,2025,777907,2025-05-16,1.4,4.0,0.35,42
686611,2025,777890,2025-05-17,0.7,4.0,0.175,43
686611,2025,777873,2025-05-18,2.9,4.0,0.725,44
686611,2025,777841,2025-05-20,2.7,2.0,1.35,45
686611,2025,776743,2025-08-14,1.6,4.0,0.4,46
686611,2025,776739,2025-08-15,0.9,3.0,0.3,47
686611,2025,776725,2025-08-16,0.7,3.0,0.2333333333333333,48
686611,2025,776708,2025-08-17,1.25,5.0,0.25,49
686611,2025,776678,2025-08-19,1.6,3.0,0.5333333333333333,50
686611,2025,776659,2025-08-20,1.95,4.0,0.4875,51
686611,2025,776650,2025-08-21,0.7,4.0,0.175,52
686611,2025,776648,2025-08-22,2.15,4.0,0.5375,53
686611,2025,776628,2025-08-23,0.9,4.0,0.225,54
686611,2025,776613,2025-08-24,0.0,4.0,0.0,55
686611,2025,776597,2025-08-25,0.7,4.0,0.175,56
686611,2025,776588,2025-08-26,1.4,4.0,0.35,57
686611,2025,776570,2025-08-27,0.0,4.0,0.0,58
686611,2025,776545,2025-08-29,2.7,4.0,0.675,59
686611,2025,776525,2025-08-30,0.7,4.0,0.175,60
686611,2025,776520,2025-08-31,1.8,4.0,0.45,61
686611,2025,776482,2025-09-02,1.95,4.0,0.4875,62
686611,2025,776477,2025-09-03,0.0,4.0,0.0,63
686611,2025,776440,2025-09-06,0.0,3.0,0.0,64
686611,2025,776420,2025-09-07,0.9,3.0,0.3,65
686611,2025,776409,2025-09-08,4.15,5.0,0.8300000000000001,66
686611,2025,776397,2025-09-09,0.7,4.0,0.175,67
686611,2025,776386,2025-09-10,0.0,4.0,0.0,68
686611,2025,776367,2025-09-11,0.9,4.0,0.225,69
686611,2025,776351,2025-09-12,2.0,4.0,0.5,70
686611,2025,776336,2025-09-13,0.9,3.0,0.3,71
686611,2025,776315,2025-09-15,0.7,4.0,0.175,72
686611,2025,776307,2025-09-16,1.8,4.0,0.45,73
686611,2025,777825,2025-09-16,1.6,4.0,0.4,74
686611,2025,776286,2025-09-17,2.15,4.0,0.5375,75
686611,2025,776259,2025-09-19,0.9,4.0,0.225,76
686611,2025,776252,2025-09-20,1.6,5.0,0.32,77
686611,2025,776237,2025-09-21,0.9,4.0,0.225,78
686611,2025,776221,2025-09-22,2.0,4.0,0.5,79
686611,2025,776219,2025-09-23,0.7,4.0,0.175,80
686611,2025,776200,2025-09-24,0.9,4.0,0.225,81
686611,2025,776165,2025-09-26,0.0,4.0,0.0,82
686611,2025,776143,2025-09-28,0.0,3.0,0.0,83
553993,2026,824541,2026-03-26,0.0,4.0,0.0,1
553993,2026,824540,2026-03-28,0.9,3.0,0.3,2
553993,2026,824538,2026-03-29,2.7,4.0,0.675,3
553993,2026,824539,2026-03-30,0.9,3.0,0.3,4
553993,2026,824537,2026-03-31,0.9,5.0,0.18,5
553993,2026,824536,2026-04-01,2.0,2.0,1.0,6
553993,2026,822919,2026-04-03,1.8,4.0,0.45,7
553993,2026,822920,2026-04-04,0.9,4.0,0.225,8
553993,2026,822917,2026-04-05,1.6,4.0,0.4,9
553993,2026,823886,2026-04-06,0.9,4.0,0.225,10
553993,2026,823887,2026-04-07,0.7,4.0,0.175,11
553993,2026,823885,2026-04-08,2.15,4.0,0.5375,12
553993,2026,823884,2026-04-09,0.7,4.0,0.175,13
553993,2026,824534,2026-04-10,1.8,4.0,0.45,14
553993,2026,824535,2026-04-11,1.6,5.0,0.32,15
553993,2026,824533,2026-04-12,0.7,3.0,0.2333333333333333,16
553993,2026,824531,2026-04-14,0.7,3.0,0.2333333333333333,17
553993,2026,824532,2026-04-15,3.8,4.0,0.95,18
553993,2026,824530,2026-04-16,0.7,3.0,0.2333333333333333,19
553993,2026,823720,2026-04-17,2.15,4.0,0.5375,20
553993,2026,823721,2026-04-18,2.15,4.0,0.5375,21
553993,2026,823718,2026-04-19,1.6,5.0,0.32,22
553993,2026,822994,2026-04-20,0.9,4.0,0.225,23
553993,2026,822995,2026-04-21,0.0,5.0,0.0,24
553993,2026,822993,2026-04-22,0.0,4.0,0.0,25
553993,2026,824516,2026-05-23,0.0,1.0,0.0,26
553993,2026,824518,2026-05-23,0.7,3.0,0.2333333333333333,27
553993,2026,823625,2026-05-25,2.85,4.0,0.7125,28
553993,2026,823624,2026-05-26,2.15,5.0,0.43,29
553993,2026,823626,2026-05-27,1.4,5.0,0.27999999999999997,30
553993,2026,824515,2026-05-29,0.0,4.0,0.0,31
553993,2026,824513,2026-05-30,0.0,4.0,0.0,32
553993,2026,824512,2026-05-31,2.0,4.0,0.5,33
553993,2026,824510,2026-06-01,1.6,4.0,0.4,34
553993,2026,824511,2026-06-02,0.7,4.0,0.175,35
553993,2026,824509,2026-06-03,0.0,3.0,0.0,36
553993,2026,823049,2026-06-05,0.9,4.0,0.225,37
553993,2026,823048,2026-06-06,0.0,4.0,0.0,38
553993,2026,823289,2026-06-08,0.0,4.0,0.0,39
553993,2026,823290,2026-06-09,1.25,5.0,0.25,40
553993,2026,823287,2026-06-10,2.9,4.0,0.725,41
553993,2026,824507,2026-06-12,1.8,4.0,0.45,42
553993,2026,824508,2026-06-13,0.0,3.0,0.0,43
553993,2026,824506,2026-06-14,1.25,4.0,0.3125,44
553993,2026,824505,2026-06-15,4.0,4.0,1.0,45
553993,2026,824504,2026-06-16,0.0,4.0,0.0,46
553993,2026,824503,2026-06-17,0.0,4.0,0.0,47
553993,2026,823534,2026-06-19,0.9,4.0,0.225,48
553993,2026,823531,2026-06-21,0.0,4.0,0.0,49
553993,2026,824502,2026-06-22,0.0,3.0,0.0,50
553993,2026,824501,2026-06-23,0.0,3.0,0.0,51
553993,2026,824500,2026-06-24,3.9,5.0,0.78,52
553993,2026,823363,2026-06-26,0.9,4.0,0.225,53
553993,2026,823364,2026-06-27,2.7,5.0,0.54,54
553993,2026,823362,2026-06-28,0.7,3.0,0.2333333333333333,55
553993,2026,823768,2026-06-30,0.7,4.0,0.175,56
553993,2026,823767,2026-07-01,1.25,4.0,0.3125,57
553993,2026,823765,2026-07-02,1.6,5.0,0.32,58
553993,2026,824498,2026-07-03,0.7,4.0,0.175,59
553993,2026,824499,2026-07-04,1.8,4.0,0.45,60
553993,2026,824497,2026-07-05,0.7,3.0,0.2333333333333333,61
553993,2026,824495,2026-07-07,2.0,4.0,0.5,62
553993,2026,824496,2026-07-08,0.7,5.0,0.13999999999999999,63
553993,2026,824494,2026-07-09,0.7,4.0,0.175,64
553993,2026,824493,2026-07-10,0.9,4.0,0.225,65
553993,2026,824492,2026-07-11,3.6,4.0,0.9,66
553993,2026,824491,2026-07-12,2.0,4.0,0.5,67
553993,2026,824332,2026-07-17,3.25,4.0,0.8125,68
553993,2026,824331,2026-07-18,0.0,4.0,0.0,69
553993,2026,824330,2026-07-19,0.9,4.0,0.225,70
553993,2026,823112,2026-07-20,0.0,3.0,0.0,71
553993,2026,823114,2026-07-21,2.0,4.0,0.5,72
553993,2026,823031,2026-07-24,3.6,5.0,0.72,73
553993,2026,823027,2026-07-25,0.0,4.0,0.0,74
553993,2026,823028,2026-07-26,0.0,4.0,0.0,75
553993,2026,824490,2026-07-28,0.0,4.0,0.0,76
553993,2026,824487,2026-07-29,0.9,4.0,0.225,77
553993,2026,824488,2026-07-30,0.7,4.0,0.175,78
553993,2026,824486,2026-07-31,0.7,4.0,0.175,79
553993,2026,824485,2026-08-01,1.25,4.0,0.3125,80
553993,2026,824484,2026-08-04,1.6,4.0,0.4,81
553993,2026,824482,2026-08-05,0.0,3.0,0.0,82
553993,2026,824481,2026-08-06,2.65,4.0,0.6625,83
553993,2026,822699,2026-08-07,2.0,4.0,0.5,84
553993,2026,822701,2026-08-08,2.7,4.0,0.675,85
553993,2026,822700,2026-08-09,0.7,3.0,0.2333333333333333,86
553993,2026,824563,2026-08-11,3.25,4.0,0.8125,87
553993,2026,824562,2026-08-12,0.0,4.0,0.0,88
553993,2026,824561,2026-08-13,2.7,5.0,0.54,89
553993,2026,824479,2026-08-14,1.25,4.0,0.3125,90
553993,2026,824480,2026-08-15,0.0,4.0,0.0,91
553993,2026,824477,2026-08-16,2.3,4.0,0.575,92
553993,2026,824478,2026-08-17,3.05,4.0,0.7625,93
553993,2026,824514,2026-08-17,0.0,4.0,0.0,94
553993,2026,824475,2026-08-18,0.7,4.0,0.175,95
553993,2026,824476,2026-08-19,0.7,4.0,0.175,96
553993,2026,824474,2026-08-20,0.9,1.0,0.9,97
553993,2026,825045,2026-08-21,1.4,4.0,0.35,98
553993,2026,825044,2026-08-22,1.4,5.0,0.27999999999999997,99
553993,2026,825043,2026-08-23,2.3,4.0,0.575,100
553993,2026,823183,2026-08-24,0.9,4.0,0.225,101
553993,2026,823181,2026-08-25,0.0,4.0,0.0,102
553993,2026,823180,2026-08-26,2.9,5.0,0.58,103
553993,2026,824638,2026-08-28,0.7,5.0,0.13999999999999999,104
553993,2026,824637,2026-08-29,2.7,3.0,0.9,105
553993,2026,824636,2026-08-30,1.6,4.0,0.4,106
553993,2026,824473,2026-08-31,0.7,4.0,0.175,107
553993,2026,824471,2026-09-04,2.7,4.0,0.675,108
553993,2026,824468,2026-09-05,2.15,4.0,0.5375,109
553993,2026,824469,2026-09-06,1.4,5.0,0.27999999999999997,110
553993,2026,823902,2026-09-07,2.0,4.0,0.5,111
553993,2026,823901,2026-09-08,0.7,4.0,0.175,112
553993,2026,823736,2026-09-11,0.7,3.0,0.2333333333333333,113
553993,2026,823737,2026-09-12,4.5,5.0,0.9,114
553993,2026,823734,2026-09-13,2.0,4.0,0.5,115
553993,2026,824465,2026-09-14,0.9,3.0,0.3,116
553993,2026,824466,2026-09-15,0.0,4.0,0.0,117
553993,2026,824467,2026-09-16,1.4,4.0,0.35,118
553993,2026,824463,2026-09-18,0.9,4.0,0.225,119
553993,2026,824461,2026-09-19,0.7,4.0,0.175,120
553993,2026,824867,2026-09-22,2.0,4.0,0.5,121
553993,2026,824868,2026-09-23,0.7,4.0,0.175,122
553993,2026,824866,2026-09-24,1.6,4.0,0.4,123
553993,2026,822760,2026-09-25,2.9,4.0,0.725,124
553993,2026,822759,2026-09-26,1.25,4.0,0.3125,125
621550,2026,823315,2026-04-14,0.0,1.0,0.0,1
621550,2026,823136,2026-05-19,0.0,3.0,0.0,2
621550,2026,823134,2026-05-20,1.25,4.0,0.3125,3
621550,2026,824110,2026-05-22,0.0,4.0,0.0,4
621550,2026,823135,2026-05-29,0.9,1.0,0.9,5
621550,2026,823131,2026-06-01,0.0,2.0,0.0,6
621550,2026,823129,2026-06-02,2.7,4.0,0.675,7
621550,2026,824271,2026-06-05,0.0,3.0,0.0,8
621550,2026,824269,2026-06-06,0.0,4.0,0.0,9
621550,2026,824268,2026-06-07,0.9,3.0,0.3,10
621550,2026,824829,2026-06-08,0.0,4.0,0.0,11
621550,2026,824830,2026-06-09,0.9,5.0,0.18,12
621550,2026,824831,2026-06-10,0.7,3.0,0.2333333333333333,13
621550,2026,822726,2026-06-12,0.0,1.0,0.0,14
621550,2026,822722,2026-06-14,0.0,1.0,0.0,15
621550,2026,823096,2026-08-26,0.0,4.0,0.0,16
621550,2026,822766,2026-08-30,0.0,1.0,0.0,17
621550,2026,823093,2026-09-04,0.0,1.0,0.0,18
605141,2026,823974,2026-03-26,1.6,5.0,0.32,1
605141,2026,823971,2026-03-27,2.0,4.0,0.5,2
605141,2026,823973,2026-03-28,0.7,4.0,0.175,3
605141,2026,823972,2026-03-30,1.25,4.0,0.3125,4
605141,2026,823969,2026-03-31,0.0,4.0,0.0,5
605141,2026,823970,2026-04-01,0.7,4.0,0.175,6
605141,2026,822758,2026-04-03,2.9,6.0,0.48333333333333334,7
605141,2026,822757,2026-04-04,0.7,1.0,0.7,8
605141,2026,823953,2026-05-11,0.9,5.0,0.18,9
605141,2026,823951,2026-05-12,0.0,4.0,0.0,10
605141,2026,823952,2026-05-13,2.0,4.0,0.5,11
605141,2026,824037,2026-05-15,0.0,5.0,0.0,12
605141,2026,824038,2026-05-16,3.6,5.0,0.72,13
605141,2026,823301,2026-05-18,0.9,4.0,0.225,14
605141,2026,823302,2026-05-19,0.0,4.0,0.0,15
605141,2026,823299,2026-05-20,2.85,5.0,0.5700000000000001,16
605141,2026,823788,2026-05-22,0.7,4.0,0.175,17
605141,2026,823787,2026-05-23,0.0,6.0,0.0,18
605141,2026,823786,2026-05-24,0.9,5.0,0.18,19
605141,2026,823948,2026-05-25,0.0,4.0,0.0,20
605141,2026,823949,2026-05-26,4.9,5.0,0.9800000000000001,21
605141,2026,823947,2026-05-27,0.0,4.0,0.0,22
605141,2026,823946,2026-05-29,0.0,3.0,0.0,23
605141,2026,823945,2026-05-30,3.05,4.0,0.7625,24
605141,2026,823944,2026-05-31,1.4,5.0,0.27999999999999997,25
605141,2026,825078,2026-06-01,0.9,4.0,0.225,26
605141,2026,825079,2026-06-02,1.6,5.0,0.32,27
605141,2026,825077,2026-06-03,0.9,5.0,0.18,28
605141,2026,825076,2026-06-04,0.0,4.0,0.0,29
605141,2026,823943,2026-06-05,0.7,3.0,0.2333333333333333,30
605141,2026,823942,2026-06-06,1.6,4.0,0.4,31
605141,2026,823374,2026-06-09,2.15,6.0,0.35833333333333334,32
605141,2026,823372,2026-06-10,0.9,4.0,0.225,33
605141,2026,823371,2026-06-11,1.6,6.0,0.26666666666666666,34
605141,2026,824588,2026-06-12,0.0,3.0,0.0,35
605141,2026,824587,2026-06-13,2.7,5.0,0.54,36
605141,2026,824586,2026-06-14,2.9,4.0,0.725,37
605141,2026,823938,2026-06-15,1.25,4.0,0.3125,38
605141,2026,823939,2026-06-16,0.0,3.0,0.0,39
605141,2026,823940,2026-06-17,1.6,5.0,0.32,40
605141,2026,823936,2026-06-19,4.15,5.0,0.8300000000000001,41
605141,2026,823937,2026-06-20,1.6,4.0,0.4,42
605141,2026,823934,2026-06-21,0.9,4.0,0.225,43
605141,2026,823692,2026-06-22,0.7,4.0,0.175,44
605141,2026,823690,2026-06-23,1.8,6.0,0.3,45
605141,2026,823691,2026-06-24,4.15,4.0,1.0375,46
605141,2026,823285,2026-06-26,2.0,3.0,0.6666666666666666,47
605141,2026,823283,2026-06-27,2.0,5.0,0.4,48
605141,2026,823281,2026-06-28,1.8,4.0,0.45,49
605141,2026,824986,2026-06-29,0.9,5.0,0.18,50
605141,2026,824984,2026-06-30,3.05,5.0,0.61,51
605141,2026,823935,2026-07-02,2.15,5.0,0.43,52
605141,2026,823933,2026-07-03,0.7,4.0,0.175,53
605141,2026,823932,2026-07-04,1.25,4.0,0.3125,54
605141,2026,823931,2026-07-05,0.7,4.0,0.175,55
605141,2026,823930,2026-07-06,0.9,5.0,0.18,56
605141,2026,823928,2026-07-08,1.6,4.0,0.4,57
605141,2026,823927,2026-07-10,0.9,3.0,0.3,58
605141,2026,823926,2026-07-11,0.9,3.0,0.3,59
605141,2026,823925,2026-07-12,0.0,4.0,0.0,60
605141,2026,823524,2026-07-17,0.7,4.0,0.175,61
605141,2026,823521,2026-07-19,0.0,4.0,0.0,62
605141,2026,823523,2026-07-19,0.7,4.0,0.175,63
605141,2026,823436,2026-07-20,6.7,5.0,1.34,64
605141,2026,823437,2026-07-21,0.0,3.0,0.0,65
605141,2026,823438,2026-07-22,0.7,4.0,0.175,66
605141,2026,823601,2026-07-24,0.9,4.0,0.225,67
605141,2026,823600,2026-07-25,0.9,4.0,0.225,68
605141,2026,823599,2026-07-26,0.0,4.0,0.0,69
605141,2026,823923,2026-07-28,0.9,5.0,0.18,70
605141,2026,823924,2026-07-29,0.9,4.0,0.225,71
605141,2026,823921,2026-07-30,2.15,4.0,0.5375,72
605141,2026,823922,2026-07-31,0.9,4.0,0.225,73
605141,2026,823920,2026-08-01,0.0,1.0,0.0,74
605141,2026,823919,2026-08-02,0.0,4.0,0.0,75
605141,2026,824647,2026-08-03,0.0,4.0,0.0,76
605141,2026,824645,2026-08-04,0.0,3.0,0.0,77
605141,2026,824646,2026-08-05,3.6,5.0,0.72,78
605141,2026,825051,2026-08-07,0.9,4.0,0.225,79
605141,2026,825049,2026-08-08,0.7,4.0,0.175,80
605141,2026,825050,2026-08-09,0.7,4.0,0.175,81
605141,2026,823918,2026-08-10,1.25,4.0,0.3125,82
605141,2026,823917,2026-08-11,4.15,4.0,1.0375,83
605141,2026,823916,2026-08-12,3.6,4.0,0.9,84
605141,2026,823915,2026-08-13,0.0,1.0,0.0,85
605141,2026,823913,2026-08-14,0.9,4.0,0.225,86
605141,2026,823914,2026-08-15,0.0,4.0,0.0,87
605141,2026,823912,2026-08-16,0.9,4.0,0.225,88
605141,2026,824320,2026-08-17,1.25,5.0,0.25,89
605141,2026,824319,2026-08-18,0.0,5.0,0.0,90
605141,2026,824318,2026-08-19,3.8,5.0,0.76,91
605141,2026,823911,2026-08-21,1.6,4.0,0.4,92
605141,2026,823910,2026-08-22,0.7,4.0,0.175,93
605141,2026,823909,2026-08-23,0.9,4.0,0.225,94
605141,2026,824881,2026-08-25,0.9,5.0,0.18,95
605141,2026,824878,2026-08-26,2.3,5.0,0.45999999999999996,96
605141,2026,824879,2026-08-27,2.15,4.0,0.5375,97
605141,2026,824231,2026-08-28,1.6,5.0,0.32,98
605141,2026,824230,2026-08-29,0.9,4.0,0.225,99
605141,2026,824232,2026-08-30,1.25,5.0,0.25,100
605141,2026,823908,2026-09-01,3.9,5.0,0.78,101
605141,2026,823906,2026-09-02,3.25,6.0,0.5416666666666666,102
605141,2026,823907,2026-09-03,1.4,5.0,0.27999999999999997,103
605141,2026,823905,2026-09-04,1.8,4.0,0.45,104
605141,2026,823904,2026-09-05,1.8,4.0,0.45,105
605141,2026,823903,2026-09-06,2.0,5.0,0.4,106
605141,2026,823901,2026-09-08,1.4,4.0,0.35,107
605141,2026,823900,2026-09-09,3.8,5.0,0.76,108
605141,2026,823817,2026-09-11,0.7,5.0,0.13999999999999999,109
605141,2026,823819,2026-09-12,2.7,4.0,0.675,110
605141,2026,823815,2026-09-13,2.8499999999999996,5.0,0.57,111
605141,2026,824465,2026-09-14,0.0,4.0,0.0,112
605141,2026,824466,2026-09-15,0.0,4.0,0.0,113
605141,2026,824467,2026-09-16,3.4,5.0,0.6799999999999999,114
605141,2026,823898,2026-09-18,5.6,5.0,1.1199999999999999,115
605141,2026,823899,2026-09-19,5.35,5.0,1.0699999999999998,116
605141,2026,823896,2026-09-20,0.0,4.0,0.0,117
605141,2026,823897,2026-09-22,1.95,5.0,0.39,118
605141,2026,823894,2026-09-23,0.7,5.0,0.13999999999999999,119
605141,2026,823895,2026-09-24,3.75,5.0,0.75,120
605141,2026,823167,2026-09-25,0.7,4.0,0.175,121
605141,2026,823165,2026-09-26,2.0,5.0,0.4,122
605141,2026,823164,2026-09-27,0.0,2.0,0.0,123
624585,2026,824218,2026-03-26,0.9,5.0,0.18,1
624585,2026,824216,2026-03-27,0.7,5.0,0.13999999999999999,2
624585,2026,824213,2026-03-28,4.1,5.0,0.82,3
624585,2026,824215,2026-03-29,1.25,5.0,0.25,4
624585,2026,824702,2026-03-30,0.9,4.0,0.225,5
624585,2026,824699,2026-03-31,0.7,4.0,0.175,6
624585,2026,824698,2026-04-01,0.9,4.0,0.225,7
624585,2026,824056,2026-04-03,0.0,4.0,0.0,8
624585,2026,824054,2026-04-04,0.9,3.0,0.3,9
624585,2026,824053,2026-04-05,2.5,5.0,0.5,10
624585,2026,824052,2026-04-06,1.6,4.0,0.4,11
624585,2026,824051,2026-04-07,2.7,2.0,1.35,12
624585,2026,824050,2026-04-08,2.0,4.0,0.5,13
624585,2026,824534,2026-04-10,3.25,5.0,0.65,14
624585,2026,824535,2026-04-11,0.7,5.0,0.13999999999999999,15
624585,2026,824533,2026-04-12,0.7,5.0,0.13999999999999999,16
624585,2026,823563,2026-04-13,2.15,5.0,0.43,17
624585,2026,823562,2026-04-14,3.4000000000000004,5.0,0.68,18
624585,2026,824047,2026-04-19,0.9,4.0,0.225,19
624585,2026,824046,2026-04-20,0.9,4.0,0.225,20
624585,2026,824045,2026-04-21,0.7,4.0,0.175,21
624585,2026,824044,2026-04-22,0.7,4.0,0.175,22
624585,2026,824124,2026-04-24,1.6,4.0,0.4,23
624585,2026,824121,2026-04-25,1.25,3.0,0.4166666666666667,24
624585,2026,824122,2026-04-26,2.15,6.0,0.35833333333333334,25
624585,2026,824609,2026-04-27,2.0,5.0,0.4,26
624585,2026,824610,2026-04-28,1.6,4.0,0.4,27
624585,2026,824608,2026-04-29,0.9,4.0,0.225,28
624585,2026,824041,2026-05-01,2.0,4.0,0.5,29
624585,2026,824042,2026-05-02,2.3,5.0,0.45999999999999996,30
624585,2026,824043,2026-05-03,0.9,4.0,0.225,31
624585,2026,824039,2026-05-04,0.0,4.0,0.0,32
624585,2026,824040,2026-05-05,2.0,4.0,0.5,33
624585,2026,824036,2026-05-06,3.0,4.0,0.75,34
624585,2026,822822,2026-05-08,0.0,4.0,0.0,35
624585,2026,822820,2026-05-09,1.25,3.0,0.4166666666666667,36
624585,2026,822819,2026-05-10,0.0,4.0,0.0,37
624585,2026,824441,2026-05-11,1.6,5.0,0.32,38
624585,2026,824442,2026-05-12,1.25,4.0,0.3125,39
624585,2026,824438,2026-05-13,0.0,4.0,0.0,40
624585,2026,824037,2026-05-15,0.0,4.0,0.0,41
624585,2026,824038,2026-05-16,3.2,4.0,0.8,42
624585,2026,824034,2026-05-17,0.0,4.0,0.0,43
624585,2026,824035,2026-05-18,0.0,3.0,0.0,44
624585,2026,824033,2026-05-19,0.9,5.0,0.18,45
624585,2026,824032,2026-05-20,2.0,5.0,0.4,46
624585,2026,824031,2026-05-21,0.0,1.0,0.0,47
624585,2026,824029,2026-05-22,1.6,5.0,0.32,48
624585,2026,824030,2026-05-23,0.9,4.0,0.225,49
624585,2026,824028,2026-05-24,0.9,4.0,0.225,50
624585,2026,824275,2026-05-26,0.9,5.0,0.18,51
624585,2026,824270,2026-05-27,0.9,4.0,0.225,52
624585,2026,824272,2026-05-28,0.9,4.0,0.225,53
624585,2026,822975,2026-05-30,0.7,5.0,0.13999999999999999,54
624585,2026,822976,2026-05-31,0.9,4.0,0.225,55
624585,2026,824027,2026-06-01,4.3,5.0,0.86,56
624585,2026,824026,2026-06-02,1.25,4.0,0.3125,57
624585,2026,824024,2026-06-03,0.7,3.0,0.2333333333333333,58
624585,2026,824016,2026-06-22,2.0,4.0,0.5,59
624585,2026,824017,2026-06-23,0.7,4.0,0.175,60
624585,2026,824018,2026-06-24,3.4000000000000004,5.0,0.68,61
624585,2026,824014,2026-06-26,0.7,4.0,0.175,62
624585,2026,824015,2026-06-27,1.8,4.0,0.45,63
624585,2026,823121,2026-06-29,1.6,4.0,0.4,64
624585,2026,823122,2026-06-30,0.7,4.0,0.175,65
624585,2026,823119,2026-07-02,0.9,4.0,0.225,66
624585,2026,824013,2026-07-03,0.9,4.0,0.225,67
624585,2026,824012,2026-07-04,0.7,4.0,0.175,68
624585,2026,824010,2026-07-05,0.9,4.0,0.225,69
624585,2026,822881,2026-07-07,1.25,4.0,0.3125,70
624585,2026,822877,2026-07-09,0.9,5.0,0.18,71
624585,2026,823685,2026-07-10,1.25,4.0,0.3125,72
624585,2026,823682,2026-07-11,2.65,5.0,0.53,73
624585,2026,823681,2026-07-12,0.0,4.0,0.0,74
624585,2026,824009,2026-07-17,1.4,4.0,0.35,75
624585,2026,824008,2026-07-18,0.9,4.0,0.225,76
624585,2026,824007,2026-07-19,0.0,4.0,0.0,77
624585,2026,824006,2026-07-20,0.7,4.0,0.175,78
624585,2026,824005,2026-07-21,1.25,4.0,0.3125,79
624585,2026,823196,2026-07-24,0.9,5.0,0.18,80
624585,2026,823197,2026-07-25,0.0,5.0,0.0,81
624585,2026,823194,2026-07-26,2.0,4.0,0.5,82
624585,2026,824001,2026-07-27,1.4,5.0,0.27999999999999997,83
624585,2026,824003,2026-07-28,2.85,4.0,0.7125,84
624585,2026,823999,2026-07-31,0.0,4.0,0.0,85
624585,2026,824000,2026-08-01,1.25,4.0,0.3125,86
657041,2026,824946,2026-03-27,1.6,4.0,0.4,1
657041,2026,824945,2026-03-28,0.0,1.0,0.0,2
657041,2026,824944,2026-03-29,0.0,4.0,0.0,3
657041,2026,824135,2026-03-30,0.0,1.0,0.0,4
657041,2026,824133,2026-04-02,0.0,4.0,0.0,5
657041,2026,824132,2026-04-04,1.95,2.0,0.975,6
657041,2026,824131,2026-04-05,0.7,4.0,0.175,7
657041,2026,824455,2026-04-08,1.4,4.0,0.35,8
657041,2026,824130,2026-04-09,0.9,3.0,0.3,9
657041,2026,824129,2026-04-11,0.0,1.0,0.0,10
657041,2026,824292,2026-04-14,1.6,4.0,0.4,11
657041,2026,824291,2026-04-15,0.9,4.0,0.225,12
657041,2026,824289,2026-04-16,1.6,2.0,0.8,13
657041,2026,823559,2026-04-17,0.9,4.0,0.225,14
657041,2026,823558,2026-04-18,0.0,3.0,0.0,15
657041,2026,823556,2026-04-19,1.6,4.0,0.4,16
657041,2026,824125,2026-04-20,0.7,1.0,0.7,17
657041,2026,824123,2026-04-22,0.9,4.0,0.225,18
657041,2026,824124,2026-04-24,1.4,4.0,0.35,19
657041,2026,824122,2026-04-26,3.8,6.0,0.6333333333333333,20
657041,2026,825017,2026-04-28,1.6,3.0,0.5333333333333333,21
657041,2026,825015,2026-04-29,1.6,3.0,0.5333333333333333,22
657041,2026,825016,2026-04-30,0.7,4.0,0.175,23
657041,2026,823146,2026-05-01,0.9,1.0,0.9,24
657041,2026,824120,2026-05-04,0.7,4.0,0.175,25
657041,2026,824118,2026-05-06,0.7,3.0,0.2333333333333333,26
657041,2026,824117,2026-05-07,0.7,2.0,0.35,27
657041,2026,824116,2026-05-08,0.0,1.0,0.0,28
657041,2026,824115,2026-05-09,0.0,3.0,0.0,29
657041,2026,824113,2026-05-10,0.0,2.0,0.0,30
657041,2026,824603,2026-05-13,0.7,4.0,0.175,31
657041,2026,824602,2026-05-14,0.9,3.0,0.3,32
657041,2026,823061,2026-05-15,0.7,2.0,0.35,33
657041,2026,823058,2026-05-17,0.7,4.0,0.175,34
657041,2026,824112,2026-05-19,2.15,4.0,0.5375,35
657041,2026,824111,2026-05-20,0.0,1.0,0.0,36
657041,2026,824107,2026-05-25,0.7,2.0,0.35,37
657041,2026,824106,2026-05-26,2.8499999999999996,4.0,0.7124999999999999,38
657041,2026,824104,2026-05-27,0.0,3.0,0.0,39
657041,2026,822894,2026-05-29,0.0,4.0,0.0,40
657041,2026,822893,2026-05-30,0.0,2.0,0.0,41
657041,2026,822895,2026-05-31,0.9,2.0,0.45,42
657041,2026,824510,2026-06-01,4.15,5.0,0.8300000000000001,43
657041,2026,824511,2026-06-02,0.7,5.0,0.13999999999999999,44
657041,2026,824509,2026-06-03,0.7,2.0,0.35,45
657041,2026,823698,2026-06-04,0.9,1.0,0.9,46
657041,2026,823699,2026-06-05,0.0,1.0,0.0,47
657041,2026,823697,2026-06-06,1.6,3.0,0.5333333333333333,48
657041,2026,823696,2026-06-07,0.9,5.0,0.18,49
657041,2026,824103,2026-06-10,2.5,5.0,0.5,50
657041,2026,824101,2026-06-11,0.7,4.0,0.175,51
657041,2026,824102,2026-06-12,0.0,1.0,0.0,52
657041,2026,824100,2026-06-13,2.7,4.0,0.675,53
657041,2026,824099,2026-06-14,0.0,3.0,0.0,54
657041,2026,822724,2026-06-15,0.9,5.0,0.18,55
657041,2026,822723,2026-06-16,3.4,5.0,0.6799999999999999,56
657041,2026,822721,2026-06-17,2.7,5.0,0.54,57
657041,2026,824098,2026-06-18,2.15,5.0,0.43,58
657041,2026,824097,2026-06-19,1.25,4.0,0.3125,59
657041,2026,824095,2026-06-21,1.8,5.0,0.36,60
657041,2026,822964,2026-06-22,1.25,4.0,0.3125,61
657041,2026,822963,2026-06-23,0.0,5.0,0.0,62
657041,2026,822965,2026-06-24,0.0,1.0,0.0,63
657041,2026,822961,2026-06-25,0.0,3.0,0.0,64
657041,2026,824582,2026-06-26,0.7,4.0,0.175,65
657041,2026,824581,2026-06-27,0.0,4.0,0.0,66
657041,2026,824580,2026-06-28,1.8,5.0,0.36,67
657041,2026,824096,2026-06-30,1.25,4.0,0.3125,68
657041,2026,824094,2026-07-01,0.9,4.0,0.225,69
657041,2026,824093,2026-07-02,1.25,4.0,0.3125,70
657041,2026,824092,2026-07-04,1.25,4.0,0.3125,71
657041,2026,824091,2026-07-05,1.95,4.0,0.4875,72
657041,2026,824089,2026-07-06,3.6,4.0,0.9,73
657041,2026,823607,2026-07-07,4.8,6.0,0.7999999999999999,74
657041,2026,823605,2026-07-08,1.25,4.0,0.3125,75
657041,2026,823606,2026-07-09,2.0,4.0,0.5,76
657041,2026,824817,2026-07-10,0.0,4.0,0.0,77
657041,2026,824813,2026-07-11,0.0,4.0,0.0,78
657041,2026,824814,2026-07-12,3.05,4.0,0.7625,79
657041,2026,824090,2026-07-17,3.6,5.0,0.72,80
657041,2026,824088,2026-07-18,3.25,4.0,0.8125,81
657041,2026,824086,2026-07-19,0.7,4.0,0.175,82
657041,2026,824087,2026-07-20,1.8,4.0,0.45,83
657041,2026,824085,2026-07-21,0.0,4.0,0.0,84
657041,2026,824083,2026-07-22,0.9,4.0,0.225,85
657041,2026,824247,2026-07-23,0.7,5.0,0.13999999999999999,86
657041,2026,824248,2026-07-24,0.0,4.0,0.0,87
657041,2026,824244,2026-07-25,0.0,4.0,0.0,88
657041,2026,824246,2026-07-26,2.7,5.0,0.54,89
657041,2026,823676,2026-07-28,0.9,4.0,0.225,90
657041,2026,823677,2026-07-29,0.9,5.0,0.18,91
657041,2026,823674,2026-07-30,0.0,1.0,0.0,92
657041,2026,824325,2026-07-31,1.6,4.0,0.4,93
657041,2026,824326,2026-08-01,0.9,2.0,0.45,94
657041,2026,824888,2026-08-04,0.9,2.0,0.45,95
657041,2026,824889,2026-08-05,0.7,3.0,0.2333333333333333,96
657041,2026,824885,2026-08-06,1.25,3.0,0.4166666666666667,97
657041,2026,823515,2026-08-07,0.0,2.0,0.0,98
657041,2026,824886,2026-08-11,0.7,1.0,0.7,99
657041,2026,824883,2026-08-12,2.0,2.0,1.0,100
657041,2026,824884,2026-08-15,1.25,3.0,0.4166666666666667,101
657041,2026,823667,2026-08-18,0.0,2.0,0.0,102
657041,2026,823664,2026-08-19,0.9,2.0,0.45,103
657041,2026,824589,2026-08-20,0.7,4.0,0.175,104
657041,2026,823743,2026-08-22,0.0,1.0,0.0,105
657041,2026,823745,2026-08-23,1.8,3.0,0.6,106
657041,2026,824881,2026-08-25,0.0,2.0,0.0,107
657041,2026,824878,2026-08-26,1.25,3.0,0.4166666666666667,108
657041,2026,824879,2026-08-27,0.7,3.0,0.2333333333333333,109
657041,2026,824877,2026-08-28,0.0,2.0,0.0,110
657041,2026,824874,2026-08-29,0.0,2.0,0.0,111
657041,2026,823418,2026-09-04,0.7,3.0,0.2333333333333333,112
657041,2026,823415,2026-09-07,0.0,3.0,0.0,113
650402,2026,823325,2026-03-26,1.6,5.0,0.32,1
650402,2026,823324,2026-03-27,3.0,5.0,0.6,2
650402,2026,823323,2026-03-28,0.7,4.0,0.175,3
650402,2026,825108,2026-03-30,1.6,5.0,0.32,4
650402,2026,825107,2026-03-31,0.7,4.0,0.175,5
650402,2026,825106,2026-04-01,0.9,4.0,0.225,6
650402,2026,824299,2026-04-03,1.6,4.0,0.4,7
650402,2026,824295,2026-04-04,3.6,5.0,0.72,8
650402,2026,824296,2026-04-05,0.0,5.0,0.0,9
650402,2026,823728,2026-04-06,2.0999999999999996,5.0,0.41999999999999993,10
650402,2026,823727,2026-04-07,0.9,5.0,0.18,11
650402,2026,823726,2026-04-08,2.15,5.0,0.43,12
650402,2026,823724,2026-04-09,0.9,4.0,0.225,13
650402,2026,824297,2026-04-10,0.0,4.0,0.0,14
650402,2026,824293,2026-04-12,0.9,5.0,0.18,15
650402,2026,824292,2026-04-14,0.0,4.0,0.0,16
650402,2026,824291,2026-04-15,2.7,4.0,0.675,17
650402,2026,824289,2026-04-16,2.85,5.0,0.5700000000000001,18
650402,2026,824778,2026-04-17,0.7,4.0,0.175,19
650402,2026,824775,2026-04-18,0.9,5.0,0.18,20
650402,2026,824777,2026-04-19,1.6,5.0,0.32,21
650402,2026,824776,2026-04-20,1.6,5.0,0.32,22
650402,2026,824290,2026-04-21,2.3,4.0,0.575,23
650402,2026,824286,2026-04-22,1.6,4.0,0.4,24
650402,2026,824288,2026-04-23,0.0,4.0,0.0,25
650402,2026,824529,2026-04-24,2.0999999999999996,5.0,0.41999999999999993,26
650402,2026,824528,2026-04-26,4.7,5.0,0.9400000000000001,27
650402,2026,824931,2026-04-28,1.4,5.0,0.27999999999999997,28
650402,2026,824930,2026-04-29,0.7,4.0,0.175,29
650402,2026,824929,2026-04-30,2.7,5.0,0.54,30
650402,2026,824287,2026-05-01,0.7,5.0,0.13999999999999999,31
650402,2026,824284,2026-05-02,1.8,2.0,0.9,32
650402,2026,822971,2026-06-02,2.0,4.0,0.5,33
650402,2026,822973,2026-06-03,3.05,5.0,0.61,34
650402,2026,824271,2026-06-05,3.05,4.0,0.7625,35
650402,2026,824269,2026-06-06,0.0,4.0,0.0,36
650402,2026,824268,2026-06-07,0.0,4.0,0.0,37
650402,2026,824267,2026-06-09,1.6,5.0,0.32,38
650402,2026,824266,2026-06-10,3.75,5.0,0.75,39
650402,2026,824265,2026-06-11,2.0,4.0,0.5,40
650402,2026,824425,2026-06-12,0.7,4.0,0.175,41
650402,2026,824426,2026-06-13,2.85,5.0,0.5700000000000001,42
650402,2026,824181,2026-06-15,0.0,1.0,0.0,43
650402,2026,824654,2026-07-20,3.2,5.0,0.64,44
650402,2026,824652,2026-07-21,0.0,4.0,0.0,45
650402,2026,824247,2026-07-23,0.9,4.0,0.225,46
650402,2026,824248,2026-07-24,2.3,4.0,0.575,47
650402,2026,824244,2026-07-25,0.7,4.0,0.175,48
650402,2026,824246,2026-07-26,0.0,5.0,0.0,49
650402,2026,824245,2026-07-27,0.0,1.0,0.0,50
650402,2026,824243,2026-07-28,3.25,5.0,0.65,51
650402,2026,824242,2026-07-29,1.25,5.0,0.25,52
650402,2026,824975,2026-07-31,0.7,6.0,0.11666666666666665,53
650402,2026,824972,2026-08-01,2.9,5.0,0.58,54
650402,2026,824971,2026-08-02,3.6999999999999997,6.0,0.6166666666666666,55
650402,2026,823108,2026-08-04,2.0,5.0,0.4,56
650402,2026,823106,2026-08-05,1.6,4.0,0.4,57
650402,2026,823105,2026-08-06,0.9,4.0,0.225,58
650402,2026,823191,2026-08-07,0.9,5.0,0.18,59
650402,2026,823188,2026-08-08,0.7,5.0,0.13999999999999999,60
650402,2026,823190,2026-08-09,0.9,4.0,0.225,61
650402,2026,824240,2026-08-11,0.9,4.0,0.225,62
650402,2026,824241,2026-08-12,2.9,5.0,0.58,63
650402,2026,824238,2026-08-13,0.7,4.0,0.175,64
650402,2026,824237,2026-08-14,2.5,5.0,0.5,65
650402,2026,824239,2026-08-15,3.05,4.0,0.7625,66
650402,2026,824236,2026-08-16,2.15,5.0,0.43,67
650402,2026,823343,2026-08-17,2.3,6.0,0.3833333333333333,68
650402,2026,823341,2026-08-18,0.9,4.0,0.225,69
650402,2026,823342,2026-08-19,1.6,4.0,0.4,70
650402,2026,824072,2026-08-21,0.0,5.0,0.0,71
650402,2026,824073,2026-08-22,0.0,4.0,0.0,72
650402,2026,824071,2026-08-23,0.9,5.0,0.18,73
650402,2026,824233,2026-08-25,0.9,4.0,0.225,74
650402,2026,824234,2026-08-26,0.0,3.0,0.0,75
650402,2026,824231,2026-08-28,2.15,4.0,0.5375,76
650402,2026,824230,2026-08-29,1.25,4.0,0.3125,77
650402,2026,824232,2026-08-30,0.9,4.0,0.225,78
650402,2026,823663,2026-08-31,0.9,4.0,0.225,79
650402,2026,823661,2026-09-01,1.6,3.0,0.5333333333333333,80
650402,2026,824424,2026-09-04,1.8,5.0,0.36,81
650402,2026,824387,2026-09-04,2.5,5.0,0.5,82
650402,2026,824389,2026-09-05,1.8,5.0,0.36,83
650402,2026,824229,2026-09-07,0.9,4.0,0.225,84
650402,2026,824228,2026-09-08,1.6,4.0,0.4,85
650402,2026,824227,2026-09-11,0.7,4.0,0.175,86
650402,2026,824224,2026-09-12,1.25,3.0,0.4166666666666667,87
650402,2026,822765,2026-09-14,0.9,5.0,0.18,88
650402,2026,822762,2026-09-15,0.7,5.0,0.13999999999999999,89
650402,2026,822763,2026-09-16,0.9,2.0,0.45,90
650402,2026,824548,2026-09-17,1.6,5.0,0.32,91
650402,2026,824547,2026-09-18,1.6,5.0,0.32,92
650402,2026,824546,2026-09-20,0.7,5.0,0.13999999999999999,93
650402,2026,824221,2026-09-21,0.7,4.0,0.175,94
650402,2026,824222,2026-09-22,1.6,5.0,0.32,95
621020,2026,824704,2026-03-26,1.4,4.0,0.35,1
621020,2026,824701,2026-03-28,1.6,4.0,0.4,2
621020,2026,824700,2026-03-29,0.0,3.0,0.0,3
621020,2026,824702,2026-03-30,1.8,3.0,0.6,4
621020,2026,824699,2026-03-31,1.6,4.0,0.4,5
621020,2026,824698,2026-04-01,0.0,4.0,0.0,6
621020,2026,824458,2026-04-03,0.0,4.0,0.0,7
621020,2026,824459,2026-04-05,0.0,4.0,0.0,8
621020,2026,824460,2026-04-05,2.0,4.0,0.5,9
621020,2026,823002,2026-04-06,0.7,4.0,0.175,10
621020,2026,822999,2026-04-07,2.15,5.0,0.43,11
621020,2026,823000,2026-04-08,0.7,4.0,0.175,12
621020,2026,824695,2026-04-10,0.7,4.0,0.175,13
621020,2026,824697,2026-04-11,1.6,5.0,0.32,14
621020,2026,824696,2026-04-12,3.4,4.0,0.85,15
621020,2026,823481,2026-04-13,2.7,4.0,0.675,16
621020,2026,823478,2026-04-14,2.3,5.0,0.45999999999999996,17
621020,2026,823477,2026-04-15,3.8,5.0,0.76,18
621020,2026,824693,2026-04-17,1.6,4.0,0.4,19
621020,2026,824694,2026-04-18,0.0,3.0,0.0,20
621020,2026,824691,2026-04-19,0.0,4.0,0.0,21
621020,2026,824692,2026-04-20,2.0,4.0,0.5,22
621020,2026,824690,2026-04-21,2.0999999999999996,5.0,0.41999999999999993,23
621020,2026,824688,2026-04-22,0.7,4.0,0.175,24
621020,2026,824689,2026-04-23,1.8,6.0,0.3,25
621020,2026,823962,2026-04-24,4.3,4.0,1.075,26
621020,2026,823960,2026-04-25,0.0,4.0,0.0,27
621020,2026,823959,2026-04-26,0.0,4.0,0.0,28
621020,2026,823311,2026-04-27,2.5,4.0,0.625,29
621020,2026,823310,2026-04-28,1.25,1.0,1.25,30
621020,2026,824686,2026-05-01,0.9,4.0,0.225,31
621020,2026,824685,2026-05-02,0.0,2.0,0.0,32
621020,2026,824687,2026-05-03,0.7,4.0,0.175,33
621020,2026,824684,2026-05-04,0.0,4.0,0.0,34
621020,2026,824682,2026-05-05,0.9,5.0,0.18,35
621020,2026,824683,2026-05-06,0.9,4.0,0.225,36
621020,2026,824681,2026-05-07,0.7,3.0,0.2333333333333333,37
621020,2026,822904,2026-05-08,0.9,4.0,0.225,38
621020,2026,822905,2026-05-09,1.25,3.0,0.4166666666666667,39
621020,2026,822902,2026-05-10,0.0,3.0,0.0,40
621020,2026,824927,2026-05-12,0.0,3.0,0.0,41
621020,2026,824928,2026-05-13,0.7,3.0,0.2333333333333333,42
621020,2026,824926,2026-05-14,0.0,4.0,0.0,43
621020,2026,824601,2026-05-15,1.25,5.0,0.25,44
621020,2026,824599,2026-05-17,1.8,4.0,0.45,45
621020,2026,824680,2026-05-18,2.0,4.0,0.5,46
621020,2026,824677,2026-05-19,0.9,4.0,0.225,47
621020,2026,824678,2026-05-20,0.0,3.0,0.0,48
621020,2026,824679,2026-05-22,0.9,4.0,0.225,49
621020,2026,824674,2026-05-23,0.9,3.0,0.3,50
621020,2026,823380,2026-05-25,0.0,3.0,0.0,51
621020,2026,823379,2026-05-26,1.6,4.0,0.4,52
621020,2026,823376,2026-05-27,3.75,5.0,0.75,53
621020,2026,823378,2026-05-28,0.7,4.0,0.175,54
621020,2026,823055,2026-05-29,0.9,4.0,0.225,55
621020,2026,823054,2026-05-30,1.4,5.0,0.27999999999999997,56
621020,2026,823053,2026-05-31,0.7,3.0,0.2333333333333333,57
621020,2026,824675,2026-06-02,0.0,2.0,0.0,58
621020,2026,824671,2026-06-03,1.25,4.0,0.3125,59
621020,2026,824672,2026-06-04,0.9,4.0,0.225,60
621020,2026,824673,2026-06-05,0.0,4.0,0.0,61
621020,2026,824347,2026-06-09,1.25,4.0,0.3125,62
621020,2026,824348,2026-06-10,0.7,3.0,0.2333333333333333,63
621020,2026,824346,2026-06-11,0.7,4.0,0.175,64
621020,2026,823211,2026-06-12,0.9,3.0,0.3,65
621020,2026,823213,2026-06-13,0.7,5.0,0.13999999999999999,66
621020,2026,823212,2026-06-14,0.9,3.0,0.3,67
621020,2026,824666,2026-06-15,0.0,3.0,0.0,68
621020,2026,824667,2026-06-16,0.7,3.0,0.2333333333333333,69
621020,2026,824668,2026-06-17,2.0,4.0,0.5,70
621020,2026,824663,2026-06-19,3.2,6.0,0.5333333333333333,71
621020,2026,824665,2026-06-20,2.85,4.0,0.7125,72
621020,2026,823614,2026-06-23,3.25,4.0,0.8125,73
621020,2026,823613,2026-06-24,4.0,4.0,1.0,74
621020,2026,823611,2026-06-24,3.4000000000000004,5.0,0.68,75
621020,2026,823612,2026-06-25,0.9,4.0,0.225,76
621020,2026,823773,2026-06-26,0.0,4.0,0.0,77
621020,2026,823770,2026-06-27,0.0,4.0,0.0,78
621020,2026,823769,2026-06-28,0.0,4.0,0.0,79
621020,2026,824662,2026-06-29,2.15,4.0,0.5375,80
621020,2026,824661,2026-06-30,4.9,4.0,1.225,81
621020,2026,824660,2026-07-01,6.9,5.0,1.3800000000000001,82
621020,2026,824659,2026-07-03,0.0,2.0,0.0,83
621020,2026,824658,2026-07-04,0.0,3.0,0.0,84
621020,2026,824656,2026-07-05,1.8,4.0,0.45,85
621020,2026,824820,2026-07-07,1.8,4.0,0.45,86
621020,2026,824815,2026-07-08,0.9,4.0,0.225,87
621020,2026,824816,2026-07-09,0.9,4.0,0.225,88
621020,2026,824493,2026-07-10,0.9,3.0,0.3,89
621020,2026,824492,2026-07-11,0.0,4.0,0.0,90
621020,2026,824491,2026-07-12,1.25,4.0,0.3125,91
621020,2026,824655,2026-07-17,0.0,3.0,0.0,92
621020,2026,824657,2026-07-18,1.6,4.0,0.4,93
621020,2026,824653,2026-07-19,0.0,4.0,0.0,94
621020,2026,824654,2026-07-20,2.85,5.0,0.5700000000000001,95
621020,2026,824652,2026-07-21,2.5,4.0,0.625,96
621020,2026,824650,2026-07-22,0.0,3.0,0.0,97
621020,2026,823352,2026-07-24,0.9,4.0,0.225,98
621020,2026,823355,2026-07-25,2.85,5.0,0.5700000000000001,99
621020,2026,823354,2026-07-26,1.8,4.0,0.45,100
621020,2026,823025,2026-07-27,0.9,4.0,0.225,101
621020,2026,823022,2026-07-29,0.0,4.0,0.0,102
621020,2026,823023,2026-07-30,0.7,4.0,0.175,103
621020,2026,824651,2026-07-31,0.0,3.0,0.0,104
621020,2026,824649,2026-08-01,0.0,3.0,0.0,105
621020,2026,824648,2026-08-02,0.0,4.0,0.0,106
621020,2026,824647,2026-08-03,2.5,4.0,0.625,107
621020,2026,824645,2026-08-04,4.15,4.0,1.0375,108
621020,2026,824646,2026-08-05,2.15,4.0,0.5375,109
621020,2026,824664,2026-08-06,0.0,4.0,0.0,110
621020,2026,824081,2026-08-07,0.7,4.0,0.175,111
621020,2026,824079,2026-08-08,0.0,4.0,0.0,112
621020,2026,824078,2026-08-09,1.6,5.0,0.32,113
621020,2026,822697,2026-08-11,1.4,4.0,0.35,114
621020,2026,822698,2026-08-12,3.95,5.0,0.79,115
621020,2026,822696,2026-08-13,1.4,3.0,0.4666666666666666,116
621020,2026,824643,2026-08-14,0.9,3.0,0.3,117
621020,2026,824463,2026-09-18,1.6,4.0,0.4,118
621020,2026,824461,2026-09-19,2.9,4.0,0.725,119
621020,2026,824624,2026-09-22,0.0,5.0,0.0,120
621020,2026,824625,2026-09-23,1.6,4.0,0.4,121
621020,2026,824623,2026-09-24,0.0,3.0,0.0,122
621020,2026,824703,2026-09-25,0.0,4.0,0.0,123
621020,2026,824705,2026-09-27,0.7,4.0,0.175,124
667670,2026,822839,2026-03-27,0.0,4.0,0.0,1
667670,2026,822838,2026-03-28,1.8,5.0,0.36,2
667670,2026,822837,2026-03-29,0.0,4.0,0.0,3
667670,2026,824943,2026-03-30,1.8,4.0,0.45,4
667670,2026,824942,2026-03-31,0.9,4.0,0.225,5
667670,2026,824940,2026-04-01,0.0,3.0,0.0,6
667670,2026,825026,2026-04-03,1.4,5.0,0.27999999999999997,7
667670,2026,825027,2026-04-04,0.0,3.0,0.0,8
667670,2026,825025,2026-04-05,4.7,6.0,0.7833333333333333,9
667670,2026,823567,2026-04-07,0.7,4.0,0.175,10
667670,2026,823564,2026-04-08,1.6,5.0,0.32,11
667670,2026,822911,2026-04-26,0.7,5.0,0.13999999999999999,12
667670,2026,825017,2026-04-28,0.0,5.0,0.0,13
667670,2026,825015,2026-04-29,0.0,4.0,0.0,14
667670,2026,825012,2026-05-01,2.9,5.0,0.58,15
667670,2026,825014,2026-05-02,1.8,4.0,0.45,16
667670,2026,825013,2026-05-03,0.9,5.0,0.18,17
667670,2026,823469,2026-05-05,0.0,4.0,0.0,18
667670,2026,823470,2026-05-06,1.25,3.0,0.4166666666666667,19
667670,2026,823467,2026-05-07,3.6,5.0,0.72,20
667670,2026,824846,2026-05-08,0.9,4.0,0.225,21
667670,2026,824847,2026-05-09,2.9,4.0,0.725,22
667670,2026,824845,2026-05-10,0.7,4.0,0.175,23
667670,2026,825011,2026-05-12,1.4,4.0,0.35,24
667670,2026,825010,2026-05-13,0.9,4.0,0.225,25
667670,2026,825008,2026-05-14,1.95,5.0,0.39,26
667670,2026,825009,2026-05-15,0.9,4.0,0.225,27
667670,2026,825007,2026-05-16,2.9,3.0,0.9666666666666667,28
667670,2026,825006,2026-05-17,0.0,4.0,0.0,29
667670,2026,824035,2026-05-18,0.0,4.0,0.0,30
667670,2026,824033,2026-05-19,3.6,5.0,0.72,31
667670,2026,824032,2026-05-20,0.9,5.0,0.18,32
667670,2026,824031,2026-05-21,2.5,5.0,0.5,33
667670,2026,823298,2026-05-22,0.0,4.0,0.0,34
667670,2026,823300,2026-05-23,0.7,4.0,0.175,35
667670,2026,825005,2026-05-25,0.0,4.0,0.0,36
667670,2026,825004,2026-05-26,0.7,4.0,0.175,37
667670,2026,825002,2026-05-29,0.9,4.0,0.225,38
667670,2026,825000,2026-05-30,0.7,4.0,0.175,39
667670,2026,825001,2026-05-31,3.25,5.0,0.65,40
667670,2026,824675,2026-06-02,0.9,4.0,0.225,41
667670,2026,824671,2026-06-03,0.9,4.0,0.225,42
667670,2026,824672,2026-06-04,0.0,1.0,0.0,43
667670,2026,824186,2026-06-05,2.0,4.0,0.5,44
667670,2026,824184,2026-06-06,0.9,4.0,0.225,45
667670,2026,824183,2026-06-07,3.95,4.0,0.9875,46
667670,2026,824998,2026-06-08,0.7,6.0,0.11666666666666665,47
676694,2026,824218,2026-03-26,0.7,4.0,0.175,1
676694,2026,824213,2026-03-28,3.05,5.0,0.61,2
676694,2026,824214,2026-03-30,0.9,4.0,0.225,3
676694,2026,824212,2026-03-31,0.9,4.0,0.225,4
676694,2026,824211,2026-04-01,0.7,4.0,0.175,5
676694,2026,825026,2026-04-03,0.7,4.0,0.175,6
676694,2026,825027,2026-04-04,1.6,6.0,0.26666666666666666,7
676694,2026,825025,2026-04-05,3.6,5.0,0.72,8
676694,2026,824376,2026-04-06,2.15,4.0,0.5375,9
676694,2026,824375,2026-04-07,0.0,3.0,0.0,10
676694,2026,823704,2026-05-19,0.9,3.0,0.3,11
676694,2026,823703,2026-05-20,0.0,4.0,0.0,12
676694,2026,824679,2026-05-22,0.9,4.0,0.225,13
676694,2026,824676,2026-05-24,2.0,4.0,0.5,14
676694,2026,822899,2026-05-25,0.9,5.0,0.18,15
676694,2026,822898,2026-05-26,0.0,1.0,0.0,16
676694,2026,822897,2026-05-27,0.7,4.0,0.175,17
676694,2026,824191,2026-05-29,2.15,4.0,0.5375,18
676694,2026,824190,2026-05-30,1.8,4.0,0.45,19
676694,2026,824187,2026-05-31,0.9,3.0,0.3,20
676694,2026,824189,2026-06-02,1.25,4.0,0.3125,21
676694,2026,824188,2026-06-03,0.7,5.0,0.13999999999999999,22
676694,2026,824185,2026-06-04,0.0,1.0,0.0,23
676694,2026,824186,2026-06-05,0.9,3.0,0.3,24
676694,2026,824184,2026-06-06,0.9,4.0,0.225,25
676694,2026,824183,2026-06-07,0.7,4.0,0.175,26
676694,2026,824025,2026-06-08,0.7,3.0,0.2333333333333333,27
676694,2026,824023,2026-06-09,0.9,4.0,0.225,28
676694,2026,824022,2026-06-10,0.0,2.0,0.0,29
676694,2026,824102,2026-06-12,0.0,1.0,0.0,30
676694,2026,824100,2026-06-13,2.9,4.0,0.725,31
676694,2026,824099,2026-06-14,0.0,3.0,0.0,32
676694,2026,824181,2026-06-15,0.9,2.0,0.45,33
676694,2026,824178,2026-06-17,0.7,4.0,0.175,34
676694,2026,824179,2026-06-19,1.25,4.0,0.3125,35
676694,2026,824180,2026-06-20,0.0,3.0,0.0,36
676694,2026,822800,2026-06-22,0.0,3.0,0.0,37
676694,2026,824258,2026-06-25,0.0,1.0,0.0,38
676694,2026,824255,2026-06-26,0.0,1.0,0.0,39
676694,2026,824257,2026-06-27,2.5,5.0,0.5,40
676694,2026,824256,2026-06-28,2.15,4.0,0.5375,41
676694,2026,824174,2026-07-01,0.0,1.0,0.0,42
676694,2026,824173,2026-07-03,0.9,3.0,0.3,43
676694,2026,823266,2026-08-07,2.15,4.0,0.5375,44
676694,2026,823267,2026-08-08,0.0,1.0,0.0,45
663728,2026,823163,2026-03-26,0.7,4.0,0.175,1
663728,2026,823162,2026-03-27,0.0,4.0,0.0,2
663728,2026,823161,2026-03-28,1.6,5.0,0.32,3
663728,2026,823160,2026-03-29,1.95,5.0,0.39,4
663728,2026,823159,2026-03-30,0.9,2.0,0.45,5
663728,2026,823158,2026-03-31,0.0,4.0,0.0,6
663728,2026,823157,2026-04-01,0.9,4.0,0.225,7
663728,2026,824056,2026-04-03,0.7,5.0,0.13999999999999999,8
663728,2026,824054,2026-04-04,0.0,4.0,0.0,9
663728,2026,824053,2026-04-05,1.95,6.0,0.325,10
663728,2026,822918,2026-04-06,2.7,4.0,0.675,11
663728,2026,822916,2026-04-07,0.9,4.0,0.225,12
663728,2026,822915,2026-04-08,0.0,4.0,0.0,13
663728,2026,823156,2026-04-10,1.4,5.0,0.27999999999999997,14
663728,2026,823155,2026-04-11,2.0,4.0,0.5,15
663728,2026,823154,2026-04-12,0.0,5.0,0.0,16
663728,2026,823153,2026-04-13,1.8,5.0,0.36,17
663728,2026,823315,2026-04-14,0.0,4.0,0.0,18
663728,2026,823314,2026-04-15,1.95,5.0,0.39,19
663728,2026,823313,2026-04-16,1.8,4.0,0.45,20
663728,2026,823152,2026-04-17,0.7,4.0,0.175,21
663728,2026,823151,2026-04-18,0.7,5.0,0.13999999999999999,22
663728,2026,823150,2026-04-19,0.9,4.0,0.225,23
663728,2026,823149,2026-04-20,2.0,5.0,0.4,24
663728,2026,823148,2026-04-21,3.6,4.0,0.9,25
663728,2026,823147,2026-04-22,4.15,5.0,0.8300000000000001,26
663728,2026,823069,2026-04-24,0.7,4.0,0.175,27
663728,2026,823070,2026-04-25,2.5,6.0,0.4166666666666667,28
663728,2026,823068,2026-04-26,2.0,4.0,0.5,29
663728,2026,823719,2026-04-27,2.0,4.0,0.5,30
663728,2026,823716,2026-04-28,0.0,5.0,0.0,31
663728,2026,823717,2026-04-29,0.7,5.0,0.13999999999999999,32
663728,2026,823146,2026-05-01,0.7,5.0,0.13999999999999999,33
663728,2026,823142,2026-05-05,0.0,4.0,0.0,34
663728,2026,823141,2026-05-06,0.0,4.0,0.0,35
663728,2026,824607,2026-05-08,0.0,5.0,0.0,36
663728,2026,824606,2026-05-09,0.0,4.0,0.0,37
663728,2026,824605,2026-05-10,0.7,4.0,0.175,38
663728,2026,824199,2026-05-11,0.0,4.0,0.0,39
663728,2026,824197,2026-05-12,2.5,5.0,0.5,40
663728,2026,824195,2026-05-13,0.0,4.0,0.0,41
663728,2026,823128,2026-06-16,1.6,4.0,0.4,42
663728,2026,823127,2026-06-17,1.6,4.0,0.4,43
663728,2026,823125,2026-06-18,0.0,4.0,0.0,44
663728,2026,823124,2026-06-19,2.0999999999999996,4.0,0.5249999999999999,45
663728,2026,823126,2026-06-20,1.6,4.0,0.4,46
663728,2026,823123,2026-06-21,0.0,4.0,0.0,47
663728,2026,823365,2026-06-23,2.0,4.0,0.5,48
663728,2026,823367,2026-06-24,0.9,4.0,0.225,49
663728,2026,823366,2026-06-25,1.95,5.0,0.39,50
663728,2026,824423,2026-06-26,0.7,4.0,0.175,51
663728,2026,824421,2026-06-27,0.7,4.0,0.175,52
663728,2026,824422,2026-06-28,2.3,5.0,0.45999999999999996,53
663728,2026,823121,2026-06-29,0.9,4.0,0.225,54
663728,2026,823122,2026-06-30,0.7,4.0,0.175,55
663728,2026,823119,2026-07-02,0.7,3.0,0.2333333333333333,56
663728,2026,823120,2026-07-03,0.0,4.0,0.0,57
663728,2026,823118,2026-07-04,2.0,4.0,0.5,58
663728,2026,823117,2026-07-05,0.9,4.0,0.225,59
663728,2026,823847,2026-07-07,2.5,5.0,0.5,60
663728,2026,823848,2026-07-08,0.9,4.0,0.225,61
663728,2026,823846,2026-07-09,0.7,4.0,0.175,62
663728,2026,822955,2026-07-10,0.0,4.0,0.0,63
663728,2026,822953,2026-07-11,2.3,4.0,0.575,64
663728,2026,822951,2026-07-12,1.6,5.0,0.32,65
663728,2026,823115,2026-07-17,0.7,4.0,0.175,66
663728,2026,823116,2026-07-18,0.7,4.0,0.175,67
663728,2026,823113,2026-07-19,0.0,4.0,0.0,68
663728,2026,823112,2026-07-20,2.0,5.0,0.4,69
663728,2026,823114,2026-07-21,1.4,4.0,0.35,70
663728,2026,823110,2026-07-22,0.9,4.0,0.225,71
663728,2026,822872,2026-07-24,0.9,4.0,0.225,72
663728,2026,822869,2026-07-25,0.0,3.0,0.0,73
663728,2026,822870,2026-07-26,1.6,4.0,0.4,74
663728,2026,823923,2026-07-28,2.0,4.0,0.5,75
663728,2026,823924,2026-07-29,0.7,4.0,0.175,76
663728,2026,823921,2026-07-30,0.7,4.0,0.175,77
663728,2026,823111,2026-07-31,1.95,4.0,0.4875,78
663728,2026,823109,2026-08-01,0.0,5.0,0.0,79
663728,2026,823107,2026-08-02,2.0,5.0,0.4,80
663728,2026,823108,2026-08-04,0.9,4.0,0.225,81
663728,2026,823106,2026-08-05,0.7,3.0,0.2333333333333333,82
663728,2026,823103,2026-08-07,0.7,3.0,0.2333333333333333,83
663728,2026,823102,2026-08-08,1.6,3.0,0.5333333333333333,84
663728,2026,823104,2026-08-09,0.0,4.0,0.0,85
663728,2026,823512,2026-08-11,0.0,4.0,0.0,86
663728,2026,823511,2026-08-12,2.3,4.0,0.575,87
663728,2026,823508,2026-08-13,0.0,4.0,0.0,88
663728,2026,824159,2026-08-14,1.4,4.0,0.35,89
663728,2026,824157,2026-08-15,0.0,5.0,0.0,90
663728,2026,824156,2026-08-16,2.7,4.0,0.675,91
663728,2026,823749,2026-08-18,1.4,3.0,0.4666666666666666,92
663728,2026,823748,2026-08-19,0.7,4.0,0.175,93
663728,2026,823747,2026-08-20,0.7,1.0,0.7,94
663728,2026,823101,2026-08-21,2.0,4.0,0.5,95
663728,2026,823100,2026-08-22,1.6,4.0,0.4,96
663728,2026,823099,2026-08-23,0.9,4.0,0.225,97
663728,2026,823097,2026-08-24,6.7,4.0,1.675,98
663728,2026,823098,2026-08-25,3.4000000000000004,4.0,0.8500000000000001,99
663728,2026,823096,2026-08-26,0.0,4.0,0.0,100
663728,2026,822769,2026-08-28,0.7,4.0,0.175,101
663728,2026,822770,2026-08-29,3.6,4.0,0.9,102
663728,2026,822766,2026-08-30,1.25,3.0,0.4166666666666667,103
663728,2026,824719,2026-08-31,2.0,5.0,0.4,104
663728,2026,824716,2026-09-01,1.25,5.0,0.25,105
663728,2026,823095,2026-09-03,1.6,5.0,0.32,106
663728,2026,823093,2026-09-04,3.95,4.0,0.9875,107
663728,2026,823094,2026-09-05,3.05,4.0,0.7625,108
663728,2026,823091,2026-09-06,1.6,4.0,0.4,109
663728,2026,823092,2026-09-08,1.25,4.0,0.3125,110
663728,2026,823090,2026-09-09,0.7,4.0,0.175,111
663728,2026,823088,2026-09-10,0.9,4.0,0.225,112
663728,2026,824954,2026-09-11,0.7,5.0,0.13999999999999999,113
663728,2026,824955,2026-09-12,1.4,6.0,0.2333333333333333,114
663728,2026,824952,2026-09-13,0.9,4.0,0.225,115
663728,2026,823981,2026-09-14,2.0,4.0,0.5,116
663728,2026,823980,2026-09-15,0.0,4.0,0.0,117
663728,2026,823979,2026-09-16,2.85,5.0,0.5700000000000001,118
663728,2026,824303,2026-09-18,0.0,4.0,0.0,119
663728,2026,824304,2026-09-19,3.25,4.0,0.8125,120
663728,2026,824300,2026-09-20,0.7,4.0,0.175,121
663728,2026,823089,2026-09-22,0.7,4.0,0.175,122
663728,2026,823086,2026-09-23,0.7,5.0,0.13999999999999999,123
663728,2026,823087,2026-09-24,1.4,4.0,0.35,124
663728,2026,823083,2026-09-26,0.0,4.0,0.0,125
663728,2026,823084,2026-09-27,2.7,5.0,0.54,126
665923,2026,823229,2026-04-25,0.0,2.0,0.0,1
665923,2026,823958,2026-04-29,2.9,4.0,0.725,2
665923,2026,823876,2026-05-02,1.25,4.0,0.3125,3
665923,2026,823875,2026-05-03,2.0,4.0,0.5,4
665923,2026,823874,2026-05-04,0.0,1.0,0.0,5
665923,2026,823870,2026-05-07,0.0,3.0,0.0,6
665923,2026,823871,2026-05-08,0.0,3.0,0.0,7
665923,2026,823869,2026-05-09,1.25,1.0,1.25,8
665923,2026,823709,2026-05-14,0.0,1.0,0.0,9
665923,2026,822983,2026-05-15,0.0,3.0,0.0,10
665923,2026,822981,2026-05-16,0.9,1.0,0.9,11
665923,2026,823867,2026-05-18,0.0,1.0,0.0,12
665923,2026,823865,2026-05-19,0.7,4.0,0.175,13
665923,2026,823866,2026-05-20,0.0,3.0,0.0,14
665923,2026,823864,2026-05-21,0.0,1.0,0.0,15
665923,2026,823863,2026-05-22,2.85,3.0,0.9500000000000001,16
665923,2026,822812,2026-05-25,0.0,4.0,0.0,17
665923,2026,822809,2026-05-27,0.0,1.0,0.0,18
665923,2026,823621,2026-05-31,1.4,4.0,0.35,19
665923,2026,822730,2026-06-01,0.0,1.0,0.0,20
665923,2026,822727,2026-06-03,2.0,2.0,1.0,21
665923,2026,823860,2026-06-05,0.9,3.0,0.3,22
665923,2026,823859,2026-06-06,2.8,4.0,0.7,23
665923,2026,823857,2026-06-07,0.7,2.0,0.35,24
665923,2026,823858,2026-06-09,1.25,1.0,1.25,25
665923,2026,823855,2026-06-11,0.0,3.0,0.0,26
665923,2026,823369,2026-06-13,0.9,1.0,0.9,27
665923,2026,823368,2026-06-14,1.95,2.0,0.975,28
665923,2026,823452,2026-06-15,0.0,2.0,0.0,29
665923,2026,823451,2026-06-16,2.9,4.0,0.725,30
665923,2026,823450,2026-06-17,3.4,5.0,0.6799999999999999,31
665923,2026,823853,2026-06-19,1.4,2.0,0.7,32
665923,2026,823854,2026-06-20,1.4,4.0,0.35,33
665923,2026,823852,2026-06-21,0.9,3.0,0.3,34
665923,2026,823850,2026-06-24,0.0,1.0,0.0,35
665923,2026,823039,2026-06-26,2.5,4.0,0.625,36
665923,2026,823038,2026-06-27,0.0,1.0,0.0,37
665923,2026,823037,2026-06-28,0.0,1.0,0.0,38
665923,2026,824339,2026-06-29,0.0,3.0,0.0,39
665923,2026,824337,2026-07-01,0.0,4.0,0.0,40
665923,2026,824983,2026-07-04,0.0,1.0,0.0,41
665923,2026,824980,2026-07-05,2.65,5.0,0.53,42
665923,2026,823847,2026-07-07,1.4,2.0,0.7,43
665923,2026,823846,2026-07-09,0.9,4.0,0.225,44
665923,2026,823845,2026-07-10,2.0999999999999996,3.0,0.6999999999999998,45
665923,2026,823842,2026-07-12,0.0,2.0,0.0,46
665923,2026,823763,2026-07-18,0.9,2.0,0.45,47
665923,2026,823764,2026-07-19,2.0,3.0,0.6666666666666666,48
665923,2026,824167,2026-07-20,0.0,1.0,0.0,49
665923,2026,824165,2026-07-21,0.0,1.0,0.0,50
665923,2026,824166,2026-07-22,0.9,4.0,0.225,51
665923,2026,823843,2026-07-24,0.0,1.0,0.0,52
665923,2026,823841,2026-07-25,2.5,3.0,0.8333333333333334,53
665923,2026,823840,2026-07-26,0.2,2.0,0.1,54
665923,2026,823838,2026-07-28,0.0,2.0,0.0,55
665923,2026,823837,2026-07-29,2.15,4.0,0.5375,56
665923,2026,823594,2026-08-01,2.5,4.0,0.625,57
665923,2026,823592,2026-08-02,0.7,3.0,0.2333333333333333,58
665923,2026,824885,2026-08-06,0.0,1.0,0.0,59
665923,2026,823836,2026-08-07,2.65,4.0,0.6625,60
665923,2026,823832,2026-08-11,2.7,3.0,0.9,61
665923,2026,823829,2026-08-13,0.0,3.0,0.0,62
665923,2026,824479,2026-08-14,0.0,1.0,0.0,63
665923,2026,824480,2026-08-15,1.4,5.0,0.27999999999999997,64
665923,2026,824477,2026-08-16,1.8,5.0,0.36,65
665923,2026,823427,2026-08-17,1.8,3.0,0.6,66
665923,2026,823423,2026-08-18,0.0,1.0,0.0,67
665923,2026,823424,2026-08-19,0.0,4.0,0.0,68
665923,2026,823830,2026-08-21,0.9,2.0,0.45,69
665923,2026,823831,2026-08-22,0.7,3.0,0.2333333333333333,70
665923,2026,823827,2026-08-23,0.0,4.0,0.0,71
665923,2026,823828,2026-08-24,0.7,2.0,0.35,72
665923,2026,823826,2026-08-25,0.7,2.0,0.35,73
665923,2026,822691,2026-08-28,0.7,4.0,0.175,74
665923,2026,822688,2026-08-30,1.6,4.0,0.4,75
665923,2026,822689,2026-08-31,0.9,4.0,0.225,76
665923,2026,824068,2026-09-02,0.0,2.0,0.0,77
665923,2026,823824,2026-09-04,0.0,4.0,0.0,78
665923,2026,823823,2026-09-05,1.25,1.0,1.25,79
665923,2026,823821,2026-09-08,0.0,2.0,0.0,80
665923,2026,823817,2026-09-11,0.0,4.0,0.0,81
665923,2026,823819,2026-09-12,0.0,3.0,0.0,82
665923,2026,823815,2026-09-13,0.9,3.0,0.3,83
665923,2026,825034,2026-09-14,0.0,1.0,0.0,84
665923,2026,825030,2026-09-15,2.15,3.0,0.7166666666666667,85
665923,2026,825031,2026-09-16,0.7,4.0,0.175,86
665923,2026,823249,2026-09-19,1.8,4.0,0.45,87
665923,2026,823247,2026-09-20,0.0,1.0,0.0,88
665923,2026,824624,2026-09-22,0.0,6.0,0.0,89
665923,2026,824625,2026-09-23,0.9,1.0,0.9,90
665923,2026,824623,2026-09-24,1.6,3.0,0.5333333333333333,91
665923,2026,823813,2026-09-26,0.7,4.0,0.175,92
665923,2026,823814,2026-09-27,1.6,4.0,0.4,93
666624,2026,823956,2026-04-28,0.7,4.0,0.175,1
666624,2026,823877,2026-05-01,1.6,4.0,0.4,2
666624,2026,823876,2026-05-02,0.0,1.0,0.0,3
666624,2026,823875,2026-05-03,1.8,4.0,0.45,4
666624,2026,823874,2026-05-04,0.9,3.0,0.3,5
666624,2026,823872,2026-05-06,0.7,4.0,0.175,6
666624,2026,823870,2026-05-07,0.0,4.0,0.0,7
666624,2026,823871,2026-05-08,0.0,3.0,0.0,8
666624,2026,823868,2026-05-10,0.9,4.0,0.225,9
666624,2026,823712,2026-05-12,0.0,3.0,0.0,10
666624,2026,823709,2026-05-14,1.25,4.0,0.3125,11
666624,2026,822983,2026-05-15,0.0,4.0,0.0,12
666624,2026,822982,2026-05-17,0.0,2.0,0.0,13
666624,2026,823867,2026-05-18,0.0,1.0,0.0,14
666624,2026,823865,2026-05-19,1.25,4.0,0.3125,15
666624,2026,823866,2026-05-20,0.0,3.0,0.0,16
666624,2026,823864,2026-05-21,1.6,4.0,0.4,17
666624,2026,823861,2026-05-24,1.25,4.0,0.3125,18
666624,2026,822809,2026-05-27,0.9,3.0,0.3,19
666624,2026,823622,2026-05-30,0.7,4.0,0.175,20
666624,2026,822727,2026-06-03,0.9,2.0,0.45,21
666624,2026,823856,2026-06-10,0.0,4.0,0.0,22
666624,2026,823586,2026-08-18,1.6,4.0,0.4,23
666624,2026,824558,2026-08-23,0.0,1.0,0.0,24
666624,2026,823585,2026-08-25,0.9,2.0,0.45,25
666624,2026,823584,2026-08-26,0.0,2.0,0.0,26
666624,2026,823581,2026-08-27,1.6,3.0,0.5333333333333333,27
666624,2026,823580,2026-08-30,0.0,1.0,0.0,28
666624,2026,822932,2026-08-31,0.9,3.0,0.3,29
666624,2026,823579,2026-09-04,0.0,2.0,0.0,30
666624,2026,823818,2026-09-09,4.15,4.0,1.0375,31
666624,2026,823498,2026-09-11,0.0,2.0,0.0,32
666624,2026,823574,2026-09-15,0.0,3.0,0.0,33
666624,2026,823570,2026-09-20,0.0,1.0,0.0,34
666624,2026,822681,2026-09-25,0.0,4.0,0.0,35
669392,2026,823456,2026-06-03,0.0,2.0,0.0,1
669392,2026,823291,2026-06-07,2.3,4.0,0.575,2
669392,2026,823289,2026-06-08,1.8,3.0,0.6,3
669392,2026,823290,2026-06-09,2.85,5.0,0.5700000000000001,4
669392,2026,823287,2026-06-10,0.9,4.0,0.225,5
669392,2026,824826,2026-06-12,0.9,4.0,0.225,6
669392,2026,824828,2026-06-13,3.8,5.0,0.76,7
669392,2026,824823,2026-06-14,0.9,4.0,0.225,8
669392,2026,823045,2026-06-16,0.9,3.0,0.3,9
669392,2026,823044,2026-06-17,1.6,5.0,0.32,10
669392,2026,822886,2026-06-19,2.7,5.0,0.54,11
669392,2026,822885,2026-06-20,2.5,4.0,0.625,12
669392,2026,822883,2026-06-21,0.9,4.0,0.225,13
669392,2026,823288,2026-06-22,0.0,3.0,0.0,14
669392,2026,823286,2026-06-23,3.4,5.0,0.6799999999999999,15
669392,2026,823284,2026-06-24,1.8,4.0,0.45,16
669392,2026,823285,2026-06-26,1.4,5.0,0.27999999999999997,17
669392,2026,823283,2026-06-27,1.4,5.0,0.27999999999999997,18
669392,2026,823281,2026-06-28,0.0,4.0,0.0,19
669392,2026,824662,2026-06-29,0.9,4.0,0.225,20
669392,2026,824661,2026-06-30,2.5,5.0,0.5,21
669392,2026,824660,2026-07-01,1.6,2.0,0.8,22
669392,2026,823935,2026-07-02,1.6,4.0,0.4,23
669392,2026,823933,2026-07-03,0.0,1.0,0.0,24
669392,2026,823282,2026-07-06,0.9,4.0,0.225,25
669392,2026,823280,2026-07-07,0.9,2.0,0.45,26
669392,2026,822933,2026-08-30,1.1,1.0,1.1,27
669392,2026,824472,2026-09-01,3.2,5.0,0.64,28
669392,2026,824470,2026-09-02,0.7,4.0,0.175,29
669392,2026,823256,2026-09-04,0.0,4.0,0.0,30
669392,2026,823257,2026-09-05,0.0,4.0,0.0,31
669392,2026,823250,2026-09-08,0.0,1.0,0.0,32
669392,2026,823251,2026-09-09,2.15,4.0,0.5375,33
669392,2026,823173,2026-09-11,0.9,4.0,0.225,34
669392,2026,823170,2026-09-12,1.6,4.0,0.4,35
669392,2026,823171,2026-09-13,0.9,3.0,0.3,36
669392,2026,824307,2026-09-15,0.0,2.0,0.0,37
669392,2026,824306,2026-09-16,1.8,4.0,0.45,38
669392,2026,824305,2026-09-17,2.85,5.0,0.5700000000000001,39
669392,2026,823252,2026-09-18,2.5,4.0,0.625,40
669392,2026,823249,2026-09-19,2.7,4.0,0.675,41
669392,2026,823247,2026-09-20,3.05,3.0,1.0166666666666666,42
669392,2026,823897,2026-09-22,0.0,1.0,0.0,43
669392,2026,823894,2026-09-23,0.7,4.0,0.175,44
669392,2026,823895,2026-09-24,0.0,4.0,0.0,45
669392,2026,823248,2026-09-25,0.0,4.0,0.0,46
669392,2026,823246,2026-09-27,0.9,3.0,0.3,47
670764,2026,823002,2026-04-06,1.25,3.0,0.4166666666666667,1
670764,2026,822999,2026-04-07,0.0,4.0,0.0,2
670764,2026,823000,2026-04-08,0.0,3.0,0.0,3
670764,2026,822997,2026-04-10,2.5,3.0,0.8333333333333334,4
670764,2026,822996,2026-04-11,1.8,3.0,0.6,5
670764,2026,822998,2026-04-12,2.7,3.0,0.9,6
670764,2026,824616,2026-04-14,1.6,4.0,0.4,7
670764,2026,824615,2026-04-15,0.9,4.0,0.225,8
670764,2026,824614,2026-04-16,1.6,5.0,0.32,9
670764,2026,823394,2026-04-18,0.0,6.0,0.0,10
670764,2026,823393,2026-04-19,0.0,3.0,0.0,11
670764,2026,822994,2026-04-20,0.7,4.0,0.175,12
670764,2026,822995,2026-04-21,0.0,4.0,0.0,13
670764,2026,822993,2026-04-22,0.9,3.0,0.3,14
670764,2026,822992,2026-04-24,0.2,2.0,0.1,15
670764,2026,822991,2026-04-26,1.95,3.0,0.65,16
670764,2026,824446,2026-04-27,0.7,4.0,0.175,17
670764,2026,824447,2026-04-28,2.0999999999999996,4.0,0.5249999999999999,18
670764,2026,824445,2026-04-29,0.0,2.0,0.0,19
670764,2026,822990,2026-05-01,2.15,3.0,0.7166666666666667,20
670764,2026,822988,2026-05-02,0.7,3.0,0.2333333333333333,21
670764,2026,822987,2026-05-03,0.0,4.0,0.0,22
670764,2026,822984,2026-05-04,0.9,3.0,0.3,23
670764,2026,822985,2026-05-06,1.6,3.0,0.5333333333333333,24
670764,2026,824767,2026-05-07,0.7,4.0,0.175,25
670764,2026,824768,2026-05-08,0.9,3.0,0.3,26
670764,2026,824765,2026-05-10,0.2,2.0,0.1,27
670764,2026,822818,2026-05-11,1.6,4.0,0.4,28
670764,2026,822817,2026-05-12,2.3,5.0,0.45999999999999996,29
670764,2026,822815,2026-05-13,0.9,4.0,0.225,30
670764,2026,822983,2026-05-15,2.15,3.0,0.7166666666666667,31
670764,2026,822981,2026-05-16,1.8,4.0,0.45,32
670764,2026,822982,2026-05-17,2.3,4.0,0.575,33
670764,2026,822980,2026-05-18,3.2,5.0,0.64,34
670764,2026,822979,2026-05-19,0.0,3.0,0.0,35
670764,2026,822977,2026-05-20,0.7,3.0,0.2333333333333333,36
670764,2026,823546,2026-05-22,0.7,4.0,0.175,37
670764,2026,823544,2026-05-24,0.0,4.0,0.0,38
670764,2026,824838,2026-05-25,0.9,6.0,0.15,39
670764,2026,822975,2026-05-30,0.7,4.0,0.175,40
670764,2026,822976,2026-05-31,2.5,4.0,0.625,41
670764,2026,823860,2026-06-05,0.9,4.0,0.225,42
670764,2026,823859,2026-06-06,0.9,4.0,0.225,43
670764,2026,823857,2026-06-07,0.7,3.0,0.2333333333333333,44
670764,2026,822972,2026-06-08,0.7,4.0,0.175,45
670764,2026,822970,2026-06-10,1.8,4.0,0.45,46
670764,2026,824020,2026-06-12,1.6,3.0,0.5333333333333333,47
670764,2026,824019,2026-06-13,1.6,3.0,0.5333333333333333,48
670764,2026,823938,2026-06-15,0.2,3.0,0.06666666666666667,49
670764,2026,823939,2026-06-16,0.9,3.0,0.3,50
670764,2026,823940,2026-06-17,0.0,4.0,0.0,51
670764,2026,822966,2026-06-19,0.9,3.0,0.3,52
670764,2026,822967,2026-06-20,2.65,4.0,0.6625,53
670764,2026,822968,2026-06-21,1.25,4.0,0.3125,54
670764,2026,822963,2026-06-23,1.6,4.0,0.4,55
670764,2026,822965,2026-06-24,1.25,4.0,0.3125,56
670764,2026,822961,2026-06-25,1.6,4.0,0.4,57
670764,2026,822962,2026-06-26,0.0,3.0,0.0,58
670764,2026,822960,2026-06-27,0.9,3.0,0.3,59
670764,2026,822959,2026-06-28,0.9,3.0,0.3,60
670764,2026,824096,2026-06-30,1.4,5.0,0.27999999999999997,61
670764,2026,824094,2026-07-01,3.05,4.0,0.7625,62
670764,2026,824093,2026-07-02,1.95,4.0,0.4875,63
670764,2026,824173,2026-07-03,0.0,3.0,0.0,64
670764,2026,824171,2026-07-04,1.6,5.0,0.32,65
670764,2026,822958,2026-07-06,0.0,3.0,0.0,66
670764,2026,822956,2026-07-07,0.9,4.0,0.225,67
670764,2026,822957,2026-07-08,0.7,3.0,0.2333333333333333,68
670764,2026,822954,2026-07-09,0.0,4.0,0.0,69
670764,2026,822955,2026-07-10,0.0,4.0,0.0,70
670764,2026,822951,2026-07-12,0.0,4.0,0.0,71
670764,2026,824766,2026-07-17,1.25,3.0,0.4166666666666667,72
670764,2026,824737,2026-07-17,1.8,3.0,0.6,73
670764,2026,824739,2026-07-19,1.6,4.0,0.4,74
670764,2026,822788,2026-07-20,2.35,3.0,0.7833333333333333,75
670764,2026,822787,2026-07-21,0.0,5.0,0.0,76
670764,2026,822784,2026-07-22,2.15,4.0,0.5375,77
670764,2026,822950,2026-07-26,0.0,1.0,0.0,78
670764,2026,822949,2026-07-28,0.0,2.0,0.0,79
670764,2026,822947,2026-07-29,0.0,3.0,0.0,80
670764,2026,822946,2026-07-30,0.7,3.0,0.2333333333333333,81
670764,2026,822945,2026-07-31,0.0,3.0,0.0,82
670764,2026,822944,2026-08-01,0.0,3.0,0.0,83
670764,2026,824324,2026-08-03,1.8,5.0,0.36,84
670764,2026,824321,2026-08-04,1.8,4.0,0.45,85
670764,2026,824322,2026-08-05,0.7,4.0,0.175,86
670764,2026,823103,2026-08-07,0.7,4.0,0.175,87
670764,2026,823102,2026-08-08,0.0,1.0,0.0,88
670764,2026,823104,2026-08-09,0.9,4.0,0.225,89
670764,2026,824969,2026-08-10,0.9,4.0,0.225,90
670764,2026,824970,2026-08-11,4.0,4.0,1.0,91
670764,2026,824967,2026-08-12,1.1,3.0,0.3666666666666667,92
670764,2026,822942,2026-08-14,1.6,4.0,0.4,93
670764,2026,822941,2026-08-15,0.9,3.0,0.3,94
670764,2026,822940,2026-08-16,0.9,4.0,0.225,95
670764,2026,822939,2026-08-17,0.9,2.0,0.45,96
670764,2026,822938,2026-08-18,0.9,4.0,0.225,97
670764,2026,822937,2026-08-19,1.8,2.0,0.9,98
670764,2026,824800,2026-08-21,0.0,3.0,0.0,99
670764,2026,824798,2026-08-22,0.7,4.0,0.175,100
670764,2026,824799,2026-08-23,0.7,4.0,0.175,101
670764,2026,824235,2026-08-24,0.0,4.0,0.0,102
670764,2026,824233,2026-08-25,0.7,3.0,0.2333333333333333,103
670764,2026,822935,2026-08-28,1.8,4.0,0.45,104
670764,2026,822936,2026-08-29,1.8,4.0,0.45,105
670764,2026,822933,2026-08-30,0.7,4.0,0.175,106
670764,2026,822932,2026-08-31,0.9,4.0,0.225,107
670764,2026,822929,2026-09-01,1.25,3.0,0.4166666666666667,108
670764,2026,822931,2026-09-02,1.95,4.0,0.4875,109
670764,2026,822852,2026-09-04,0.0,4.0,0.0,110
670764,2026,822850,2026-09-05,0.8999999999999999,3.0,0.3,111
670764,2026,822924,2026-09-17,1.6,4.0,0.4,112
670764,2026,822923,2026-09-18,0.7,2.0,0.35,113
670764,2026,822921,2026-09-19,0.0,1.0,0.0,114
670764,2026,822922,2026-09-20,0.0,3.0,0.0,115
670764,2026,823494,2026-09-22,1.8,3.0,0.6,116
670764,2026,823493,2026-09-24,1.95,4.0,0.4875,117
670764,2026,823407,2026-09-26,1.25,5.0,0.25,118
672515,2026,823974,2026-03-26,0.0,4.0,0.0,1
672515,2026,823971,2026-03-27,1.8,4.0,0.45,2
672515,2026,825108,2026-03-30,2.85,5.0,0.5700000000000001,3
672515,2026,825107,2026-03-31,1.25,4.0,0.3125,4
672515,2026,825106,2026-04-01,0.0,3.0,0.0,5
672515,2026,825105,2026-04-02,0.7,4.0,0.175,6
672515,2026,825103,2026-04-03,0.0,4.0,0.0,7
672515,2026,825104,2026-04-04,1.8,3.0,0.6,8
672515,2026,825102,2026-04-05,0.0,1.0,0.0,9
672515,2026,823648,2026-04-07,3.55,5.0,0.71,10
672515,2026,823646,2026-04-08,0.0,5.0,0.0,11
672515,2026,823645,2026-04-09,2.5,2.0,1.25,12
672515,2026,823482,2026-04-10,0.0,1.0,0.0,13
672515,2026,824686,2026-05-01,0.0,5.0,0.0,14
672515,2026,824687,2026-05-03,2.0,4.0,0.5,15
672515,2026,825092,2026-05-05,2.15,4.0,0.5375,16
672515,2026,825091,2026-05-06,0.0,3.0,0.0,17
672515,2026,825090,2026-05-07,0.0,1.0,0.0,18
672515,2026,825088,2026-05-08,1.4,4.0,0.35,19
672515,2026,825089,2026-05-09,0.0,3.0,0.0,20
672515,2026,822901,2026-05-11,0.0,4.0,0.0,21
672515,2026,822903,2026-05-12,0.0,4.0,0.0,22
672515,2026,822900,2026-05-13,1.8,5.0,0.36,23
672515,2026,824360,2026-05-15,2.15,5.0,0.43,24
672515,2026,824358,2026-05-17,3.4,5.0,0.6799999999999999,25
672515,2026,825087,2026-05-18,2.9,5.0,0.58,26
672515,2026,825086,2026-05-19,0.7,4.0,0.175,27
672515,2026,825083,2026-05-21,1.6,4.0,0.4,28
672515,2026,825082,2026-05-22,0.0,4.0,0.0,29
672515,2026,825080,2026-05-23,0.9,4.0,0.225,30
672515,2026,823219,2026-05-25,2.7,4.0,0.675,31
672515,2026,823216,2026-05-26,1.6,4.0,0.4,32
672515,2026,823135,2026-05-29,3.05,5.0,0.61,33
672515,2026,823132,2026-05-30,0.0,4.0,0.0,34
672515,2026,823133,2026-05-31,1.6,2.0,0.8,35
672515,2026,825078,2026-06-01,0.0,3.0,0.0,36
672515,2026,825079,2026-06-02,2.3,5.0,0.45999999999999996,37
672515,2026,825077,2026-06-03,2.15,4.0,0.5375,38
672515,2026,825076,2026-06-04,0.7,4.0,0.175,39
672515,2026,825075,2026-06-06,0.7,4.0,0.175,40
672515,2026,825074,2026-06-07,2.9,4.0,0.725,41
672515,2026,823858,2026-06-09,3.4,5.0,0.6799999999999999,42
672515,2026,823856,2026-06-10,2.5,4.0,0.625,43
672515,2026,823855,2026-06-11,0.7,4.0,0.175,44
672515,2026,824507,2026-06-12,1.95,4.0,0.4875,45
672515,2026,824508,2026-06-13,2.85,5.0,0.5700000000000001,46
672515,2026,824506,2026-06-14,2.0,4.0,0.5,47
672515,2026,825071,2026-06-15,0.9,4.0,0.225,48
672515,2026,825072,2026-06-17,3.75,4.0,0.9375,49
672515,2026,825069,2026-06-19,1.8,5.0,0.36,50
672515,2026,825067,2026-06-21,1.6,4.0,0.4,51
672515,2026,823043,2026-06-23,0.9,4.0,0.225,52
672515,2026,823041,2026-06-24,2.3,5.0,0.45999999999999996,53
672515,2026,822962,2026-06-26,1.8,4.0,0.45,54
672515,2026,822960,2026-06-27,0.9,4.0,0.225,55
672515,2026,822959,2026-06-28,0.0,1.0,0.0,56
672515,2026,825065,2026-06-29,0.7,4.0,0.175,57
672515,2026,825066,2026-06-30,3.2,5.0,0.64,58
672515,2026,825064,2026-07-01,1.6,4.0,0.4,59
672515,2026,825062,2026-07-03,1.8,5.0,0.36,60
672515,2026,825063,2026-07-04,0.9,3.0,0.3,61
672515,2026,825061,2026-07-05,0.7,4.0,0.175,62
672515,2026,823282,2026-07-06,2.5,5.0,0.5,63
672515,2026,823280,2026-07-07,1.8,4.0,0.45,64
672515,2026,823279,2026-07-08,2.15,4.0,0.5375,65
672515,2026,823277,2026-07-09,0.9,4.0,0.225,66
672515,2026,823927,2026-07-10,2.15,5.0,0.43,67
672515,2026,823926,2026-07-11,3.2,5.0,0.64,68
672515,2026,823925,2026-07-12,1.6,4.0,0.4,69
672515,2026,825060,2026-07-17,2.15,4.0,0.5375,70
672515,2026,825059,2026-07-18,2.5,4.0,0.625,71
672515,2026,825057,2026-07-19,0.7,5.0,0.13999999999999999,72
672515,2026,825058,2026-07-20,0.9,4.0,0.225,73
672515,2026,825056,2026-07-21,2.3,5.0,0.45999999999999996,74
672515,2026,825055,2026-07-22,2.7,5.0,0.54,75
672515,2026,823042,2026-07-23,3.05,5.0,0.61,76
672515,2026,822707,2026-07-24,1.8,5.0,0.36,77
672515,2026,822704,2026-07-25,0.9,4.0,0.225,78
672515,2026,822706,2026-07-26,2.5,4.0,0.625,79
672515,2026,823353,2026-07-27,0.7,5.0,0.13999999999999999,80
672515,2026,823350,2026-07-28,0.9,6.0,0.15,81
672515,2026,823351,2026-07-29,2.7,4.0,0.675,82
672515,2026,824407,2026-07-31,1.6,4.0,0.4,83
672515,2026,824405,2026-08-01,0.0,6.0,0.0,84
672515,2026,824404,2026-08-02,0.0,4.0,0.0,85
672515,2026,825052,2026-08-05,1.4,5.0,0.27999999999999997,86
672515,2026,825053,2026-08-06,3.05,4.0,0.7625,87
672515,2026,825051,2026-08-07,1.25,4.0,0.3125,88
672515,2026,825049,2026-08-08,1.8,5.0,0.36,89
672515,2026,825050,2026-08-09,1.25,4.0,0.3125,90
672515,2026,825048,2026-08-10,3.55,5.0,0.71,91
672515,2026,825046,2026-08-11,0.9,4.0,0.225,92
672515,2026,825047,2026-08-12,2.15,5.0,0.43,93
672515,2026,824882,2026-08-14,1.25,5.0,0.25,94
672515,2026,824884,2026-08-15,3.75,5.0,0.75,95
672515,2026,824880,2026-08-16,2.0,4.0,0.5,96
672515,2026,824725,2026-08-17,0.9,4.0,0.225,97
672515,2026,824723,2026-08-18,2.7,4.0,0.675,98
672515,2026,824722,2026-08-19,1.95,5.0,0.39,99
672515,2026,825045,2026-08-21,1.8,5.0,0.36,100
672515,2026,825044,2026-08-22,1.25,5.0,0.25,101
672515,2026,825043,2026-08-23,1.4,4.0,0.35,102
672515,2026,825041,2026-08-24,0.0,4.0,0.0,103
672515,2026,825042,2026-08-25,1.95,4.0,0.4875,104
672515,2026,823179,2026-08-27,2.7,4.0,0.675,105
672515,2026,823178,2026-08-28,0.0,5.0,0.0,106
672515,2026,823177,2026-08-29,2.5,4.0,0.625,107
672515,2026,825040,2026-08-31,2.15,5.0,0.43,108
672515,2026,825038,2026-09-01,0.0,4.0,0.0,109
672515,2026,825037,2026-09-02,0.9,3.0,0.3,110
672515,2026,824146,2026-09-04,3.4,4.0,0.85,111
672515,2026,824145,2026-09-05,2.15,5.0,0.43,112
672515,2026,824142,2026-09-06,1.25,4.0,0.3125,113
672515,2026,824062,2026-09-07,1.8,5.0,0.36,114
672515,2026,824063,2026-09-08,1.6,6.0,0.26666666666666666,115
672515,2026,824064,2026-09-09,0.0,1.0,0.0,116
672515,2026,825036,2026-09-11,1.8,5.0,0.36,117
672515,2026,825035,2026-09-12,1.8,4.0,0.45,118
672515,2026,825033,2026-09-13,2.0,5.0,0.4,119
672515,2026,825034,2026-09-14,2.3,5.0,0.45999999999999996,120
672515,2026,825030,2026-09-15,4.3,6.0,0.7166666666666667,121
672515,2026,825031,2026-09-16,4.15,4.0,1.0375,122
672515,2026,825032,2026-09-18,0.0,4.0,0.0,123
672515,2026,825029,2026-09-19,1.6,4.0,0.4,124
672515,2026,825028,2026-09-20,2.5,4.0,0.625,125
672515,2026,824302,2026-09-22,1.25,5.0,0.25,126
672515,2026,824301,2026-09-23,2.7,4.0,0.675,127
672515,2026,824298,2026-09-24,2.0,6.0,0.3333333333333333,128
672515,2026,823248,2026-09-25,2.5,4.0,0.625,129
672515,2026,823245,2026-09-26,1.6,4.0,0.4,130
673237,2026,824218,2026-03-26,0.7,4.0,0.175,1
673237,2026,824216,2026-03-27,0.9,4.0,0.225,2
673237,2026,824213,2026-03-28,0.9,5.0,0.18,3
673237,2026,824214,2026-03-30,0.9,4.0,0.225,4
673237,2026,824212,2026-03-31,0.0,4.0,0.0,5
673237,2026,825026,2026-04-03,2.85,4.0,0.7125,6
673237,2026,825027,2026-04-04,3.4,6.0,0.5666666666666667,7
673237,2026,825025,2026-04-05,0.0,6.0,0.0,8
673237,2026,824376,2026-04-06,0.9,4.0,0.225,9
673237,2026,824375,2026-04-07,0.0,3.0,0.0,10
673237,2026,823155,2026-04-11,0.0,5.0,0.0,11
673237,2026,823154,2026-04-12,2.0,3.0,0.6666666666666666,12
673237,2026,823153,2026-04-13,0.9,3.0,0.3,13
673237,2026,824209,2026-04-15,0.0,4.0,0.0,14
673237,2026,824208,2026-04-16,0.0,4.0,0.0,15
673237,2026,824205,2026-04-19,1.25,4.0,0.3125,16
673237,2026,824450,2026-04-20,0.9,5.0,0.18,17
673237,2026,824448,2026-04-21,2.15,4.0,0.5375,18
673237,2026,824204,2026-04-24,2.9,4.0,0.725,19
673237,2026,824203,2026-04-25,0.9,4.0,0.225,20
673237,2026,824849,2026-04-28,2.15,4.0,0.5375,21
673237,2026,824848,2026-04-30,0.9,4.0,0.225,22
673237,2026,824850,2026-04-30,2.7,5.0,0.54,23
673237,2026,824772,2026-05-01,2.15,4.0,0.5375,24
673237,2026,824771,2026-05-02,0.0,5.0,0.0,25
673237,2026,824182,2026-06-16,1.6,4.0,0.4,26
673237,2026,824179,2026-06-19,1.25,4.0,0.3125,27
673237,2026,824180,2026-06-20,0.9,3.0,0.3,28
673237,2026,822800,2026-06-22,0.7,4.0,0.175,29
673237,2026,822799,2026-06-23,2.9,4.0,0.725,30
673237,2026,822798,2026-06-24,0.9,4.0,0.225,31
673237,2026,824255,2026-06-26,1.25,3.0,0.4166666666666667,32
673237,2026,824257,2026-06-27,1.8,5.0,0.36,33
673237,2026,824256,2026-06-28,0.0,5.0,0.0,34
673237,2026,824175,2026-06-30,1.6,4.0,0.4,35
673237,2026,824174,2026-07-01,0.0,4.0,0.0,36
673237,2026,824173,2026-07-03,0.0,3.0,0.0,37
673237,2026,824171,2026-07-04,2.0,4.0,0.5,38
673237,2026,822712,2026-07-06,2.9,4.0,0.725,39
673237,2026,822710,2026-07-08,1.25,4.0,0.3125,40
673237,2026,822878,2026-07-10,2.0,3.0,0.6666666666666666,41
673237,2026,822875,2026-07-11,1.25,4.0,0.3125,42
673237,2026,822876,2026-07-12,1.6,2.0,0.8,43
673237,2026,824169,2026-07-18,0.0,5.0,0.0,44
673237,2026,824168,2026-07-19,0.9,4.0,0.225,45
673237,2026,824167,2026-07-20,0.9,4.0,0.225,46
673237,2026,824166,2026-07-22,1.6,4.0,0.4,47
673237,2026,824571,2026-07-25,0.0,4.0,0.0,48
673237,2026,824572,2026-07-26,0.9,4.0,0.225,49
673237,2026,824002,2026-07-29,4.7,5.0,0.9400000000000001,50
673237,2026,824164,2026-07-31,4.7,5.0,0.9400000000000001,51
673237,2026,824162,2026-08-01,0.0,4.0,0.0,52
673237,2026,824160,2026-08-03,1.8,4.0,0.45,53
673237,2026,824161,2026-08-04,1.8,4.0,0.45,54
673237,2026,824158,2026-08-05,0.0,4.0,0.0,55
673237,2026,823266,2026-08-07,0.0,4.0,0.0,56
673237,2026,823267,2026-08-08,1.6,2.0,0.8,57
673237,2026,823268,2026-08-09,0.0,3.0,0.0,58
673237,2026,823186,2026-08-11,0.7,4.0,0.175,59
673237,2026,824157,2026-08-15,0.0,1.0,0.0,60
673237,2026,824156,2026-08-16,0.9,4.0,0.225,61
673237,2026,824154,2026-08-18,0.9,3.0,0.3,62
673237,2026,824153,2026-08-20,0.9,2.0,0.45,63
673237,2026,824152,2026-08-21,0.9,4.0,0.225,64
673237,2026,824151,2026-08-22,1.25,4.0,0.3125,65
673237,2026,824150,2026-08-23,0.0,1.0,0.0,66
673237,2026,823505,2026-08-25,5.6,5.0,1.1199999999999999,67
673237,2026,823503,2026-08-27,1.8,4.0,0.45,68
673237,2026,823583,2026-08-28,0.9,4.0,0.225,69
673237,2026,823580,2026-08-30,1.95,4.0,0.4875,70
673237,2026,824148,2026-09-01,0.0,4.0,0.0,71
673237,2026,824144,2026-09-03,1.25,4.0,0.3125,72
673237,2026,824146,2026-09-04,2.9,3.0,0.9666666666666667,73
673237,2026,824145,2026-09-05,1.8,4.0,0.45,74
673237,2026,824142,2026-09-06,0.0,1.0,0.0,75
673237,2026,823414,2026-09-08,1.8,5.0,0.36,76
673237,2026,823416,2026-09-09,2.15,4.0,0.5375,77
673237,2026,823413,2026-09-10,0.0,2.0,0.0,78
673237,2026,822930,2026-09-11,2.5,4.0,0.625,79
673237,2026,822927,2026-09-12,2.7,4.0,0.675,80
673237,2026,822928,2026-09-13,0.7,4.0,0.175,81
673237,2026,824143,2026-09-15,0.7,3.0,0.2333333333333333,82
673237,2026,824140,2026-09-16,2.9,4.0,0.725,83
673237,2026,824141,2026-09-17,0.9,4.0,0.225,84
673237,2026,824138,2026-09-18,0.0,1.0,0.0,85
673237,2026,824137,2026-09-19,1.25,4.0,0.3125,86
673237,2026,824139,2026-09-20,2.9,4.0,0.725,87
673237,2026,823089,2026-09-22,1.8,5.0,0.36,88
673237,2026,823086,2026-09-23,3.6,5.0,0.72,89
673237,2026,824950,2026-09-24,0.0,4.0,0.0,90
673237,2026,824947,2026-09-25,2.15,4.0,0.5375,91
673237,2026,824949,2026-09-26,1.8,5.0,0.36,92
673237,2026,824948,2026-09-27,2.15,5.0,0.43,93
686668,2026,823893,2026-03-27,0.0,4.0,0.0,1
686668,2026,823892,2026-03-28,0.7,4.0,0.175,2
686668,2026,823891,2026-03-29,0.9,4.0,0.225,3
686668,2026,822834,2026-03-30,2.15,3.0,0.7166666666666667,4
686668,2026,822836,2026-03-31,1.6,3.0,0.5333333333333333,5
686668,2026,822835,2026-04-01,0.0,4.0,0.0,6
686668,2026,824377,2026-04-03,0.9,4.0,0.225,7
686668,2026,824378,2026-04-04,0.0,3.0,0.0,8
686668,2026,824379,2026-04-05,0.0,1.0,0.0,9
686668,2026,824376,2026-04-06,1.6,4.0,0.4,10
686668,2026,824374,2026-04-08,0.9,5.0,0.18,11
686668,2026,823319,2026-04-09,3.5999999999999996,5.0,0.72,12
686668,2026,823318,2026-04-10,0.9,4.0,0.225,13
686668,2026,823317,2026-04-12,0.7,3.0,0.2333333333333333,14
686668,2026,824210,2026-04-14,0.9,2.0,0.45,15
686668,2026,824209,2026-04-15,0.9,2.0,0.45,16
686668,2026,824208,2026-04-16,2.5,4.0,0.625,17
686668,2026,824373,2026-04-17,0.0,3.0,0.0,18
686668,2026,824372,2026-04-18,0.0,3.0,0.0,19
686668,2026,824370,2026-04-20,1.25,5.0,0.25,20
686668,2026,824369,2026-04-21,0.0,2.0,0.0,21
686668,2026,824367,2026-04-22,0.0,1.0,0.0,22
686668,2026,824368,2026-04-23,0.9,2.0,0.45,23
686668,2026,823638,2026-04-24,1.6,4.0,0.4,24
686668,2026,823637,2026-04-26,0.0,4.0,0.0,25
686668,2026,824525,2026-04-29,2.85,6.0,0.47500000000000003,26
686668,2026,824524,2026-04-30,0.7,1.0,0.7,27
686668,2026,824366,2026-05-01,0.9,1.0,0.9,28
686668,2026,824365,2026-05-02,0.0,4.0,0.0,29
686668,2026,824363,2026-05-04,0.0,2.0,0.0,30
686668,2026,823466,2026-05-08,0.7,4.0,0.175,31
686668,2026,823463,2026-05-10,0.0,3.0,0.0,32
686668,2026,823385,2026-05-12,0.0,1.0,0.0,33
686668,2026,823386,2026-05-13,0.9,2.0,0.45,34
686668,2026,823383,2026-05-14,0.0,4.0,0.0,35
686668,2026,824359,2026-05-16,2.15,4.0,0.5375,36
686668,2026,824357,2026-05-18,1.6,4.0,0.4,37
686668,2026,824325,2026-07-31,1.25,3.0,0.4166666666666667,38
686668,2026,824326,2026-08-01,1.6,4.0,0.4,39
686668,2026,824731,2026-08-04,0.9,2.0,0.45,40
686668,2026,824728,2026-08-05,0.0,1.0,0.0,41
686668,2026,824729,2026-08-06,0.9,2.0,0.45,42
686668,2026,824566,2026-08-07,0.0,4.0,0.0,43
686668,2026,824564,2026-08-09,2.15,5.0,0.43,44
686668,2026,824563,2026-08-11,2.0,3.0,0.6666666666666666,45
686668,2026,824562,2026-08-12,0.9,4.0,0.225,46
686668,2026,824561,2026-08-13,0.9,4.0,0.225,47
686668,2026,824237,2026-08-14,0.0,2.0,0.0,48
686668,2026,824236,2026-08-16,0.0,2.0,0.0,49
686668,2026,824641,2026-08-17,0.0,3.0,0.0,50
686668,2026,824589,2026-08-20,0.0,1.0,0.0,51
686668,2026,824559,2026-08-21,0.2,3.0,0.06666666666666667,52
686668,2026,824557,2026-08-24,0.0,1.0,0.0,53
686668,2026,824556,2026-08-25,1.8,5.0,0.36,54
686668,2026,824555,2026-08-26,2.9,4.0,0.725,55
686668,2026,823665,2026-08-29,0.0,1.0,0.0,56
686668,2026,823662,2026-08-30,0.0,3.0,0.0,57
686668,2026,824149,2026-08-31,0.0,2.0,0.0,58
686668,2026,824148,2026-09-01,0.0,1.0,0.0,59
686668,2026,824552,2026-09-06,0.0,1.0,0.0,60
686668,2026,823012,2026-09-11,0.9,2.0,0.45,61
686668,2026,823008,2026-09-13,0.0,2.0,0.0,62
686668,2026,824384,2026-09-15,2.5,3.0,0.8333333333333334,63
686668,2026,824382,2026-09-16,0.9,4.0,0.225,64
686668,2026,824548,2026-09-17,1.8,4.0,0.45,65
686668,2026,824547,2026-09-18,2.15,4.0,0.5375,66
686668,2026,824545,2026-09-19,0.9,3.0,0.3,67
686668,2026,824546,2026-09-20,0.9,4.0,0.225,68
686668,2026,824061,2026-09-22,2.9,5.0,0.58,69
686668,2026,824059,2026-09-24,0.0,2.0,0.0,70
686668,2026,824543,2026-09-26,2.0,2.0,1.0,71
686668,2026,824542,2026-09-27,2.0,4.0,0.5,72
686765,2026,824923,2026-05-17,1.25,4.0,0.3125,1
686765,2026,824114,2026-05-18,1.6,4.0,0.4,2
686765,2026,824112,2026-05-19,0.9,4.0,0.225,3
686765,2026,824111,2026-05-20,1.6,4.0,0.4,4
686765,2026,824761,2026-05-22,2.5,4.0,0.625,5
686765,2026,824760,2026-05-23,1.4,4.0,0.35,6
686765,2026,824759,2026-05-24,1.6,4.0,0.4,7
686765,2026,824758,2026-05-26,1.25,4.0,0.3125,8
686765,2026,824756,2026-05-27,1.1,3.0,0.3666666666666667,9
686765,2026,824757,2026-05-28,0.0,3.0,0.0,10
686765,2026,824431,2026-05-30,0.0,2.0,0.0,11
686765,2026,824973,2026-07-29,1.8,5.0,0.36,12
686765,2026,823922,2026-07-31,2.3,6.0,0.3833333333333333,13
686765,2026,823920,2026-08-01,0.7,3.0,0.2333333333333333,14
686765,2026,823919,2026-08-02,1.6,5.0,0.32,15
686765,2026,824731,2026-08-04,2.85,5.0,0.5700000000000001,16
686765,2026,824728,2026-08-05,0.7,4.0,0.175,17
686765,2026,824729,2026-08-06,1.8,6.0,0.3,18
686765,2026,824727,2026-08-07,1.6,5.0,0.32,19
686765,2026,824726,2026-08-08,3.4,4.0,0.85,20
686765,2026,824724,2026-08-09,0.9,5.0,0.18,21
686765,2026,822780,2026-08-10,1.6,5.0,0.32,22
686765,2026,822778,2026-08-11,2.3,4.0,0.575,23
686765,2026,822779,2026-08-12,0.9,4.0,0.225,24
686765,2026,822776,2026-08-13,0.7,5.0,0.13999999999999999,25
686765,2026,823346,2026-08-14,1.8,5.0,0.36,26
686765,2026,823347,2026-08-15,0.7,4.0,0.175,27
686765,2026,823344,2026-08-16,0.0,4.0,0.0,28
686765,2026,824725,2026-08-17,2.5,5.0,0.5,29
686765,2026,824723,2026-08-18,2.7,4.0,0.675,30
686765,2026,824722,2026-08-19,3.6,5.0,0.72,31
686765,2026,824721,2026-08-21,1.6,5.0,0.32,32
686765,2026,824718,2026-08-22,3.55,5.0,0.71,33
686765,2026,824720,2026-08-23,3.95,4.0,0.9875,34
686765,2026,823828,2026-08-24,0.9,5.0,0.18,35
686765,2026,823826,2026-08-25,0.7,5.0,0.13999999999999999,36
686765,2026,823825,2026-08-26,0.0,4.0,0.0,37
686765,2026,823504,2026-08-28,0.0,5.0,0.0,38
686765,2026,823539,2026-08-29,2.15,4.0,0.5375,39
686765,2026,823501,2026-08-29,2.0,4.0,0.5,40
686765,2026,823502,2026-08-30,0.9,3.0,0.3,41
686765,2026,824719,2026-08-31,2.35,4.0,0.5875,42
686765,2026,824716,2026-09-01,0.9,3.0,0.3,43
686765,2026,824717,2026-09-02,0.0,4.0,0.0,44
686765,2026,824796,2026-09-03,2.7,4.0,0.675,45
686765,2026,824797,2026-09-04,0.7,4.0,0.175,46
686765,2026,824795,2026-09-05,2.5,5.0,0.5,47
686765,2026,824794,2026-09-06,0.0,4.0,0.0,48
686765,2026,824714,2026-09-08,1.8,4.0,0.45,49
686765,2026,824713,2026-09-09,0.9,4.0,0.225,50
686765,2026,824711,2026-09-11,0.0,4.0,0.0,51
686765,2026,824712,2026-09-12,3.2,4.0,0.8,52
686765,2026,824708,2026-09-13,0.7,4.0,0.175,53
686765,2026,822849,2026-09-15,2.2,3.0,0.7333333333333334,54
686765,2026,822846,2026-09-16,0.9,2.0,0.45,55
686765,2026,822845,2026-09-17,0.0,4.0,0.0,56
686765,2026,822923,2026-09-18,0.9,5.0,0.18,57
686765,2026,822921,2026-09-19,0.9,4.0,0.225,58
686765,2026,822922,2026-09-20,0.0,4.0,0.0,59
686765,2026,824709,2026-09-22,2.15,5.0,0.43,60
686765,2026,824710,2026-09-23,1.8,4.0,0.45,61
686765,2026,824707,2026-09-24,0.9,4.0,0.225,62
686765,2026,824706,2026-09-25,0.9,4.0,0.225,63
686765,2026,824703,2026-09-25,0.7,4.0,0.175,64
686765,2026,824705,2026-09-27,1.6,4.0,0.4,65
694497,2026,823486,2026-03-26,0.0,2.0,0.0,1
694497,2026,823488,2026-03-28,0.9,4.0,0.225,2
694497,2026,823487,2026-03-29,1.4,2.0,0.7,3
694497,2026,824863,2026-03-30,2.15,5.0,0.43,4
694497,2026,824861,2026-03-31,1.95,4.0,0.4875,5
694497,2026,824860,2026-04-01,0.0,2.0,0.0,6
694497,2026,822919,2026-04-03,1.25,4.0,0.3125,7
694497,2026,822920,2026-04-04,2.3,4.0,0.575,8
694497,2026,822917,2026-04-05,0.9,4.0,0.225,9
694497,2026,822918,2026-04-06,0.0,3.0,0.0,10
694497,2026,822916,2026-04-07,0.9,3.0,0.3,11
694497,2026,822915,2026-04-08,0.0,3.0,0.0,12
694497,2026,823968,2026-04-10,2.7,4.0,0.675,13
694497,2026,823967,2026-04-11,0.7,3.0,0.2333333333333333,14
694497,2026,823966,2026-04-12,3.4000000000000004,5.0,0.68,15
694497,2026,825024,2026-04-13,0.7,5.0,0.13999999999999999,16
694497,2026,825022,2026-04-14,0.0,1.0,0.0,17
694497,2026,825021,2026-04-15,0.7,4.0,0.175,18
694497,2026,825023,2026-04-16,0.2,2.0,0.1,19
694497,2026,823152,2026-04-17,1.1,4.0,0.275,20
694497,2026,823151,2026-04-18,1.4,5.0,0.27999999999999997,21
694497,2026,823150,2026-04-19,1.25,4.0,0.3125,22
694497,2026,822914,2026-04-21,1.6,4.0,0.4,23
694497,2026,822913,2026-04-22,0.9,4.0,0.225,24
694497,2026,822912,2026-04-23,2.9,4.0,0.725,25
694497,2026,822909,2026-04-24,0.9,4.0,0.225,26
694497,2026,822910,2026-04-25,0.7,3.0,0.2333333333333333,27
694497,2026,822911,2026-04-26,1.6,3.0,0.5333333333333333,28
694497,2026,822906,2026-04-27,0.0,2.0,0.0,29
694497,2026,822908,2026-04-28,0.0,2.0,0.0,30
694497,2026,822907,2026-04-29,0.0,4.0,0.0,31
694497,2026,824287,2026-05-01,0.7,3.0,0.2333333333333333,32
694497,2026,824284,2026-05-02,0.0,4.0,0.0,33
694497,2026,824285,2026-05-03,0.0,4.0,0.0,34
694497,2026,823553,2026-05-05,2.65,5.0,0.53,35
694497,2026,823550,2026-05-06,2.0,4.0,0.5,36
694497,2026,823551,2026-05-07,0.9,4.0,0.225,37
694497,2026,822904,2026-05-08,1.4,4.0,0.35,38
694497,2026,822905,2026-05-09,1.4,4.0,0.35,39
694497,2026,822902,2026-05-10,2.0,4.0,0.5,40
694497,2026,822901,2026-05-11,0.0,2.0,0.0,41
694497,2026,822903,2026-05-12,0.0,4.0,0.0,42
694497,2026,822900,2026-05-13,1.8,4.0,0.45,43
694497,2026,824194,2026-05-15,0.0,3.0,0.0,44
694497,2026,824193,2026-05-16,1.4,3.0,0.4666666666666666,45
694497,2026,824192,2026-05-17,0.0,5.0,0.0,46
694497,2026,824357,2026-05-18,0.0,2.0,0.0,47
694497,2026,824356,2026-05-19,0.9,5.0,0.18,48
694497,2026,824355,2026-05-20,0.0,1.0,0.0,49
694497,2026,824029,2026-05-22,1.6,2.0,0.8,50
694497,2026,824030,2026-05-23,0.7,4.0,0.175,51
694497,2026,822899,2026-05-25,0.0,2.0,0.0,52
694497,2026,822898,2026-05-26,4.5,4.0,1.125,53
694497,2026,822897,2026-05-27,0.7,4.0,0.175,54
694497,2026,822896,2026-05-28,0.7,4.0,0.175,55
694497,2026,822894,2026-05-29,1.95,4.0,0.4875,56
694497,2026,823050,2026-06-01,0.0,4.0,0.0,57
694497,2026,823052,2026-06-02,1.6,4.0,0.4,58
694497,2026,823051,2026-06-03,0.0,2.0,0.0,59
694497,2026,822892,2026-06-05,0.0,1.0,0.0,60
694497,2026,822891,2026-06-06,0.0,3.0,0.0,61
694497,2026,822890,2026-06-07,0.9,1.0,0.9,62
694497,2026,824105,2026-06-09,0.9,4.0,0.225,63
694497,2026,824103,2026-06-10,2.3,5.0,0.45999999999999996,64
694497,2026,824101,2026-06-11,0.9,4.0,0.225,65
694497,2026,824752,2026-06-12,0.0,2.0,0.0,66
694497,2026,822795,2026-06-28,0.0,2.0,0.0,67
694497,2026,824420,2026-06-29,2.0,3.0,0.6666666666666666,68
694497,2026,824418,2026-06-30,0.0,4.0,0.0,69
694497,2026,822884,2026-07-02,2.9,2.0,1.45,70
694497,2026,822882,2026-07-04,2.3,3.0,0.7666666666666666,71
694497,2026,822879,2026-07-05,0.0,4.0,0.0,72
694497,2026,822881,2026-07-07,0.7,2.0,0.35,73
694497,2026,822880,2026-07-08,0.7,4.0,0.175,74
694497,2026,822877,2026-07-09,0.0,1.0,0.0,75
694497,2026,822878,2026-07-10,0.8999999999999999,3.0,0.3,76
694497,2026,822875,2026-07-11,1.8,4.0,0.45,77
694497,2026,822876,2026-07-12,1.25,3.0,0.4166666666666667,78
694497,2026,824901,2026-07-17,0.0,1.0,0.0,79
694497,2026,824899,2026-07-18,3.6,5.0,0.72,80
694497,2026,824897,2026-07-19,0.0,2.0,0.0,81
694497,2026,822874,2026-07-20,0.9,4.0,0.225,82
694497,2026,822871,2026-07-21,0.0,1.0,0.0,83
694497,2026,822872,2026-07-24,0.7,4.0,0.175,84
694497,2026,822869,2026-07-25,2.65,4.0,0.6625,85
694497,2026,822870,2026-07-26,1.6,4.0,0.4,86
694497,2026,822868,2026-07-27,2.15,4.0,0.5375,87
694497,2026,822949,2026-07-28,2.5,4.0,0.625,88
694497,2026,822947,2026-07-29,0.0,1.0,0.0,89
694497,2026,822946,2026-07-30,0.0,1.0,0.0,90
694497,2026,824164,2026-07-31,1.8,4.0,0.45,91
694497,2026,824162,2026-08-01,1.4,4.0,0.35,92
694497,2026,824163,2026-08-02,1.1,3.0,0.3666666666666667,93
694497,2026,822867,2026-08-03,0.0,4.0,0.0,94
694497,2026,822865,2026-08-04,0.0,4.0,0.0,95
694497,2026,822866,2026-08-05,0.7,4.0,0.175,96
694497,2026,822863,2026-08-07,0.2,2.0,0.1,97
694497,2026,822864,2026-08-08,0.9,3.0,0.3,98
694497,2026,822862,2026-08-09,0.0,1.0,0.0,99
694497,2026,823998,2026-08-10,0.0,2.0,0.0,100
694497,2026,823997,2026-08-11,0.0,4.0,0.0,101
694497,2026,823994,2026-08-12,0.9,2.0,0.45,102
694497,2026,823995,2026-08-13,0.9,4.0,0.225,103
694497,2026,824968,2026-08-14,0.9,4.0,0.225,104
694497,2026,824966,2026-08-15,1.25,4.0,0.3125,105
694497,2026,824965,2026-08-16,1.25,3.0,0.4166666666666667,106
694497,2026,822859,2026-08-18,0.0,4.0,0.0,107
694497,2026,822860,2026-08-19,0.9,2.0,0.45,108
694497,2026,822861,2026-08-20,0.0,3.0,0.0,109
694497,2026,822857,2026-08-21,2.15,4.0,0.5375,110
694497,2026,822858,2026-08-22,0.0,3.0,0.0,111
694497,2026,824557,2026-08-24,1.95,5.0,0.39,112
694497,2026,824555,2026-08-26,0.9,2.0,0.45,113
694497,2026,823744,2026-08-28,0.0,2.0,0.0,114
694497,2026,823741,2026-08-29,0.0,2.0,0.0,115
694497,2026,823740,2026-08-30,0.0,5.0,0.0,116
694497,2026,822855,2026-08-31,0.0,2.0,0.0,117
694497,2026,822854,2026-09-01,1.1,3.0,0.3666666666666667,118
694497,2026,822851,2026-09-02,0.0,1.0,0.0,119
694497,2026,822853,2026-09-03,1.6,2.0,0.8,120
694497,2026,822852,2026-09-04,1.6,4.0,0.4,121
694497,2026,822850,2026-09-05,2.0,4.0,0.5,122
694497,2026,822848,2026-09-06,0.0,3.0,0.0,123
694497,2026,823092,2026-09-08,1.8,5.0,0.36,124
694497,2026,823090,2026-09-09,0.0,2.0,0.0,125
694497,2026,823088,2026-09-10,1.4,4.0,0.35,126
694497,2026,825036,2026-09-11,0.7,4.0,0.175,127
694497,2026,825035,2026-09-12,0.9,1.0,0.9,128
694497,2026,825033,2026-09-13,0.0,2.0,0.0,129
694497,2026,822849,2026-09-15,0.0,2.0,0.0,130
694497,2026,822845,2026-09-17,0.2,2.0,0.1,131
694497,2026,822847,2026-09-18,0.9,4.0,0.225,132
694497,2026,822843,2026-09-19,0.0,4.0,0.0,133
694497,2026,822844,2026-09-20,2.7,4.0,0.675,134
694497,2026,822841,2026-09-23,0.0,3.0,0.0,135
694497,2026,822842,2026-09-24,0.7,1.0,0.7,136
694497,2026,823652,2026-09-25,0.0,3.0,0.0,137
694497,2026,823653,2026-09-26,2.15,4.0,0.5375,138
694497,2026,823650,2026-09-27,0.2,1.0,0.2,139
695578,2026,824704,2026-03-26,0.0,5.0,0.0,1
695578,2026,824701,2026-03-28,2.0,4.0,0.5,2
695578,2026,824700,2026-03-29,0.7,5.0,0.13999999999999999,3
695578,2026,823484,2026-03-30,3.55,6.0,0.5916666666666667,4
695578,2026,823485,2026-03-31,1.25,5.0,0.25,5
695578,2026,823483,2026-04-01,0.0,5.0,0.0,6
695578,2026,822758,2026-04-03,1.95,5.0,0.39,7
695578,2026,822757,2026-04-04,0.0,5.0,0.0,8
695578,2026,822756,2026-04-05,2.7,5.0,0.54,9
695578,2026,822755,2026-04-06,4.3,5.0,0.86,10
695578,2026,822754,2026-04-07,3.6,5.0,0.72,11
695578,2026,822753,2026-04-08,1.8,4.0,0.45,12
695578,2026,823808,2026-04-10,4.3,5.0,0.86,13
695578,2026,823805,2026-04-11,3.55,5.0,0.71,14
695578,2026,823804,2026-04-12,2.7,4.0,0.675,15
695578,2026,823400,2026-04-13,1.6,4.0,0.4,16
695578,2026,823398,2026-04-14,1.4,5.0,0.27999999999999997,17
695578,2026,823399,2026-04-15,0.0,4.0,0.0,18
695578,2026,823396,2026-04-16,1.8,6.0,0.3,19
695578,2026,822752,2026-04-17,2.0,5.0,0.4,20
695578,2026,822751,2026-04-18,2.7,4.0,0.675,21
695578,2026,822750,2026-04-19,0.7,4.0,0.175,22
695578,2026,822749,2026-04-20,0.0,4.0,0.0,23
695578,2026,822747,2026-04-21,4.1,5.0,0.82,24
695578,2026,822748,2026-04-22,3.6,4.0,0.9,25
695578,2026,822745,2026-04-23,2.0,4.0,0.5,26
695578,2026,824611,2026-04-24,2.0999999999999996,5.0,0.41999999999999993,27
695578,2026,824613,2026-04-25,0.7,5.0,0.13999999999999999,28
695578,2026,824612,2026-04-26,0.9,3.0,0.3,29
695578,2026,823636,2026-04-28,0.7,4.0,0.175,30
695578,2026,823633,2026-04-29,2.85,6.0,0.47500000000000003,31
695578,2026,823634,2026-04-30,0.7,4.0,0.175,32
695578,2026,822744,2026-05-01,0.0,4.0,0.0,33
695578,2026,822746,2026-05-02,1.8,4.0,0.45,34
695578,2026,822742,2026-05-03,0.0,4.0,0.0,35
695578,2026,822743,2026-05-05,1.25,4.0,0.3125,36
695578,2026,822740,2026-05-06,2.5,5.0,0.5,37
695578,2026,822741,2026-05-07,2.65,4.0,0.6625,38
695578,2026,823871,2026-05-08,0.0,5.0,0.0,39
695578,2026,823869,2026-05-09,4.65,5.0,0.93,40
695578,2026,823868,2026-05-10,1.25,4.0,0.3125,41
695578,2026,824521,2026-05-12,2.7,5.0,0.54,42
695578,2026,824519,2026-05-13,0.7,5.0,0.13999999999999999,43
695578,2026,824517,2026-05-14,0.0,3.0,0.0,44
695578,2026,822739,2026-05-15,0.9,4.0,0.225,45
695578,2026,822737,2026-05-16,2.65,5.0,0.53,46
695578,2026,822738,2026-05-17,1.6,4.0,0.4,47
695578,2026,822734,2026-05-18,3.05,6.0,0.5083333333333333,48
695578,2026,822736,2026-05-19,3.8,5.0,0.76,49
695578,2026,822735,2026-05-20,0.0,4.0,0.0,50
695578,2026,822733,2026-05-21,1.25,4.0,0.3125,51
695578,2026,824922,2026-05-22,1.6,5.0,0.32,52
695578,2026,824920,2026-05-23,2.3,4.0,0.575,53
695578,2026,824921,2026-05-24,1.4,4.0,0.35,54
695578,2026,824437,2026-05-25,4.7,5.0,0.9400000000000001,55
695578,2026,824434,2026-05-26,4.5,5.0,0.9,56
695578,2026,824432,2026-05-27,1.95,4.0,0.4875,57
695578,2026,822732,2026-05-29,1.4,5.0,0.27999999999999997,58
695578,2026,822731,2026-05-30,0.9,5.0,0.18,59
695578,2026,822729,2026-05-31,2.7,4.0,0.675,60
695578,2026,822730,2026-06-01,0.9,4.0,0.225,61
695578,2026,822728,2026-06-02,0.0,4.0,0.0,62
695578,2026,822727,2026-06-03,0.7,4.0,0.175,63
695578,2026,825073,2026-06-05,3.6,5.0,0.72,64
695578,2026,825075,2026-06-06,1.6,5.0,0.32,65
695578,2026,825074,2026-06-07,1.4,4.0,0.35,66
695578,2026,823218,2026-06-08,0.9,4.0,0.225,67
695578,2026,823214,2026-06-09,2.7,5.0,0.54,68
695578,2026,823215,2026-06-10,2.7,5.0,0.54,69
695578,2026,822726,2026-06-12,2.9,4.0,0.725,70
695578,2026,822725,2026-06-13,1.6,5.0,0.32,71
695578,2026,822722,2026-06-14,4.85,5.0,0.97,72
695578,2026,822724,2026-06-15,1.95,4.0,0.4875,73
695578,2026,822723,2026-06-16,0.9,5.0,0.18,74
695578,2026,822721,2026-06-17,0.0,4.0,0.0,75
695578,2026,822966,2026-06-19,0.0,4.0,0.0,76
695578,2026,822967,2026-06-20,1.25,5.0,0.25,77
695578,2026,822968,2026-06-21,0.7,4.0,0.175,78
695578,2026,822720,2026-06-22,2.15,4.0,0.5375,79
695578,2026,822718,2026-06-23,0.0,5.0,0.0,80
695578,2026,822719,2026-06-24,0.0,5.0,0.0,81
695578,2026,822717,2026-06-25,0.0,5.0,0.0,82
695578,2026,824824,2026-06-26,1.25,4.0,0.3125,83
695578,2026,824825,2026-06-27,0.7,5.0,0.13999999999999999,84
695578,2026,824821,2026-06-28,2.3,5.0,0.45999999999999996,85
695578,2026,824741,2026-06-29,2.0,4.0,0.5,86
695578,2026,824742,2026-06-30,3.05,5.0,0.61,87
695578,2026,824740,2026-07-01,4.3,6.0,0.7166666666666667,88
695578,2026,822714,2026-07-03,2.85,5.0,0.5700000000000001,89
695578,2026,822716,2026-07-04,3.4,4.0,0.85,90
695578,2026,822715,2026-07-05,1.4,5.0,0.27999999999999997,91
695578,2026,822712,2026-07-06,4.1,5.0,0.82,92
695578,2026,822713,2026-07-07,3.6,5.0,0.72,93
695578,2026,822710,2026-07-08,2.0999999999999996,5.0,0.41999999999999993,94
695578,2026,822709,2026-07-10,4.15,5.0,0.8300000000000001,95
695578,2026,822711,2026-07-11,3.8,5.0,0.76,96
695578,2026,822708,2026-07-12,3.4000000000000004,4.0,0.8500000000000001,97
695578,2026,824981,2026-07-17,1.6,6.0,0.26666666666666666,98
695578,2026,824979,2026-07-18,0.0,4.0,0.0,99
695578,2026,824978,2026-07-19,0.0,5.0,0.0,100
695578,2026,824328,2026-07-20,1.6,5.0,0.32,101
695578,2026,824329,2026-07-21,2.5,5.0,0.5,102
695578,2026,824327,2026-07-22,0.0,5.0,0.0,103
695578,2026,822707,2026-07-24,0.9,4.0,0.225,104
695578,2026,822704,2026-07-25,0.9,5.0,0.18,105
695578,2026,822706,2026-07-26,4.0,4.0,1.0,106
695578,2026,822705,2026-07-27,2.3,5.0,0.45999999999999996,107
695578,2026,822703,2026-07-28,0.7,5.0,0.13999999999999999,108
695578,2026,822702,2026-07-29,2.85,5.0,0.5700000000000001,109
695578,2026,824894,2026-07-30,2.0999999999999996,5.0,0.41999999999999993,110
695578,2026,824892,2026-07-31,0.9,5.0,0.18,111
695578,2026,824890,2026-08-01,0.7,4.0,0.175,112
695578,2026,824891,2026-08-02,0.0,4.0,0.0,113
695578,2026,823431,2026-08-03,0.9,4.0,0.225,114
695578,2026,822686,2026-09-02,0.9,4.0,0.225,115
695578,2026,823905,2026-09-04,2.5,5.0,0.5,116
695578,2026,823904,2026-09-05,1.6,5.0,0.32,117
695578,2026,823903,2026-09-06,2.3,4.0,0.575,118
695578,2026,823254,2026-09-07,1.25,4.0,0.3125,119
695578,2026,823250,2026-09-08,0.0,4.0,0.0,120
695578,2026,823251,2026-09-09,1.6,4.0,0.4,121
695578,2026,822684,2026-09-11,1.6,4.0,0.4,122
695578,2026,822685,2026-09-12,1.6,5.0,0.32,123
695578,2026,822682,2026-09-13,2.5,5.0,0.5,124
695578,2026,822683,2026-09-15,0.0,1.0,0.0,125
695578,2026,822680,2026-09-16,0.0,4.0,0.0,126
695578,2026,823005,2026-09-18,1.95,4.0,0.4875,127
695578,2026,823003,2026-09-19,1.8,5.0,0.36,128
695578,2026,823001,2026-09-20,0.0,4.0,0.0,129
695578,2026,824221,2026-09-21,0.9,4.0,0.225,130
695578,2026,824222,2026-09-22,0.9,4.0,0.225,131
695578,2026,824223,2026-09-23,0.0,4.0,0.0,132
695578,2026,822681,2026-09-25,3.2,5.0,0.64,133
695578,2026,822678,2026-09-26,1.8,4.0,0.45,134
695578,2026,822679,2026-09-27,0.7,4.0,0.175,135
695238,2026,823290,2026-06-09,1.6,3.0,0.5333333333333333,1
695238,2026,823287,2026-06-10,2.85,3.0,0.9500000000000001,2
695238,2026,824826,2026-06-12,1.4,4.0,0.35,3
695238,2026,824828,2026-06-13,0.9,2.0,0.45,4
695238,2026,824823,2026-06-14,1.6,2.0,0.8,5
695238,2026,823046,2026-06-15,0.0,2.0,0.0,6
695238,2026,823045,2026-06-16,0.0,3.0,0.0,7
695238,2026,823044,2026-06-17,0.9,3.0,0.3,8
695238,2026,822886,2026-06-19,1.8,3.0,0.6,9
695238,2026,822885,2026-06-20,0.0,1.0,0.0,10
695238,2026,822883,2026-06-21,0.0,3.0,0.0,11
695238,2026,823288,2026-06-22,1.6,3.0,0.5333333333333333,12
695238,2026,823286,2026-06-23,0.7,3.0,0.2333333333333333,13
695238,2026,823285,2026-06-26,1.4,3.0,0.4666666666666666,14
695238,2026,823283,2026-06-27,0.9,4.0,0.225,15
695238,2026,823281,2026-06-28,0.0,1.0,0.0,16
686948,2026,824946,2026-03-27,2.7,5.0,0.54,1
686948,2026,824945,2026-03-28,0.7,4.0,0.175,2
686948,2026,824944,2026-03-29,2.9,4.0,0.725,3
686948,2026,824943,2026-03-30,0.9,4.0,0.225,4
686948,2026,824942,2026-03-31,2.7,5.0,0.54,5
686948,2026,824940,2026-04-01,2.85,4.0,0.7125,6
686948,2026,825105,2026-04-02,0.9,6.0,0.15,7
686948,2026,825103,2026-04-03,0.9,4.0,0.225,8
686948,2026,825104,2026-04-04,0.7,4.0,0.175,9
686948,2026,825102,2026-04-05,3.8,5.0,0.76,10
686948,2026,824052,2026-04-06,2.9,4.0,0.725,11
686948,2026,824051,2026-04-07,1.8,5.0,0.36,12
686948,2026,824050,2026-04-08,1.6,5.0,0.32,13
686948,2026,824941,2026-04-10,2.15,5.0,0.43,14
686948,2026,824939,2026-04-11,1.6,4.0,0.4,15
686948,2026,824938,2026-04-12,0.0,5.0,0.0,16
686948,2026,824937,2026-04-13,1.6,5.0,0.32,17
686948,2026,824935,2026-04-14,2.15,4.0,0.5375,18
686948,2026,824936,2026-04-15,1.8,4.0,0.45,19
686948,2026,823476,2026-04-17,1.8,5.0,0.36,20
686948,2026,823474,2026-04-18,0.9,5.0,0.18,21
686948,2026,823475,2026-04-19,0.7,5.0,0.13999999999999999,22
686948,2026,822749,2026-04-20,2.85,5.0,0.5700000000000001,23
686948,2026,822747,2026-04-21,2.7,5.0,0.54,24
686948,2026,822748,2026-04-22,3.6,4.0,0.9,25
686948,2026,822745,2026-04-23,1.6,5.0,0.32,26
686948,2026,824932,2026-04-24,0.9,5.0,0.18,27
686948,2026,824933,2026-04-25,1.6,5.0,0.32,28
686948,2026,824934,2026-04-26,2.5,4.0,0.625,29
686948,2026,824931,2026-04-28,0.0,4.0,0.0,30
686948,2026,824930,2026-04-29,1.8,4.0,0.45,31
686948,2026,824929,2026-04-30,0.9,3.0,0.3,32
686948,2026,824366,2026-05-01,0.7,5.0,0.13999999999999999,33
686948,2026,824365,2026-05-02,4.85,5.0,0.97,34
686948,2026,824364,2026-05-03,1.8,5.0,0.36,35
686948,2026,823143,2026-05-04,2.7,5.0,0.54,36
686948,2026,823142,2026-05-05,0.0,4.0,0.0,37
686948,2026,823141,2026-05-06,0.9,4.0,0.225,38
686948,2026,823957,2026-05-08,1.4,5.0,0.27999999999999997,39
686948,2026,823955,2026-05-09,2.3,5.0,0.45999999999999996,40
686948,2026,823954,2026-05-10,2.0,4.0,0.5,41
686948,2026,824927,2026-05-12,1.25,4.0,0.3125,42
686948,2026,824928,2026-05-13,2.0,4.0,0.5,43
686948,2026,824926,2026-05-14,0.9,4.0,0.225,44
686948,2026,824925,2026-05-15,3.6,4.0,0.9,45
686948,2026,824924,2026-05-16,3.6,4.0,0.9,46
686948,2026,824923,2026-05-17,1.4,5.0,0.27999999999999997,47
686948,2026,823867,2026-05-18,1.6,3.0,0.5333333333333333,48
686948,2026,824912,2026-06-16,2.0,5.0,0.4,49
686948,2026,824913,2026-06-17,0.9,5.0,0.18,50
686948,2026,824910,2026-06-19,0.0,4.0,0.0,51
686948,2026,824909,2026-06-20,0.0,4.0,0.0,52
686948,2026,824908,2026-06-21,0.0,4.0,0.0,53
686948,2026,823288,2026-06-22,0.0,4.0,0.0,54
686948,2026,823286,2026-06-23,0.7,5.0,0.13999999999999999,55
686948,2026,823284,2026-06-24,0.0,2.0,0.0,56
686948,2026,823206,2026-06-26,0.7,4.0,0.175,57
686948,2026,823207,2026-06-27,0.0,4.0,0.0,58
686948,2026,823204,2026-06-28,0.0,4.0,0.0,59
686948,2026,824907,2026-06-30,0.9,5.0,0.18,60
686948,2026,824905,2026-07-01,1.6,4.0,0.4,61
686948,2026,824906,2026-07-02,1.6,5.0,0.32,62
686948,2026,824904,2026-07-03,0.0,4.0,0.0,63
686948,2026,824903,2026-07-04,0.7,5.0,0.13999999999999999,64
686948,2026,824902,2026-07-05,3.5999999999999996,5.0,0.72,65
686948,2026,824900,2026-07-06,2.5,5.0,0.5,66
686948,2026,823361,2026-07-07,0.7,3.0,0.2333333333333333,67
686948,2026,823360,2026-07-08,0.9,4.0,0.225,68
686948,2026,823359,2026-07-09,2.5,5.0,0.5,69
686948,2026,823033,2026-07-10,0.0,4.0,0.0,70
686948,2026,823030,2026-07-11,1.6,4.0,0.4,71
686948,2026,823029,2026-07-12,2.3,5.0,0.45999999999999996,72
686948,2026,824901,2026-07-17,4.5,5.0,0.9,73
686948,2026,824899,2026-07-18,1.8,5.0,0.36,74
686948,2026,824897,2026-07-19,6.7,5.0,1.34,75
686948,2026,824898,2026-07-20,0.0,4.0,0.0,76
686948,2026,824895,2026-07-21,2.0999999999999996,5.0,0.41999999999999993,77
686948,2026,824896,2026-07-22,3.2,5.0,0.64,78
686948,2026,824893,2026-07-23,2.0,4.0,0.5,79
686948,2026,824812,2026-07-24,2.0,5.0,0.4,80
686948,2026,824811,2026-07-25,0.9,4.0,0.225,81
686948,2026,824810,2026-07-26,3.2,5.0,0.64,82
686948,2026,823597,2026-07-27,0.9,4.0,0.225,83
686948,2026,823596,2026-07-29,2.15,4.0,0.5375,84
686948,2026,823598,2026-07-29,1.8,4.0,0.45,85
686948,2026,824894,2026-07-30,0.7,4.0,0.175,86
686948,2026,824892,2026-07-31,0.0,5.0,0.0,87
686948,2026,824890,2026-08-01,1.6,5.0,0.32,88
686948,2026,824891,2026-08-02,0.7,4.0,0.175,89
686948,2026,824888,2026-08-04,0.0,4.0,0.0,90
686948,2026,824889,2026-08-05,1.8,4.0,0.45,91
686948,2026,824885,2026-08-06,1.8,5.0,0.36,92
686948,2026,823515,2026-08-07,1.8,4.0,0.45,93
686948,2026,823514,2026-08-08,0.9,5.0,0.18,94
686948,2026,823513,2026-08-09,0.0,4.0,0.0,95
686948,2026,824887,2026-08-10,2.15,5.0,0.43,96
686948,2026,824886,2026-08-11,0.7,4.0,0.175,97
686948,2026,824883,2026-08-12,2.7,4.0,0.675,98
686948,2026,824882,2026-08-14,0.9,4.0,0.225,99
686948,2026,824884,2026-08-15,1.25,4.0,0.3125,100
686948,2026,824880,2026-08-16,1.6,4.0,0.4,101
686948,2026,823668,2026-08-17,2.15,5.0,0.43,102
686948,2026,823667,2026-08-18,2.9,4.0,0.725,103
686948,2026,823664,2026-08-19,0.0,5.0,0.0,104
686948,2026,824589,2026-08-20,0.0,4.0,0.0,105
686948,2026,823746,2026-08-21,0.0,4.0,0.0,106
686948,2026,823743,2026-08-22,1.4,4.0,0.35,107
686948,2026,823745,2026-08-23,1.25,4.0,0.3125,108
686948,2026,824881,2026-08-25,1.8,4.0,0.45,109
686948,2026,824878,2026-08-26,4.1,5.0,0.82,110
686948,2026,824879,2026-08-27,2.0,4.0,0.5,111
686948,2026,824877,2026-08-28,1.8,5.0,0.36,112
686948,2026,824874,2026-08-29,0.9,4.0,0.225,113
686948,2026,824876,2026-08-30,1.8,5.0,0.36,114
686948,2026,824911,2026-08-31,2.15,4.0,0.5375,115
686948,2026,822687,2026-09-01,1.25,4.0,0.3125,116
686948,2026,822686,2026-09-02,0.7,5.0,0.13999999999999999,117
686948,2026,823418,2026-09-04,0.9,5.0,0.18,118
686948,2026,823419,2026-09-05,1.8,4.0,0.45,119
686948,2026,823417,2026-09-06,2.15,5.0,0.43,120
686948,2026,823415,2026-09-07,0.0,4.0,0.0,121
686948,2026,824875,2026-09-08,0.9,4.0,0.225,122
686948,2026,824871,2026-09-09,2.7,4.0,0.675,123
686948,2026,824872,2026-09-10,0.9,4.0,0.225,124
686948,2026,824873,2026-09-11,2.85,6.0,0.47500000000000003,125
686948,2026,824870,2026-09-12,1.25,5.0,0.25,126
686948,2026,824869,2026-09-13,0.9,5.0,0.18,127
686948,2026,824629,2026-09-14,2.5,4.0,0.625,128
686948,2026,824627,2026-09-15,2.9,5.0,0.58,129
686948,2026,824626,2026-09-16,0.0,4.0,0.0,130
686948,2026,824138,2026-09-18,2.85,5.0,0.5700000000000001,131
686948,2026,824137,2026-09-19,3.05,5.0,0.61,132
686948,2026,824139,2026-09-20,1.6,5.0,0.32,133
686948,2026,824867,2026-09-22,2.5,4.0,0.625,134
686948,2026,824868,2026-09-23,0.7,5.0,0.13999999999999999,135
686948,2026,824866,2026-09-24,2.15,5.0,0.43,136
686948,2026,823816,2026-09-25,0.0,4.0,0.0,137
686948,2026,823813,2026-09-26,3.8,5.0,0.76,138
687637,2026,824862,2026-03-28,0.0,2.0,0.0,1
687637,2026,824864,2026-03-29,1.25,4.0,0.3125,2
687637,2026,824863,2026-03-30,0.0,3.0,0.0,3
687637,2026,824860,2026-04-01,3.8,5.0,0.76,4
687637,2026,823406,2026-04-03,1.8,4.0,0.45,5
687637,2026,823404,2026-04-04,0.9,4.0,0.225,6
687637,2026,823405,2026-04-05,0.9,4.0,0.225,7
687637,2026,824618,2026-04-07,0.0,2.0,0.0,8
687637,2026,824617,2026-04-08,1.4,4.0,0.35,9
687637,2026,824858,2026-04-10,0.7,3.0,0.2333333333333333,10
687637,2026,824857,2026-04-11,1.6,3.0,0.5333333333333333,11
687637,2026,824859,2026-04-12,0.0,3.0,0.0,12
687637,2026,824856,2026-04-13,0.9,4.0,0.225,13
687637,2026,824853,2026-04-14,0.7,4.0,0.175,14
687637,2026,824454,2026-04-17,2.3,5.0,0.45999999999999996,15
687637,2026,824451,2026-04-18,0.0,4.0,0.0,16
687637,2026,824452,2026-04-19,0.9,2.0,0.45,17
687637,2026,824125,2026-04-20,0.9,5.0,0.18,18
687637,2026,824123,2026-04-22,2.5,5.0,0.5,19
687637,2026,824854,2026-04-24,3.8,5.0,0.76,20
687637,2026,824852,2026-04-26,0.0,3.0,0.0,21
687637,2026,824849,2026-04-28,0.2,2.0,0.1,22
687637,2026,824850,2026-04-30,0.9,5.0,0.18,23
687637,2026,824848,2026-04-30,1.4,4.0,0.35,24
687637,2026,823557,2026-05-01,0.0,3.0,0.0,25
687637,2026,823554,2026-05-02,0.7,2.0,0.35,26
687637,2026,823552,2026-05-04,0.9,4.0,0.225,27
687637,2026,823873,2026-05-05,0.7,4.0,0.175,28
687637,2026,823872,2026-05-06,1.95,3.0,0.65,29
687637,2026,823870,2026-05-07,2.85,4.0,0.7125,30
687637,2026,824846,2026-05-08,0.0,1.0,0.0,31
687637,2026,824847,2026-05-09,1.95,4.0,0.4875,32
687637,2026,824845,2026-05-10,2.15,4.0,0.5375,33
687637,2026,824821,2026-06-28,0.7,3.0,0.2333333333333333,34
687637,2026,824822,2026-06-29,0.0,4.0,0.0,35
687637,2026,824819,2026-06-30,1.25,4.0,0.3125,36
687637,2026,824498,2026-07-03,0.0,3.0,0.0,37
687637,2026,824497,2026-07-05,0.7,1.0,0.7,38
687637,2026,824820,2026-07-07,0.0,2.0,0.0,39
687637,2026,824815,2026-07-08,2.15,3.0,0.7166666666666667,40
687637,2026,824817,2026-07-10,0.9,3.0,0.3,41
687637,2026,824814,2026-07-12,1.6,5.0,0.32,42
687637,2026,824170,2026-07-17,0.0,3.0,0.0,43
687637,2026,824169,2026-07-18,2.15,3.0,0.7166666666666667,44
687637,2026,824168,2026-07-19,2.85,5.0,0.5700000000000001,45
687637,2026,824736,2026-07-20,0.0,1.0,0.0,46
687637,2026,824732,2026-07-22,1.8,4.0,0.45,47
687637,2026,824735,2026-07-22,0.0,1.0,0.0,48
687637,2026,824812,2026-07-24,1.6,5.0,0.32,49
687637,2026,824811,2026-07-25,2.5,5.0,0.5,50
687637,2026,824810,2026-07-26,0.7,5.0,0.13999999999999999,51
687637,2026,824245,2026-07-27,0.9,3.0,0.3,52
687637,2026,824243,2026-07-28,0.0,4.0,0.0,53
687637,2026,824242,2026-07-29,0.9,2.0,0.45,54
687637,2026,824809,2026-07-31,1.95,4.0,0.4875,55
687637,2026,824808,2026-08-01,0.9,1.0,0.9,56
687637,2026,824807,2026-08-02,0.9,3.0,0.3,57
687637,2026,824805,2026-08-04,0.0,3.0,0.0,58
687637,2026,824806,2026-08-05,0.0,1.0,0.0,59
687637,2026,824804,2026-08-06,1.6,4.0,0.4,60
687637,2026,822863,2026-08-07,0.9,3.0,0.3,61
687637,2026,822864,2026-08-08,0.0,4.0,0.0,62
687637,2026,822862,2026-08-09,1.6,5.0,0.32,63
687637,2026,823675,2026-08-10,0.0,3.0,0.0,64
687637,2026,823672,2026-08-12,2.0,3.0,0.6666666666666666,65
687637,2026,822942,2026-08-14,1.8,2.0,0.9,66
687637,2026,822941,2026-08-15,0.0,2.0,0.0,67
687637,2026,822940,2026-08-16,0.0,5.0,0.0,68
687637,2026,824803,2026-08-18,0.0,1.0,0.0,69
687637,2026,824801,2026-08-19,2.7,4.0,0.675,70
687637,2026,824802,2026-08-20,2.0,3.0,0.6666666666666666,71
687637,2026,824800,2026-08-21,2.0,3.0,0.6666666666666666,72
687637,2026,824798,2026-08-22,1.25,1.0,1.25,73
687637,2026,824799,2026-08-23,0.0,3.0,0.0,74
687637,2026,823016,2026-08-25,2.85,5.0,0.5700000000000001,75
687637,2026,823015,2026-08-26,2.85,5.0,0.5700000000000001,76
687637,2026,823014,2026-08-27,1.4,4.0,0.35,77
687637,2026,824960,2026-08-28,0.9,3.0,0.3,78
687637,2026,824961,2026-08-29,0.9,4.0,0.225,79
687637,2026,824959,2026-08-30,0.0,1.0,0.0,80
687637,2026,824314,2026-08-31,1.25,3.0,0.4166666666666667,81
687637,2026,824313,2026-09-01,1.25,4.0,0.3125,82
687637,2026,824312,2026-09-02,0.9,5.0,0.18,83
687637,2026,824796,2026-09-03,0.7,4.0,0.175,84
687637,2026,824795,2026-09-05,0.9,4.0,0.225,85
687637,2026,824794,2026-09-06,0.0,1.0,0.0,86
687637,2026,824793,2026-09-07,1.25,4.0,0.3125,87
687637,2026,824792,2026-09-08,0.0,4.0,0.0,88
687637,2026,824791,2026-09-09,2.15,5.0,0.43,89
687637,2026,822767,2026-09-11,2.9,5.0,0.58,90
687637,2026,822768,2026-09-12,0.9,5.0,0.18,91
687637,2026,822764,2026-09-13,2.85,5.0,0.5700000000000001,92
687637,2026,823575,2026-09-14,0.0,5.0,0.0,93
687637,2026,823574,2026-09-15,0.7,2.0,0.35,94
687637,2026,823576,2026-09-16,0.0,4.0,0.0,95
687637,2026,824790,2026-09-18,1.6,6.0,0.26666666666666666,96
687637,2026,824789,2026-09-20,0.0,4.0,0.0,97
687637,2026,824787,2026-09-21,0.0,4.0,0.0,98
687637,2026,824784,2026-09-23,0.0,4.0,0.0,99
687637,2026,824785,2026-09-23,1.6,4.0,0.4,100
687637,2026,823491,2026-09-25,3.4,6.0,0.5666666666666667,101
687637,2026,823489,2026-09-25,2.0,5.0,0.4,102
514888,2026,824218,2026-03-26,0.7,4.0,0.175,1
514888,2026,824216,2026-03-27,1.6,4.0,0.4,2
514888,2026,824213,2026-03-28,1.6,5.0,0.32,3
514888,2026,824215,2026-03-29,2.65,5.0,0.53,4
514888,2026,824214,2026-03-30,6.5,5.0,1.3,5
514888,2026,824212,2026-03-31,1.4,4.0,0.35,6
514888,2026,824211,2026-04-01,0.9,4.0,0.225,7
514888,2026,825026,2026-04-03,0.7,2.0,0.35,8
514888,2026,825027,2026-04-04,1.6,5.0,0.32,9
514888,2026,825025,2026-04-05,3.55,6.0,0.5916666666666667,10
514888,2026,824376,2026-04-06,3.4,5.0,0.6799999999999999,11
514888,2026,824375,2026-04-07,0.0,4.0,0.0,12
514888,2026,824374,2026-04-08,0.9,4.0,0.225,13
514888,2026,823156,2026-04-10,0.0,4.0,0.0,14
514888,2026,823155,2026-04-11,0.9,4.0,0.225,15
514888,2026,823154,2026-04-12,3.05,4.0,0.7625,16
514888,2026,823153,2026-04-13,0.0,4.0,0.0,17
514888,2026,824210,2026-04-14,0.9,5.0,0.18,18
514888,2026,824208,2026-04-16,2.85,5.0,0.5700000000000001,19
514888,2026,824207,2026-04-17,2.0,5.0,0.4,20
514888,2026,824206,2026-04-18,0.7,5.0,0.13999999999999999,21
514888,2026,824205,2026-04-19,2.7,5.0,0.54,22
514888,2026,824450,2026-04-20,0.0,5.0,0.0,23
514888,2026,824448,2026-04-21,0.0,5.0,0.0,24
514888,2026,824449,2026-04-22,0.0,4.0,0.0,25
514888,2026,824204,2026-04-24,2.15,3.0,0.7166666666666667,26
514888,2026,824203,2026-04-25,0.7,4.0,0.175,27
514888,2026,824849,2026-04-28,0.0,5.0,0.0,28
514888,2026,824848,2026-04-30,2.5,4.0,0.625,29
514888,2026,824772,2026-05-01,0.0,3.0,0.0,30
514888,2026,824771,2026-05-02,1.25,5.0,0.25,31
514888,2026,824769,2026-05-03,1.45,4.0,0.3625,32
514888,2026,824201,2026-05-04,0.9,4.0,0.225,33
514888,2026,824200,2026-05-05,0.0,4.0,0.0,34
514888,2026,824522,2026-05-08,1.95,3.0,0.65,35
514888,2026,824523,2026-05-09,0.9,4.0,0.225,36
514888,2026,824520,2026-05-10,0.9,3.0,0.3,37
514888,2026,824199,2026-05-11,2.7,5.0,0.54,38
514888,2026,824197,2026-05-12,1.6,4.0,0.4,39
514888,2026,824195,2026-05-13,0.7,5.0,0.13999999999999999,40
514888,2026,824196,2026-05-14,0.0,4.0,0.0,41
514888,2026,824193,2026-05-16,2.0,4.0,0.5,42
514888,2026,824186,2026-06-05,0.9,4.0,0.225,43
514888,2026,824184,2026-06-06,2.7,3.0,0.9,44
514888,2026,824183,2026-06-07,0.0,1.0,0.0,45
514888,2026,824025,2026-06-08,0.0,5.0,0.0,46
514888,2026,824023,2026-06-09,0.7,3.0,0.2333333333333333,47
514888,2026,824022,2026-06-10,0.0,4.0,0.0,48
514888,2026,824102,2026-06-12,1.6,5.0,0.32,49
514888,2026,824100,2026-06-13,2.9,4.0,0.725,50
514888,2026,824181,2026-06-15,2.0,4.0,0.5,51
514888,2026,824182,2026-06-16,0.0,4.0,0.0,52
514888,2026,824178,2026-06-17,0.0,4.0,0.0,53
514888,2026,824179,2026-06-19,3.25,4.0,0.8125,54
514888,2026,824180,2026-06-20,1.8,4.0,0.45,55
514888,2026,824177,2026-06-21,0.0,4.0,0.0,56
514888,2026,822800,2026-06-22,1.6,4.0,0.4,57
514888,2026,822799,2026-06-23,3.05,6.0,0.5083333333333333,58
514888,2026,822798,2026-06-24,1.6,5.0,0.32,59
514888,2026,824258,2026-06-25,0.0,4.0,0.0,60
514888,2026,824255,2026-06-26,1.8,3.0,0.6,61
514888,2026,824257,2026-06-27,0.9,5.0,0.18,62
514888,2026,824176,2026-06-29,0.0,4.0,0.0,63
514888,2026,824175,2026-06-30,0.7,4.0,0.175,64
514888,2026,824174,2026-07-01,1.6,5.0,0.32,65
514888,2026,824173,2026-07-03,0.0,4.0,0.0,66
514888,2026,824171,2026-07-04,4.25,5.0,0.85,67
514888,2026,824172,2026-07-05,2.5,4.0,0.625,68
514888,2026,822712,2026-07-06,2.0,5.0,0.4,69
514888,2026,822713,2026-07-07,2.0,5.0,0.4,70
514888,2026,822710,2026-07-08,0.0,4.0,0.0,71
514888,2026,822878,2026-07-10,1.8,4.0,0.45,72
514888,2026,822875,2026-07-11,0.9,4.0,0.225,73
514888,2026,822876,2026-07-12,2.0,4.0,0.5,74
514888,2026,824170,2026-07-17,0.0,4.0,0.0,75
514888,2026,824169,2026-07-18,0.9,5.0,0.18,76
514888,2026,824168,2026-07-19,3.25,4.0,0.8125,77
514888,2026,824167,2026-07-20,0.9,4.0,0.225,78
514888,2026,824165,2026-07-21,0.0,4.0,0.0,79
514888,2026,824573,2026-07-24,1.8,4.0,0.45,80
514888,2026,824571,2026-07-25,0.0,4.0,0.0,81
514888,2026,824572,2026-07-26,0.0,4.0,0.0,82
514888,2026,824001,2026-07-27,0.9,5.0,0.18,83
514888,2026,824003,2026-07-28,1.8,4.0,0.45,84
514888,2026,824002,2026-07-29,1.8,5.0,0.36,85
514888,2026,824164,2026-07-31,0.0,4.0,0.0,86
514888,2026,824162,2026-08-01,1.4,4.0,0.35,87
514888,2026,824163,2026-08-02,1.8,5.0,0.36,88
514888,2026,824160,2026-08-03,1.8,4.0,0.45,89
514888,2026,824161,2026-08-04,2.7,4.0,0.675,90
514888,2026,824158,2026-08-05,2.9,5.0,0.58,91
514888,2026,823266,2026-08-07,2.65,5.0,0.53,92
514888,2026,823267,2026-08-08,0.9,4.0,0.225,93
514888,2026,823268,2026-08-09,0.0,3.0,0.0,94
514888,2026,823189,2026-08-10,0.0,5.0,0.0,95
514888,2026,823186,2026-08-11,0.7,1.0,0.7,96
514888,2026,824159,2026-08-14,1.8,5.0,0.36,97
514888,2026,824157,2026-08-15,2.5,4.0,0.625,98
514888,2026,824156,2026-08-16,1.6,4.0,0.4,99
514888,2026,824154,2026-08-18,1.6,4.0,0.4,100
514888,2026,824155,2026-08-19,1.25,4.0,0.3125,101
514888,2026,824153,2026-08-20,0.9,2.0,0.45,102
514888,2026,824152,2026-08-21,1.8,4.0,0.45,103
514888,2026,824151,2026-08-22,0.0,4.0,0.0,104
514888,2026,824150,2026-08-23,2.7,5.0,0.54,105
514888,2026,823505,2026-08-25,1.8,5.0,0.36,106
514888,2026,823506,2026-08-26,1.95,4.0,0.4875,107
514888,2026,823503,2026-08-27,0.0,4.0,0.0,108
514888,2026,823583,2026-08-28,1.6,4.0,0.4,109
514888,2026,823582,2026-08-29,1.25,4.0,0.3125,110
514888,2026,823580,2026-08-30,1.8,5.0,0.36,111
514888,2026,824148,2026-09-01,0.7,4.0,0.175,112
514888,2026,824147,2026-09-02,0.7,4.0,0.175,113
514888,2026,824144,2026-09-03,2.0,4.0,0.5,114
514888,2026,824146,2026-09-04,0.0,4.0,0.0,115
514888,2026,824145,2026-09-05,1.25,5.0,0.25,116
514888,2026,824142,2026-09-06,3.05,4.0,0.7625,117
514888,2026,823414,2026-09-08,0.0,5.0,0.0,118
514888,2026,823416,2026-09-09,1.25,4.0,0.3125,119
514888,2026,823413,2026-09-10,2.15,4.0,0.5375,120
514888,2026,822930,2026-09-11,0.9,4.0,0.225,121
514888,2026,822927,2026-09-12,1.95,4.0,0.4875,122
514888,2026,822928,2026-09-13,0.0,4.0,0.0,123
514888,2026,824143,2026-09-15,0.0,4.0,0.0,124
514888,2026,824140,2026-09-16,0.9,4.0,0.225,125
514888,2026,824141,2026-09-17,1.25,4.0,0.3125,126
514888,2026,824138,2026-09-18,0.9,4.0,0.225,127
514888,2026,824137,2026-09-19,2.7,4.0,0.675,128
514888,2026,824139,2026-09-20,2.9,4.0,0.725,129
514888,2026,823089,2026-09-22,1.8,5.0,0.36,130
514888,2026,823086,2026-09-23,1.8,5.0,0.36,131
514888,2026,824950,2026-09-24,0.0,4.0,0.0,132
514888,2026,824947,2026-09-25,0.0,4.0,0.0,133
514888,2026,824949,2026-09-26,2.5,5.0,0.5,134
514888,2026,824948,2026-09-27,0.9,5.0,0.18,135
